{"batch loss": 0.46146100759506226, "_timestamp": 1651765216, "_runtime": 1467, "_step": 649, "epoch": 24, "train/train_loss": 0.48953190326690676, "train/train_acc": 0.8044098984771574, "train/train_f1": 0.8031384219186691, "val/val_loss": 1.2623594601949055, "val/vaL_acc": 0.5555555555555556, "val/val_f1": 0.5539352365422799, "gradients/graph_4fc2.bias": {"_type": "histogram", "values": [1.0, 0.0, 1.0, 0.0, 0.0, 0.0, 0.0, 0.0, 0.0, 0.0, 0.0, 0.0, 0.0, 0.0, 0.0, 0.0, 0.0, 0.0, 0.0, 0.0, 0.0, 0.0, 0.0, 0.0, 0.0, 0.0, 0.0, 0.0, 0.0, 0.0, 0.0, 0.0, 0.0, 0.0, 0.0, 0.0, 0.0, 0.0, 0.0, 0.0, 0.0, 0.0, 0.0, 0.0, 0.0, 0.0, 0.0, 0.0, 0.0, 0.0, 0.0, 0.0, 0.0, 0.0, 0.0, 0.0, 0.0, 0.0, 0.0, 0.0, 0.0, 0.0, 0.0, 1.0], "bins": [-0.03788655623793602, -0.03618768975138664, -0.034488823264837265, -0.03278995677828789, -0.03109108842909336, -0.029392221942543983, -0.027693353593349457, -0.02599448710680008, -0.024295620620250702, -0.022596754133701324, -0.020897887647151947, -0.01919901929795742, -0.017500152811408043, -0.015801286324858665, -0.014102418906986713, -0.012403551489114761, -0.010704685002565384, -0.009005818516016006, -0.007306951098144054, -0.00560808414593339, -0.003909217193722725, -0.0022103507071733475, -0.0005114832893013954, 0.0011873841285705566, 0.002886250615119934, 0.004585117567330599, 0.006283984519541264, 0.007982851937413216, 0.009681718423962593, 0.01138058491051197, 0.013079452328383923, 0.014778319746255875, 0.016477182507514954, 0.01817604899406433, 0.01987491548061371, 0.021573783829808235, 0.023272650316357613, 0.02497151680290699, 0.026670385152101517, 0.028369251638650894, 0.03006811812520027, 0.03176698461174965, 0.033465851098299026, 0.035164717584848404, 0.03686358779668808, 0.03856245428323746, 0.040261320769786835, 0.04196018725633621, 0.04365905374288559, 0.04535792022943497, 0.047056786715984344, 0.04875565320253372, 0.0504545196890831, 0.05215338617563248, 0.05385225638747215, 0.05555112287402153, 0.05724998936057091, 0.058948855847120285, 0.06064772233366966, 0.06234658882021904, 0.06404545903205872, 0.0657443255186081, 0.06744319200515747, 0.06914205849170685, 0.07084092497825623]}, "gradients/graph_4fc2.weight": {"_type": "histogram", "values": [1.0, 1.0, 0.0, 3.0, 3.0, 1.0, 0.0, 1.0, 2.0, 4.0, 4.0, 7.0, 3.0, 11.0, 8.0, 16.0, 16.0, 20.0, 15.0, 19.0, 36.0, 51.0, 32.0, 38.0, 49.0, 65.0, 75.0, 65.0, 94.0, 93.0, 106.0, 89.0, 101.0, 104.0, 95.0, 78.0, 90.0, 77.0, 66.0, 47.0, 61.0, 54.0, 56.0, 55.0, 32.0, 36.0, 32.0, 24.0, 22.0, 21.0, 13.0, 10.0, 10.0, 4.0, 3.0, 6.0, 2.0, 5.0, 2.0, 2.0, 0.0, 0.0, 3.0, 1.0], "bins": [-0.028504682704806328, -0.02764345146715641, -0.026782220229506493, -0.025920988991856575, -0.025059757754206657, -0.02419852651655674, -0.023337295278906822, -0.022476064041256905, -0.021614832803606987, -0.02075360156595707, -0.019892370328307152, -0.019031139090657234, -0.018169907853007317, -0.0173086766153574, -0.01644744537770748, -0.015586214140057564, -0.014724982902407646, -0.013863751664757729, -0.013002520427107811, -0.012141289189457893, -0.011280057951807976, -0.010418826714158058, -0.00955759547650814, -0.008696364238858223, -0.007835133001208305, -0.006973901763558388, -0.00611267052590847, -0.0052514392882585526, -0.004390208050608635, -0.0035289768129587173, -0.0026677455753087997, -0.0018065143376588821, -0.0009452849626541138, -8.405372500419617e-05, 0.0007771775126457214, 0.001638408750295639, 0.0024996399879455566, 0.0033608712255954742, 0.004222102463245392, 0.0050833337008953094, 0.005944564938545227, 0.006805796176195145, 0.007667027413845062, 0.00852825865149498, 0.009389489889144897, 0.010250721126794815, 0.011111952364444733, 0.01197318360209465, 0.012834414839744568, 0.013695646077394485, 0.014556877315044403, 0.01541810855269432, 0.01627933979034424, 0.017140571027994156, 0.018001802265644073, 0.01886303350329399, 0.01972426474094391, 0.020585495978593826, 0.021446727216243744, 0.02230795845389366, 0.02316918969154358, 0.024030420929193497, 0.024891652166843414, 0.025752883404493332, 0.02661411464214325]}, "gradients/graph_4spatial.1.weight": {"_type": "histogram", "values": [1.0, 0.0, 0.0, 0.0, 0.0, 0.0, 0.0, 0.0, 0.0, 0.0, 0.0, 1.0, 1.0, 0.0, 1.0, 0.0, 0.0, 0.0, 0.0, 1.0, 0.0, 1.0, 1.0, 0.0, 1.0, 0.0, 1.0, 2.0, 0.0, 1.0, 0.0, 0.0, 1.0, 2.0, 0.0, 6.0, 2.0, 3.0, 1.0, 3.0, 2.0, 0.0, 1.0, 0.0, 2.0, 1.0, 0.0, 0.0, 0.0, 0.0, 1.0, 0.0, 0.0, 0.0, 0.0, 0.0, 0.0, 2.0, 0.0, 0.0, 0.0, 0.0, 0.0, 1.0], "bins": [-0.11401127278804779, -0.1107139140367508, -0.1074165552854538, -0.1041191965341568, -0.1008218377828598, -0.0975244790315628, -0.0942271277308464, -0.09092976897954941, -0.08763241022825241, -0.08433505147695541, -0.08103769272565842, -0.07774033397436142, -0.07444298267364502, -0.07114562392234802, -0.06784826517105103, -0.06455090641975403, -0.06125354766845703, -0.057956188917160034, -0.05465883016586304, -0.05136147513985634, -0.04806411638855934, -0.044766757637262344, -0.041469402611255646, -0.03817204385995865, -0.03487468510866165, -0.031577326357364655, -0.028279969468712807, -0.02498261258006096, -0.021685253828763962, -0.018387895077466965, -0.015090538188815117, -0.011793181300163269, -0.008495822548866272, -0.0051984647288918495, -0.001901106908917427, 0.0013962509110569954, 0.004693608731031418, 0.007990967482328415, 0.011288324370980263, 0.01458568125963211, 0.017883040010929108, 0.021180398762226105, 0.024477755650877953, 0.0277751125395298, 0.031072471290826797, 0.034369830042123795, 0.03766718506813049, 0.04096454381942749, 0.04426190257072449, 0.047559261322021484, 0.05085662007331848, 0.05415397509932518, 0.05745133385062218, 0.060748692601919174, 0.06404604762792587, 0.06734340637922287, 0.07064076513051987, 0.07393812388181686, 0.07723548263311386, 0.08053284138441086, 0.08383019268512726, 0.08712755143642426, 0.09042491018772125, 0.09372226893901825, 0.09701962769031525]}, "gradients/graph_4spatial.1.bias": {"_type": "histogram", "values": [1.0, 0.0, 0.0, 0.0, 0.0, 0.0, 0.0, 0.0, 0.0, 1.0, 0.0, 0.0, 2.0, 0.0, 0.0, 0.0, 0.0, 0.0, 0.0, 0.0, 1.0, 2.0, 1.0, 0.0, 0.0, 1.0, 0.0, 2.0, 0.0, 2.0, 2.0, 1.0, 0.0, 2.0, 3.0, 3.0, 1.0, 1.0, 2.0, 1.0, 1.0, 0.0, 2.0, 1.0, 0.0, 2.0, 1.0, 1.0, 0.0, 0.0, 0.0, 0.0, 0.0, 0.0, 0.0, 0.0, 0.0, 0.0, 1.0, 0.0, 1.0, 0.0, 0.0, 1.0], "bins": [-0.23680643737316132, -0.22978992760181427, -0.22277341783046722, -0.21575692296028137, -0.20874041318893433, -0.20172390341758728, -0.19470739364624023, -0.1876908838748932, -0.18067437410354614, -0.1736578643321991, -0.16664135456085205, -0.159624844789505, -0.15260834991931915, -0.1455918401479721, -0.13857533037662506, -0.13155882060527802, -0.12454232573509216, -0.11752581596374512, -0.11050931364297867, -0.10349280387163162, -0.09647630155086517, -0.08945979177951813, -0.08244328200817108, -0.07542677223682404, -0.06841026246547699, -0.06139375641942024, -0.054377250373363495, -0.04736074060201645, -0.0403442345559597, -0.033327728509902954, -0.026311218738555908, -0.01929471269249916, -0.01227821409702301, -0.005261707119643688, 0.0017547998577356339, 0.00877130776643753, 0.015787813812494278, 0.022804319858551025, 0.02982082962989807, 0.03683733567595482, 0.04385383427143097, 0.05087034031748772, 0.057886846363544464, 0.06490335613489151, 0.07191985845565796, 0.078936368227005, 0.08595287799835205, 0.0929693877696991, 0.09998589754104614, 0.10700240731239319, 0.11401890963315964, 0.12103541940450668, 0.12805192172527313, 0.13506843149662018, 0.14208494126796722, 0.14910145103931427, 0.15611794590950012, 0.16313445568084717, 0.1701509654521942, 0.17716747522354126, 0.1841839700937271, 0.19120047986507416, 0.1982169896364212, 0.20523349940776825, 0.2122500091791153]}, "gradients/graph_4spatial.0.weight": {"_type": "histogram",