{"train_acc": 0.5236106649534211, "train_loss": 46.25189286470413, "_timestamp": 1651737511, "_runtime": 78, "_step": 9, "train/train_loss": 46.25189286470413, "train/train_acc": [0.43061355605525214, 0.48939929328621906, 0.5576614198522326, 0.5623193061355606, 0.5236106649534211], "train/epoch": 4, "val/val_loss": 7.9863733649253845, "val/val_accuracy": 0.33076923076923076, "final_val_accuracy": 0.33076923076923076, "_wandb": {"runtime": 76}}