{"batch loss": 0.6919788122177124, "_timestamp": 1651821340, "_runtime": 808, "_step": 649, "epoch": 24, "train/train_loss": 0.73165452003479, "train/train_acc": 0.6868654822335025, "train/train_f1": 0.6868082134460614, "val/val_loss": 0.8751993974049886, "val/vaL_acc": 0.6111111111111112, "val/val_f1": 0.6077435585205389, "gradients/graph_63fc2.bias": {"_type": "histogram", "values": [1.0, 0.0, 0.0, 0.0, 0.0, 0.0, 0.0, 0.0, 0.0, 0.0, 0.0, 0.0, 0.0, 0.0, 0.0, 0.0, 0.0, 0.0, 0.0, 0.0, 0.0, 0.0, 0.0, 0.0, 0.0, 0.0, 0.0, 0.0, 0.0, 1.0, 0.0, 0.0, 0.0, 0.0, 0.0, 0.0, 0.0, 0.0, 0.0, 0.0, 0.0, 0.0, 0.0, 0.0, 0.0, 0.0, 0.0, 0.0, 0.0, 0.0, 0.0, 0.0, 0.0, 0.0, 0.0, 0.0, 0.0, 0.0, 0.0, 0.0, 0.0, 0.0, 0.0, 1.0], "bins": [-0.0596306249499321, -0.057726360857486725, -0.05582209303975105, -0.05391782894730568, -0.05201356112957001, -0.050109297037124634, -0.04820502921938896, -0.04630076512694359, -0.044396497309207916, -0.04249223321676254, -0.04058796539902687, -0.0386837013065815, -0.036779433488845825, -0.03487516939640045, -0.03297090157866478, -0.031066637486219406, -0.029162371531128883, -0.02725810557603836, -0.025353839620947838, -0.023449573665857315, -0.021545307710766792, -0.01964104175567627, -0.017736777663230896, -0.015832509845495224, -0.01392824575304985, -0.012023979797959328, -0.010119713842868805, -0.008215447887778282, -0.006311182398349047, -0.004406916908919811, -0.0025026509538292885, -0.0005983849987387657, 0.0013058818876743317, 0.0032101478427648544, 0.005114413797855377, 0.007018679287284613, 0.008922945708036423, 0.010827210731804371, 0.012731476686894894, 0.014635742641985416, 0.016540009528398514, 0.018444275483489037, 0.02034854143857956, 0.022252807393670082, 0.024157073348760605, 0.02606133744120598, 0.02796560525894165, 0.029869869351387024, 0.0317741334438324, 0.03367839753627777, 0.03558266535401344, 0.037486929446458817, 0.03939119726419449, 0.04129546135663986, 0.043199729174375534, 0.04510399326682091, 0.04700826108455658, 0.04891252517700195, 0.050816792994737625, 0.052721057087183, 0.05462532490491867, 0.056529588997364044, 0.058433856815099716, 0.06033812090754509, 0.06224238872528076]}, "gradients/graph_63fc2.weight": {"_type": "histogram", "values": [2.0, 1.0, 1.0, 1.0, 2.0, 0.0, 1.0, 0.0, 3.0, 6.0, 4.0, 5.0, 7.0, 11.0, 10.0, 10.0, 8.0, 4.0, 12.0, 20.0, 17.0, 22.0, 28.0, 37.0, 38.0, 47.0, 32.0, 44.0, 39.0, 48.0, 41.0, 37.0, 38.0, 43.0, 44.0, 40.0, 45.0, 39.0, 29.0, 38.0, 25.0, 31.0, 35.0, 21.0, 22.0, 19.0, 18.0, 15.0, 13.0, 13.0, 2.0, 3.0, 2.0, 2.0, 1.0, 2.0, 1.0, 0.0, 0.0, 0.0, 0.0, 0.0, 0.0, 1.0], "bins": [-0.048600658774375916, -0.04707750305533409, -0.04555434733629227, -0.04403119534254074, -0.04250803962349892, -0.04098488390445709, -0.039461731910705566, -0.03793857619166374, -0.03641542047262192, -0.03489226475358009, -0.03336910903453827, -0.03184595704078674, -0.03032280132174492, -0.028799645602703094, -0.02727649174630642, -0.025753337889909744, -0.02423018217086792, -0.022707026451826096, -0.02118387259542942, -0.019660718739032745, -0.01813756301999092, -0.016614407300949097, -0.015091253444552422, -0.013568098656833172, -0.012044943869113922, -0.010521789081394672, -0.008998634293675423, -0.007475479505956173, -0.005952324718236923, -0.0044291699305176735, -0.0029060151427984238, -0.001382860355079174, 0.00014029443264007568, 0.0016634492203593254, 0.003186604008078575, 0.004709758795797825, 0.006232913583517075, 0.007756068371236324, 0.009279223158955574, 0.010802377946674824, 0.012325532734394073, 0.013848687522113323, 0.015371842309832573, 0.016894996166229248, 0.018418151885271072, 0.019941307604312897, 0.021464461460709572, 0.022987615317106247, 0.02451077103614807, 0.026033926755189896, 0.02755708061158657, 0.029080234467983246, 0.03060339018702507, 0.032126545906066895, 0.03364969789981842, 0.035172853618860245, 0.03669600933790207, 0.03821916505694389, 0.03974232077598572, 0.041265472769737244, 0.04278862848877907, 0.04431178420782089, 0.04583493620157242, 0.04735809192061424, 0.04888124763965607]}, "gradients/graph_63spatial.1.weight": {"_type": "histogram", "values": [1.0, 0.0, 0.0, 1.0, 0.0, 0.0, 0.0, 0.0, 1.0, 0.0, 0.0, 1.0, 0.0, 0.0, 0.0, 0.0, 1.0, 0.0, 0.0, 0.0, 0.0, 0.0, 1.0, 0.0, 0.0, 1.0, 0.0, 0.0, 0.0, 0.0, 0.0, 0.0, 1.0, 0.0, 0.0, 0.0, 0.0, 1.0, 0.0, 1.0, 0.0, 0.0, 1.0, 0.0, 0.0, 0.0, 2.0, 1.0, 0.0, 0.0, 1.0, 0.0, 0.0, 0.0, 0.0, 1.0, 0.0, 0.0, 0.0, 0.0, 0.0, 1.0, 1.0, 2.0], "bins": [-0.0756731852889061, -0.07379399985074997, -0.07191482186317444, -0.07003563642501831, -0.06815645843744278, -0.06627727299928665, -0.06439809501171112, -0.06251890957355499, -0.06063973158597946, -0.05876054987311363, -0.0568813681602478, -0.05500218644738197, -0.053123004734516144, -0.051243823021650314, -0.049364641308784485, -0.04748545587062836, -0.04560627415776253, -0.0437270924448967, -0.04184791073203087, -0.03996872901916504, -0.03808954730629921, -0.03621036559343338, -0.03433118015527725, -0.03245200216770172, -0.030572816729545593, -0.028693635016679764, -0.026814453303813934, -0.024935271590948105, -0.023056089878082275, -0.021176908165216446, -0.019297724589705467, -0.017418542876839638, -0.015539359301328659, -0.01366017758846283, -0.011780995875597, -0.009901813231408596, -0.008022631518542767, -0.006143449805676937, -0.004264267161488533, -0.0023850854486227036, -0.0005059055984020233, 0.0013732763472944498, 0.003252458292990923, 0.00513164047151804, 0.007010822184383869, 0.008890003897249699, 0.010769186541438103, 0.012648368254303932, 0.014527551829814911, 0.01640673354268074, 0.01828591525554657, 0.0201650969684124, 0.02204427868127823, 0.023923460394144058, 0.025802643969655037, 0.027681825682520866, 0.029561007395386696, 0.031440190970897675, 0.033319372683763504, 0.035198554396629333, 0.03707773610949516, 0.03895691782236099, 0.04083609953522682, 0.04271528124809265, 0.04459446296095848]}, "gradients/graph_63spatial.1.bias": {"_type": "histogram", "values": [2.0, 0.0, 0.0, 0.0, 0.0, 0.0, 1.0, 0.0, 0.0, 2.0, 0.0, 0.0, 0.0, 1.0, 1.0, 0.0, 0.0, 0.0, 0.0, 0.0, 1.0, 0.0, 0.0, 0.0, 0.0, 0.0, 0.0, 0.0, 1.0, 0.0, 1.0, 1.0, 0.0, 0.0, 1.0, 0.0, 0.0, 0.0, 0.0, 1.0, 1.0, 1.0, 0.0, 1.0, 0.0, 0.0, 0.0, 0.0, 0.0, 1.0, 0.0, 0.0, 0.0, 0.0, 0.0, 1.0, 0.0, 0.0, 1.0, 0.0, 0.0, 0.0, 0.0, 1.0], "bins": [-0.1470736414194107, -0.14223496615886688, -0.13739630579948425, -0.13255763053894043, -0.1277189552783966, -0.12288028001785278, -0.11804161220788956, -0.11320294439792633, -0.10836426913738251, -0.10352559387683868, -0.09868692606687546, -0.09384825825691223, -0.08900958299636841, -0.08417090773582458, -0.07933223992586136, -0.07449357211589813, -0.06965489685535431, -0.06481622159481049, -0.05997755378484726, -0.055138882249593735, -0.05030021071434021, -0.045461539179086685, -0.04062286764383316, -0.035784196108579636, -0.03094552457332611, -0.026106853038072586, -0.02126818150281906, -0.016429509967565536, -0.011590838432312012, -0.006752166897058487, -0.0019134953618049622, 0.0029251761734485626, 0.007763847708702087, 0.012602519243955612, 0.017441190779209137, 0.022279862314462662, 0.027118533849716187, 0.03195720538496971, 0.036795876920223236, 0.04163454845547676, 0.046473219990730286, 0.05131189152598381, 0.056150563061237335, 0.06098923459649086, 0.06582790613174438, 0.07066658139228821, 0.07550524920225143, 0.08034391701221466, 0.08518259227275848, 0.09002126753330231, 0.09485993534326553, 0.09969860315322876, 0.10453727841377258, 0.1093759536743164, 0.11421462148427963, 0.11905328929424286, 0.12389196455478668, 0.1287306398153305, 0.13356930017471313, 0.13840797543525696, 0.14324665069580078, 0.1480853259563446, 0.15292400121688843, 0.15776266157627106, 0.16260133683681488]}, "gradients/graph_63spatial.0.weight": {"_type": "histogram",