{"batch loss": 0.6831324696540833, "_timestamp": 1651783136, "_runtime": 677, "_step": 649, "epoch": 24, "train/train_loss": 0.7231865072250366, "train/train_acc": 0.6886104060913706, "train/train_f1": 0.6882381206256258, "val/val_loss": 0.8078749974568685, "val/vaL_acc": 0.6424501424501424, "val/val_f1": 0.6440160563067047, "gradients/graph_23fc2.bias": {"_type": "histogram", "values": [1.0, 0.0, 0.0, 0.0, 0.0, 0.0, 0.0, 0.0, 0.0, 0.0, 1.0, 0.0, 0.0, 0.0, 0.0, 0.0, 0.0, 0.0, 0.0, 0.0, 0.0, 0.0, 0.0, 0.0, 0.0, 0.0, 0.0, 0.0, 0.0, 0.0, 0.0, 0.0, 0.0, 0.0, 0.0, 0.0, 0.0, 0.0, 0.0, 0.0, 0.0, 0.0, 0.0, 0.0, 0.0, 0.0, 0.0, 0.0, 0.0, 0.0, 0.0, 0.0, 0.0, 0.0, 0.0, 0.0, 0.0, 0.0, 0.0, 0.0, 0.0, 0.0, 0.0, 1.0], "bins": [-0.05286788567900658, -0.05073794350028038, -0.048607997596263885, -0.04647805541753769, -0.04434811323881149, -0.0422181710600853, -0.0400882288813591, -0.037958282977342606, -0.03582834079861641, -0.03369839861989021, -0.03156845271587372, -0.029438510537147522, -0.027308568358421326, -0.02517862617969513, -0.023048682138323784, -0.02091873809695244, -0.018788795918226242, -0.016658853739500046, -0.0145289096981287, -0.01239896658807993, -0.010269023478031158, -0.008139080367982388, -0.006009137257933617, -0.0038791941478848457, -0.0017492510378360748, 0.0003806920722126961, 0.002510635182261467, 0.004640578292310238, 0.006770521402359009, 0.00890046451240778, 0.01103040762245655, 0.013160350732505322, 0.015290290117263794, 0.01742023229598999, 0.019550176337361336, 0.02168012037873268, 0.023810062557458878, 0.025940004736185074, 0.02806994877755642, 0.030199892818927765, 0.03232983499765396, 0.03445977717638016, 0.036589719355106354, 0.03871966525912285, 0.040849607437849045, 0.04297954961657524, 0.045109495520591736, 0.04723943769931793, 0.04936937987804413, 0.051499322056770325, 0.05362926423549652, 0.055759210139513016, 0.05788915231823921, 0.06001909449696541, 0.0621490404009819, 0.0642789825797081, 0.0664089247584343, 0.06853886693716049, 0.07066880911588669, 0.07279875129461288, 0.07492870092391968, 0.07705864310264587, 0.07918858528137207, 0.08131852746009827, 0.08344846963882446]}, "gradients/graph_23fc2.weight": {"_type": "histogram", "values": [1.0, 1.0, 0.0, 4.0, 1.0, 2.0, 5.0, 6.0, 13.0, 12.0, 18.0, 20.0, 36.0, 51.0, 49.0, 44.0, 56.0, 37.0, 68.0, 48.0, 44.0, 37.0, 39.0, 29.0, 40.0, 26.0, 13.0, 5.0, 9.0, 4.0, 1.0, 1.0, 0.0, 0.0, 0.0, 0.0, 0.0, 2.0, 0.0, 3.0, 5.0, 9.0, 7.0, 16.0, 23.0, 32.0, 35.0, 33.0, 38.0, 25.0, 27.0, 26.0, 11.0, 12.0, 11.0, 14.0, 10.0, 4.0, 8.0, 2.0, 3.0, 3.0, 0.0, 1.0], "bins": [-0.04842659458518028, -0.04671141505241394, -0.0449962392449379, -0.043281059712171555, -0.04156588017940521, -0.03985070437192917, -0.03813552483916283, -0.036420345306396484, -0.03470516949892044, -0.0329899899661541, -0.031274814158678055, -0.029559634625911713, -0.02784445509314537, -0.026129277423024178, -0.024414099752902985, -0.022698920220136642, -0.0209837406873703, -0.019268563017249107, -0.017553383484482765, -0.015838205814361572, -0.014123027212917805, -0.012407848611474037, -0.010692670941352844, -0.008977492339909077, -0.007262315601110458, -0.005547136999666691, -0.0038319588638842106, -0.0021167807281017303, -0.0004016021266579628, 0.0013135764747858047, 0.0030287541449069977, 0.004743932746350765, 0.006459113210439682, 0.00817429181188345, 0.009889470413327217, 0.01160464808344841, 0.013319826684892178, 0.015035005286335945, 0.016750182956457138, 0.01846536248922348, 0.020180542021989822, 0.021895719692111015, 0.023610899224877357, 0.02532607689499855, 0.027041256427764893, 0.028756434097886086, 0.03047161176800728, 0.03218679130077362, 0.033901967108249664, 0.035617146641016006, 0.03733232244849205, 0.03904750198125839, 0.040762681514024734, 0.04247786104679108, 0.04419303685426712, 0.04590821638703346, 0.047623395919799805, 0.04933857545256615, 0.05105375126004219, 0.05276893079280853, 0.054484110325574875, 0.05619928985834122, 0.05791446566581726, 0.0596296451985836, 0.06134482100605965]}, "gradients/graph_23spatial.1.weight": {"_type": "histogram", "values": [1.0, 0.0, 0.0, 0.0, 0.0, 0.0, 0.0, 0.0, 1.0, 0.0, 0.0, 0.0, 1.0, 0.0, 2.0, 0.0, 0.0, 0.0, 1.0, 0.0, 0.0, 0.0, 0.0, 0.0, 0.0, 1.0, 0.0, 1.0, 1.0, 1.0, 0.0, 1.0, 0.0, 0.0, 0.0, 0.0, 0.0, 0.0, 1.0, 0.0, 1.0, 1.0, 0.0, 0.0, 0.0, 0.0, 0.0, 0.0, 0.0, 0.0, 0.0, 1.0, 1.0, 0.0, 1.0, 1.0, 0.0, 0.0, 0.0, 0.0, 0.0, 0.0, 0.0, 2.0], "bins": [-0.09889709204435349, -0.0960659459233284, -0.09323479235172272, -0.09040364623069763, -0.08757250010967255, -0.08474135398864746, -0.08191020041704178, -0.0790790542960167, -0.07624790072441101, -0.07341675460338593, -0.07058560103178024, -0.06775445491075516, -0.06492330878973007, -0.06209215894341469, -0.059261009097099304, -0.05642986297607422, -0.05359871685504913, -0.05076756700873375, -0.047936420887708664, -0.04510527104139328, -0.042274124920368195, -0.03944297507405281, -0.03661182522773743, -0.03378067910671234, -0.03094952553510666, -0.028118377551436424, -0.02528722956776619, -0.022456079721450806, -0.01962493173778057, -0.016793783754110336, -0.013962633907794952, -0.011131485924124718, -0.008300341665744781, -0.0054691932164132595, -0.0026380447670817375, 0.00019310414791107178, 0.0030242521315813065, 0.005855400115251541, 0.008686549961566925, 0.01151769794523716, 0.014348842203617096, 0.01717999018728733, 0.020011138170957565, 0.02284228801727295, 0.025673436000943184, 0.02850458398461342, 0.0313357338309288, 0.03416687995195389, 0.03699803352355957, 0.039829183369874954, 0.04266032949090004, 0.045491479337215424, 0.04832262545824051, 0.05115377530455589, 0.05398492515087128, 0.05681607127189636, 0.059647221118211746, 0.06247837096452713, 0.06530951708555222, 0.0681406706571579, 0.07097181677818298, 0.07380296289920807, 0.07663410902023315, 0.07946526259183884, 0.08229640871286392]}, "gradients/graph_23spatial.1.bias": {"_type": "histogram", "values": [1.0, 0.0, 0.0, 1.0, 0.0, 0.0, 0.0, 0.0, 0.0, 1.0, 1.0, 0.0, 0.0, 0.0, 0.0, 0.0, 0.0, 1.0, 1.0, 0.0, 0.0, 0.0, 0.0, 0.0, 0.0, 1.0, 0.0, 1.0, 1.0, 1.0, 1.0, 0.0, 0.0, 0.0, 0.0, 0.0, 0.0, 1.0, 1.0, 0.0, 0.0, 0.0, 1.0, 0.0, 0.0, 0.0, 0.0, 0.0, 0.0, 0.0, 1.0, 1.0, 0.0, 0.0, 0.0, 2.0, 0.0, 0.0, 0.0, 1.0, 0.0, 0.0, 0.0, 1.0], "bins": [-0.13536091148853302, -0.13124516606330872, -0.1271294355392456, -0.1230136901140213, -0.1188979521393776, -0.11478221416473389, -0.11066646873950958, -0.10655073076486588, -0.10243499279022217, -0.09831925481557846, -0.09420351684093475, -0.09008777141571045, -0.08597203344106674, -0.08185629546642303, -0.07774055004119873, -0.07362481206655502, -0.06950907409191132, -0.06539333611726761, -0.0612775944173336, -0.0571618527173996, -0.05304611474275589, -0.04893037676811218, -0.04481463506817818, -0.04069889336824417, -0.036583155393600464, -0.03246741741895676, -0.02835167571902275, -0.024235935881733894, -0.020120196044445038, -0.01600445620715618, -0.011888716369867325, -0.007772976532578468, -0.003657236695289612, 0.0004585031419992447, 0.004574242979288101, 0.008689982816576958, 0.012805722653865814, 0.01692146249115467, 0.021037202328443527, 0.025152942165732384, 0.02926868200302124, 0.03338441997766495, 0.03750016167759895, 0.04161590337753296, 0.045731641352176666, 0.049847379326820374, 0.05396312102675438, 0.058078862726688385, 0.06219460070133209, 0.0663103386759758, 0.0704260766506195, 0.07454182207584381, 0.07865756005048752, 0.08277329802513123, 0.08688904345035553, 0.09100478142499924, 0.09512051939964294, 0.09923625737428665, 0.10335199534893036, 0.10746774077415466, 0.11158347874879837, 0.11569921672344208, 0.11981496214866638, 0.12393070012331009, 0.1280464380979538]}, "gradients/graph_23spatial.0.weight": {"_type": "histogram",