{"batch loss": 0.7391936182975769, "_timestamp": 1651755508, "_runtime": 414, "_step": 519, "epoch": 19, "train/train_loss": 0.8119357872009277, "train/train_acc": 159.56, "train/train_f1": 0.6406393136635704, "val/val_loss": 1.1458044797182083, "val/vaL_acc": 66.5, "val/val_f1": 0.3553404142762322, "gradients/graph_3fc2.bias": {"_type": "histogram", "values": [1.0, 0.0, 0.0, 0.0, 0.0, 0.0, 0.0, 0.0, 0.0, 0.0, 0.0, 0.0, 0.0, 0.0, 0.0, 0.0, 0.0, 0.0, 0.0, 0.0, 0.0, 0.0, 0.0, 0.0, 1.0, 0.0, 0.0, 0.0, 0.0, 0.0, 0.0, 0.0, 0.0, 0.0, 0.0, 0.0, 0.0, 0.0, 0.0, 0.0, 0.0, 0.0, 0.0, 0.0, 0.0, 0.0, 0.0, 0.0, 0.0, 0.0, 0.0, 0.0, 0.0, 0.0, 0.0, 0.0, 0.0, 0.0, 0.0, 0.0, 0.0, 0.0, 0.0, 1.0], "bins": [-0.12222492694854736, -0.1180674135684967, -0.11390990763902664, -0.10975239425897598, -0.10559488087892532, -0.10143737494945526, -0.0972798615694046, -0.09312234818935394, -0.08896483480930328, -0.08480732142925262, -0.08064981549978256, -0.0764923021197319, -0.07233478873968124, -0.06817728281021118, -0.06401976943016052, -0.05986225605010986, -0.0557047501206398, -0.05154724046587944, -0.04738972708582878, -0.04323221743106842, -0.03907470405101776, -0.0349171943962574, -0.03075968474149704, -0.02660217322409153, -0.02244466543197632, -0.01828715391457081, -0.014129643328487873, -0.009972132742404938, -0.005814621224999428, -0.0016571097075939178, 0.002500399947166443, 0.006657911464571953, 0.010815426707267761, 0.014972938224673271, 0.01913044974207878, 0.023287959396839142, 0.027445470914244652, 0.03160298243165016, 0.03576049208641052, 0.03991800546646118, 0.04407551884651184, 0.0482330285012722, 0.05239054188132286, 0.05654805153608322, 0.06070556491613388, 0.06486307084560394, 0.0690205842256546, 0.07317809760570526, 0.07733560353517532, 0.08149311691522598, 0.08565062284469604, 0.0898081362247467, 0.09396564960479736, 0.09812316298484802, 0.10228066891431808, 0.10643818229436874, 0.1105956882238388, 0.11475320160388947, 0.11891070753335953, 0.12306822091341019, 0.12722572684288025, 0.1313832402229309, 0.13554075360298157, 0.13969826698303223, 0.14385578036308289]}, "gradients/graph_3fc2.weight": {"_type": "histogram", "values": [1.0, 0.0, 0.0, 0.0, 0.0, 1.0, 1.0, 0.0, 2.0, 0.0, 4.0, 1.0, 5.0, 6.0, 7.0, 5.0, 14.0, 5.0, 8.0, 16.0, 14.0, 13.0, 21.0, 19.0, 20.0, 21.0, 29.0, 25.0, 33.0, 39.0, 27.0, 33.0, 27.0, 39.0, 29.0, 27.0, 33.0, 37.0, 29.0, 30.0, 22.0, 22.0, 27.0, 27.0, 39.0, 21.0, 19.0, 18.0, 13.0, 8.0, 14.0, 10.0, 6.0, 8.0, 7.0, 3.0, 5.0, 1.0, 3.0, 2.0, 2.0, 0.0, 1.0, 1.0], "bins": [-0.08455467969179153, -0.08210926502943039, -0.07966385781764984, -0.0772184431552887, -0.07477303594350815, -0.072327621281147, -0.06988221406936646, -0.06743679940700531, -0.06499138474464417, -0.06254597008228302, -0.06010056287050247, -0.057655151933431625, -0.05520974099636078, -0.052764326333999634, -0.05031891539692879, -0.04787350445985794, -0.04542809724807739, -0.042982686311006546, -0.0405372753739357, -0.03809186443686485, -0.035646453499794006, -0.03320103883743286, -0.030755627900362015, -0.028310216963291168, -0.02586480602622032, -0.023419395089149475, -0.02097398415207863, -0.018528571352362633, -0.016083160415291786, -0.01363774947822094, -0.011192337609827518, -0.008746925741434097, -0.006301514804363251, -0.003856103401631117, -0.001410691998898983, 0.0010347194038331509, 0.0034801308065652847, 0.005925541743636131, 0.008370953612029552, 0.010816365480422974, 0.01326177641749382, 0.015707187354564667, 0.018152598291635513, 0.02059801109135151, 0.023043422028422356, 0.025488832965493202, 0.027934245765209198, 0.030379656702280045, 0.03282506763935089, 0.03527047857642174, 0.037715889513492584, 0.04016130045056343, 0.04260671138763428, 0.04505212604999542, 0.04749753698706627, 0.049942947924137115, 0.05238835886120796, 0.05483376979827881, 0.057279180735349655, 0.0597245916724205, 0.06217000633478165, 0.0646154135465622, 0.06706082820892334, 0.06950624287128448, 0.07195165008306503]}, "gradients/graph_3spatial.1.weight": {"_type": "histogram", "values": [1.0, 1.0, 0.0, 0.0, 0.0, 0.0, 0.0, 0.0, 0.0, 0.0, 0.0, 0.0, 0.0, 0.0, 0.0, 0.0, 0.0, 0.0, 0.0, 0.0, 0.0, 0.0, 0.0, 0.0, 0.0, 0.0, 0.0, 0.0, 0.0, 0.0, 0.0, 0.0, 0.0, 0.0, 0.0, 0.0, 0.0, 0.0, 0.0, 2.0, 0.0, 0.0, 0.0, 0.0, 1.0, 0.0, 0.0, 1.0, 0.0, 1.0, 0.0, 0.0, 1.0, 0.0, 0.0, 1.0, 0.0, 0.0, 0.0, 0.0, 0.0, 0.0, 0.0, 1.0], "bins": [-0.23008866608142853, -0.2244679033756256, -0.2188471555709839, -0.21322639286518097, -0.20760563015937805, -0.20198486745357513, -0.19636410474777222, -0.1907433569431305, -0.18512259423732758, -0.17950183153152466, -0.17388108372688293, -0.16826032102108002, -0.1626395583152771, -0.15701879560947418, -0.15139803290367126, -0.14577728509902954, -0.14015652239322662, -0.1345357596874237, -0.12891501188278198, -0.12329424917697906, -0.11767348647117615, -0.11205272376537323, -0.10643196851015091, -0.10081121325492859, -0.09519045054912567, -0.08956968784332275, -0.08394893258810043, -0.07832817733287811, -0.0727074146270752, -0.06708665192127228, -0.06146589666604996, -0.05584513768553734, -0.050224363803863525, -0.044603604823350906, -0.03898284584283829, -0.03336208686232567, -0.02774132788181305, -0.02212056890130043, -0.01649980992078781, -0.010879050940275192, -0.005258291959762573, 0.0003624670207500458, 0.005983226001262665, 0.011603984981775284, 0.017224743962287903, 0.022845502942800522, 0.02846626192331314, 0.03408702090382576, 0.03970777988433838, 0.045328538864851, 0.05094929784536362, 0.056570056825876236, 0.062190815806388855, 0.06781157851219177, 0.07343233376741409, 0.07905308902263641, 0.08467385172843933, 0.09029461443424225, 0.09591536968946457, 0.10153612494468689, 0.10715688765048981, 0.11277765035629272, 0.11839840561151505, 0.12401916086673737, 0.12963992357254028]}, "gradients/graph_3spatial.1.bias": {"_type": "histogram", "values": [1.0, 0.0, 0.0, 1.0, 0.0, 0.0, 0.0, 0.0, 0.0, 0.0, 0.0, 0.0, 0.0, 0.0, 0.0, 0.0, 0.0, 0.0, 0.0, 0.0, 0.0, 0.0, 0.0, 0.0, 0.0, 0.0, 0.0, 0.0, 0.0, 0.0, 0.0, 0.0, 0.0, 0.0, 0.0, 0.0, 0.0, 0.0, 0.0, 2.0, 0.0, 0.0, 0.0, 0.0, 1.0, 0.0, 0.0, 2.0, 0.0, 1.0, 0.0, 0.0, 0.0, 1.0, 0.0, 0.0, 0.0, 0.0, 0.0, 0.0, 0.0, 0.0, 0.0, 1.0], "bins": [-0.7163434624671936, -0.6979075074195862, -0.6794716119766235, -0.6610356569290161, -0.6425997614860535, -0.624163806438446, -0.6057279109954834, -0.587291955947876, -0.5688560009002686, -0.5504200458526611, -0.5319841504096985, -0.5135481953620911, -0.49511227011680603, -0.476676344871521, -0.45824041962623596, -0.4398044943809509, -0.4213685691356659, -0.40293264389038086, -0.3844967186450958, -0.3660607933998108, -0.34762483835220337, -0.32918891310691833, -0.3107529878616333, -0.2923170328140259, -0.27388113737106323, -0.2554452121257782, -0.23700927197933197, -0.21857334673404694, -0.2001374065876007, -0.18170148134231567, -0.16326555609703064, -0.1448296159505844, -0.1263936460018158, -0.10795771330595016, -0.08952178061008453, -0.0710858553647995, -0.05264992266893387, -0.03421398997306824, -0.015778064727783203, 0.002657875418663025, 0.021093815565109253, 0.039529748260974884, 0.05796567723155022, 0.07640160620212555, 0.09483753889799118, 0.11327347159385681, 0.13170939683914185, 0.15014533698558807, 0.16858124732971191, 0.18701717257499695, 0.20545311272144318, 0.2238890379667282, 0.24232497811317444, 0.2607609033584595, 0.2791968286037445, 0.29763275384902954, 0.31606870889663696, 0.334504634141922, 0.35294055938720703, 0.37137651443481445, 0.3898124396800995, 0.4082483649253845, 0.42668429017066956, 0.4451202154159546, 0.4635561406612396]}, "gradients/graph_3spatial.0.weight": {"_type": "histogram", "values": [1.0, 1.0, 0.0, 0.0, 0.0, 2.0, 1.0, 2.0, 0.0, 1.0, 2.0, 2.0, 1.0, 4.0, 3.0, 1.0, 5.0, 5.0, 7.0, 14.0, 17.0, 21.0, 15.0, 26.0, 41.0, 38.0, 47.0, 44.0, 47.0, 44.0, 54.0, 51.0, 43.0, 47.0, 22.0, 30.0, 24.0, 20.0, 20.0, 15.0, 15.0, 15.0, 6.0, 5.0, 7.0, 5.0, 4.0, 6.0, 6.0, 3.0, 3.0, 2.0, 0.0, 4.0, 0.0, 0.0, 0.0, 0.0, 0.0, 0.0, 0.0, 0.0, 0.0, 1.0],