{"batch loss": 0.6823917031288147, "_timestamp": 1651791920, "_runtime": 773, "_step": 649, "epoch": 24, "train/train_loss": 0.6730813908576966, "train/train_acc": 0.7149428934010152, "train/train_f1": 0.7139126656767975, "val/val_loss": 0.9459294279416403, "val/vaL_acc": 0.5854700854700855, "val/val_f1": 0.573665373021098, "gradients/graph_33fc2.bias": {"_type": "histogram", "values": [1.0, 0.0, 0.0, 0.0, 0.0, 0.0, 0.0, 0.0, 0.0, 0.0, 0.0, 0.0, 0.0, 0.0, 0.0, 0.0, 0.0, 0.0, 0.0, 0.0, 0.0, 0.0, 0.0, 0.0, 1.0, 0.0, 0.0, 0.0, 0.0, 0.0, 0.0, 0.0, 0.0, 0.0, 0.0, 0.0, 0.0, 0.0, 0.0, 0.0, 0.0, 0.0, 0.0, 0.0, 0.0, 0.0, 0.0, 0.0, 0.0, 0.0, 0.0, 0.0, 0.0, 0.0, 0.0, 0.0, 0.0, 0.0, 0.0, 0.0, 0.0, 0.0, 0.0, 1.0], "bins": [-0.030081728473305702, -0.02906096540391445, -0.0280402023345232, -0.02701943926513195, -0.0259986761957407, -0.02497791312634945, -0.0239571500569582, -0.022936386987566948, -0.021915623918175697, -0.020894860848784447, -0.019874097779393196, -0.018853334710001945, -0.017832571640610695, -0.016811808571219444, -0.015791045501828194, -0.014770282432436943, -0.013749519363045692, -0.012728756293654442, -0.011707993224263191, -0.01068723015487194, -0.00966646708548069, -0.00864570401608944, -0.007624940946698189, -0.006604177877306938, -0.0055834148079156876, -0.004562651738524437, -0.0035418886691331863, -0.0025211255997419357, -0.0015003625303506851, -0.0004795994609594345, 0.0005411636084318161, 0.0015619266778230667, 0.002582687884569168, 0.0036034509539604187, 0.004624214023351669, 0.00564497709274292, 0.0066657401621341705, 0.007686503231525421, 0.008707266300916672, 0.009728029370307922, 0.010748792439699173, 0.011769555509090424, 0.012790318578481674, 0.013811081647872925, 0.014831844717264175, 0.015852607786655426, 0.016873370856046677, 0.017894133925437927, 0.018914896994829178, 0.01993566006422043, 0.02095642313361168, 0.02197718620300293, 0.02299794927239418, 0.02401871234178543, 0.02503947541117668, 0.026060238480567932, 0.027081001549959183, 0.028101764619350433, 0.029122527688741684, 0.030143290758132935, 0.031164053827524185, 0.032184816896915436, 0.033205579966306686, 0.03422634303569794, 0.03524710610508919]}, "gradients/graph_33fc2.weight": {"_type": "histogram", "values": [1.0, 0.0, 0.0, 0.0, 0.0, 1.0, 1.0, 2.0, 1.0, 2.0, 1.0, 1.0, 1.0, 5.0, 4.0, 3.0, 8.0, 5.0, 5.0, 10.0, 9.0, 7.0, 11.0, 8.0, 12.0, 14.0, 11.0, 11.0, 16.0, 19.0, 19.0, 23.0, 16.0, 18.0, 15.0, 23.0, 13.0, 18.0, 18.0, 20.0, 19.0, 11.0, 10.0, 18.0, 15.0, 8.0, 7.0, 6.0, 10.0, 4.0, 1.0, 1.0, 3.0, 2.0, 5.0, 1.0, 2.0, 1.0, 1.0, 1.0, 0.0, 0.0, 1.0, 1.0], "bins": [-0.031054388731718063, -0.030126046389341354, -0.029197704046964645, -0.028269361704587936, -0.027341019362211227, -0.02641267701983452, -0.02548433281481266, -0.02455599047243595, -0.023627648130059242, -0.022699305787682533, -0.021770963445305824, -0.020842621102929115, -0.019914276897907257, -0.018985934555530548, -0.01805759221315384, -0.01712924987077713, -0.01620090752840042, -0.015272565186023712, -0.014344222843647003, -0.01341587956994772, -0.01248753722757101, -0.011559194885194302, -0.010630851611495018, -0.009702509269118309, -0.0087741669267416, -0.007845824584364891, -0.006917481776326895, -0.0059891389682888985, -0.0050607966259121895, -0.0041324542835354805, -0.003204111475497484, -0.002275768667459488, -0.001347426325082779, -0.0004190837498754263, 0.0005092588253319263, 0.001437601400539279, 0.0023659439757466316, 0.0032942863181233406, 0.004222629126161337, 0.005150971934199333, 0.006079314276576042, 0.007007656618952751, 0.00793599896132946, 0.008864342235028744, 0.009792684577405453, 0.010721026919782162, 0.011649370193481445, 0.012577712535858154, 0.013506054878234863, 0.014434397220611572, 0.015362739562988281, 0.01629108190536499, 0.0172194242477417, 0.018147766590118408, 0.019076110795140266, 0.020004453137516975, 0.020932795479893684, 0.021861137822270393, 0.022789480164647102, 0.02371782250702381, 0.02464616671204567, 0.02557450905442238, 0.026502851396799088, 0.027431193739175797, 0.028359536081552505]}, "gradients/graph_33spatial.1.weight": {"_type": "histogram", "values": [1.0, 0.0, 0.0, 0.0, 0.0, 0.0, 0.0, 0.0, 0.0, 0.0, 0.0, 1.0, 0.0, 0.0, 0.0, 0.0, 0.0, 0.0, 0.0, 0.0, 0.0, 0.0, 0.0, 0.0, 1.0, 0.0, 0.0, 1.0, 0.0, 1.0, 0.0, 1.0, 1.0, 0.0, 0.0, 2.0, 0.0, 0.0, 0.0, 0.0, 1.0, 0.0, 1.0, 2.0, 1.0, 0.0, 0.0, 0.0, 2.0, 0.0, 0.0, 1.0, 0.0, 0.0, 0.0, 1.0, 0.0, 0.0, 0.0, 0.0, 1.0, 0.0, 0.0, 1.0], "bins": [-0.06219002604484558, -0.060624659061431885, -0.05905928835272789, -0.057493921369314194, -0.0559285506606102, -0.0543631836771965, -0.052797816693782806, -0.05123244598507881, -0.04966707527637482, -0.04810170829296112, -0.046536337584257126, -0.04497097060084343, -0.043405599892139435, -0.04184023290872574, -0.04027486592531204, -0.03870949521660805, -0.03714412823319435, -0.035578761249780655, -0.03401339054107666, -0.032448023557662964, -0.03088265284895897, -0.029317285865545273, -0.027751917019486427, -0.026186548173427582, -0.024621181190013885, -0.02305581234395504, -0.021490443497896194, -0.019925076514482498, -0.018359705805778503, -0.016794338822364807, -0.015228969976305962, -0.013663601130247116, -0.01209823414683342, -0.010532865300774574, -0.008967496454715729, -0.007402128539979458, -0.005836759693920612, -0.004271390847861767, -0.002706022933125496, -0.0011406540870666504, 0.00042471662163734436, 0.0019900852348655462, 0.003555453848093748, 0.005120822228491306, 0.006686191074550152, 0.008251559920608997, 0.009816927835345268, 0.011382296681404114, 0.01294766366481781, 0.014513032510876656, 0.0160784013569355, 0.017643768340349197, 0.019209139049053192, 0.02077450603246689, 0.022339874878525734, 0.02390524372458458, 0.025470612570643425, 0.02703598141670227, 0.028601350262761116, 0.03016671910881996, 0.03173208609223366, 0.03329745680093765, 0.03486282378435135, 0.036428190767765045, 0.03799356147646904]}, "gradients/graph_33spatial.1.bias": {"_type": "histogram", "values": [1.0, 0.0, 0.0, 0.0, 0.0, 1.0, 0.0, 1.0, 0.0, 0.0, 0.0, 0.0, 0.0, 0.0, 0.0, 0.0, 0.0, 0.0, 0.0, 2.0, 1.0, 0.0, 0.0, 0.0, 0.0, 0.0, 0.0, 0.0, 0.0, 1.0, 0.0, 1.0, 1.0, 1.0, 0.0, 0.0, 0.0, 0.0, 0.0, 1.0, 0.0, 1.0, 0.0, 0.0, 1.0, 0.0, 0.0, 0.0, 0.0, 0.0, 1.0, 0.0, 2.0, 0.0, 1.0, 0.0, 0.0, 1.0, 0.0, 0.0, 0.0, 1.0, 0.0, 1.0], "bins": [-0.11740245670080185, -0.11398555338382721, -0.11056864261627197, -0.10715173929929733, -0.10373483598232269, -0.10031792521476746, -0.09690102189779282, -0.09348411858081818, -0.09006720781326294, -0.0866503044962883, -0.08323339372873306, -0.07981649041175842, -0.07639957964420319, -0.07298267632722855, -0.0695657730102539, -0.06614886224269867, -0.06273195892572403, -0.05931505188345909, -0.05589814484119415, -0.05248124152421951, -0.049064334481954575, -0.045647427439689636, -0.042230524122714996, -0.03881361708045006, -0.03539671003818512, -0.03197980299592018, -0.028562897816300392, -0.025145992636680603, -0.021729085594415665, -0.018312178552150726, -0.014895273372530937, -0.011478368192911148, -0.008061468601226807, -0.004644562490284443, -0.0012276563793420792, 0.0021892497316002846, 0.005606155842542648, 0.009023062884807587, 0.012439968064427376, 0.015856873244047165, 0.019273780286312103, 0.02269068732857704, 0.02610759250819683, 0.02952449768781662, 0.03294140473008156, 0.0363583117723465, 0.039775215089321136, 0.043192122131586075, 0.04660902917385101, 0.05002593621611595, 0.05344284325838089, 0.05685974657535553, 0.06027665361762047, 0.0636935606598854, 0.06711046397686005, 0.07052737474441528, 0.07394427806138992, 0.07736118137836456, 0.0807780921459198, 0.08419499546289444, 0.08761189877986908, 0.09102880954742432, 0.09444571286439896, 0.0978626161813736, 0.10127952694892883]}, "gradients/graph_33spatial.0.weight": {"_type": "histogram",