{"batch loss": 0.8922550082206726, "_timestamp": 1651875390, "_runtime": 511, "_step": 689, "epoch": 29, "train/train_loss": 0.8032803345810283, "train/train_acc": 0.6526528364237195, "train/train_f1": 0.651329481939883, "val/val_loss": 1.0508271285465784, "val/vaL_acc": 0.5189223861449648, "val/val_f1": 0.510601524856078, "gradients/graph_46fc2.bias": {"_type": "histogram", "values": [1.0, 0.0, 0.0, 0.0, 0.0, 0.0, 0.0, 0.0, 0.0, 0.0, 0.0, 0.0, 0.0, 0.0, 0.0, 0.0, 0.0, 0.0, 0.0, 0.0, 0.0, 0.0, 0.0, 0.0, 0.0, 0.0, 1.0, 0.0, 0.0, 0.0, 0.0, 0.0, 0.0, 0.0, 0.0, 0.0, 0.0, 0.0, 0.0, 0.0, 0.0, 0.0, 0.0, 0.0, 0.0, 0.0, 0.0, 0.0, 0.0, 0.0, 0.0, 0.0, 0.0, 0.0, 0.0, 0.0, 0.0, 0.0, 0.0, 0.0, 0.0, 0.0, 0.0, 1.0], "bins": [-0.0227583646774292, -0.022004978731274605, -0.02125159092247486, -0.020498204976320267, -0.019744817167520523, -0.01899143122136593, -0.018238045275211334, -0.01748465746641159, -0.016731271520256996, -0.0159778855741024, -0.015224497765302658, -0.014471111819148064, -0.013717724941670895, -0.012964338064193726, -0.012210952118039131, -0.011457565240561962, -0.010704178363084793, -0.009950791485607624, -0.009197404608130455, -0.00844401866197586, -0.0076906317844986916, -0.0069372449070215225, -0.006183858495205641, -0.005430472083389759, -0.00467708520591259, -0.003923698328435421, -0.0031703119166195393, -0.002416925271973014, -0.0016635386273264885, -0.0009101519826799631, -0.00015676533803343773, 0.000596621073782444, 0.0013500060886144638, 0.002103392733260989, 0.0028567793779075146, 0.00361016602255404, 0.004363552667200565, 0.005116939544677734, 0.005870325956493616, 0.006623712368309498, 0.007377099245786667, 0.008130486123263836, 0.008883873000741005, 0.0096372589468956, 0.010390645824372768, 0.011144032701849937, 0.011897418648004532, 0.012650805525481701, 0.01340419240295887, 0.014157579280436039, 0.014910966157913208, 0.015664352104067802, 0.016417738050222397, 0.01717112585902214, 0.017924511805176735, 0.01867789775133133, 0.019431285560131073, 0.020184671506285667, 0.02093805931508541, 0.021691445261240005, 0.02244483307003975, 0.023198219016194344, 0.023951604962348938, 0.02470499277114868, 0.025458378717303276]}, "gradients/graph_46fc2.weight": {"_type": "histogram", "values": [2.0, 1.0, 0.0, 1.0, 0.0, 0.0, 0.0, 1.0, 1.0, 3.0, 4.0, 4.0, 2.0, 4.0, 5.0, 7.0, 7.0, 6.0, 14.0, 9.0, 10.0, 9.0, 20.0, 19.0, 22.0, 23.0, 26.0, 26.0, 23.0, 27.0, 26.0, 21.0, 34.0, 18.0, 23.0, 26.0, 18.0, 17.0, 14.0, 16.0, 13.0, 8.0, 8.0, 5.0, 9.0, 4.0, 5.0, 2.0, 3.0, 2.0, 5.0, 2.0, 4.0, 1.0, 0.0, 3.0, 1.0, 1.0, 0.0, 0.0, 1.0, 0.0, 1.0, 3.0], "bins": [-0.025919584557414055, -0.025073545053601265, -0.024227507412433624, -0.023381467908620834, -0.022535428404808044, -0.021689388900995255, -0.020843351259827614, -0.019997311756014824, -0.019151274114847183, -0.018305234611034393, -0.017459196969866753, -0.016613157466053963, -0.015767117962241173, -0.014921079389750957, -0.014075040817260742, -0.013229001313447952, -0.012382961809635162, -0.011536923237144947, -0.010690883733332157, -0.009844845160841942, -0.008998805657029152, -0.008152767084538937, -0.007306728512048721, -0.006460689473897219, -0.005614651367068291, -0.004768612328916788, -0.0039225732907652855, -0.00307653471827507, -0.0022304956801235676, -0.001384456641972065, -0.0005384180694818497, 0.00030762096866965294, 0.001153659075498581, 0.0019996981136500835, 0.0028457369189709425, 0.0036917757242918015, 0.004537814762443304, 0.005383853800594807, 0.006229892373085022, 0.007075931411236525, 0.007921971380710602, 0.008768009953200817, 0.009614049457013607, 0.010460088029503822, 0.011306127533316612, 0.012152166105806828, 0.012998204678297043, 0.013844244182109833, 0.014690281823277473, 0.015536320395767689, 0.016382358968257904, 0.017228398472070694, 0.018074437975883484, 0.018920477479696274, 0.019766515120863914, 0.020612554624676704, 0.021458592265844345, 0.022304631769657135, 0.023150669410824776, 0.023996708914637566, 0.024842748418450356, 0.025688786059617996, 0.026534825563430786, 0.027380865067243576, 0.028226904571056366]}, "gradients/graph_46spatial.1.weight": {"_type": "histogram", "values": [1.0, 0.0, 0.0, 0.0, 0.0, 0.0, 0.0, 0.0, 0.0, 0.0, 0.0, 0.0, 0.0, 0.0, 0.0, 0.0, 0.0, 0.0, 0.0, 0.0, 0.0, 0.0, 0.0, 0.0, 0.0, 0.0, 0.0, 0.0, 0.0, 0.0, 0.0, 1.0, 0.0, 1.0, 0.0, 0.0, 1.0, 1.0, 0.0, 0.0, 1.0, 0.0, 0.0, 2.0, 0.0, 0.0, 1.0, 0.0, 0.0, 0.0, 0.0, 0.0, 0.0, 0.0, 0.0, 0.0, 0.0, 0.0, 0.0, 0.0, 0.0, 0.0, 0.0, 1.0], "bins": [-0.04610982909798622, -0.044844117015600204, -0.04357840493321419, -0.04231269285082817, -0.041046980768442154, -0.03978126868605614, -0.03851555660367012, -0.0372498445212841, -0.03598413243889809, -0.03471842035651207, -0.03345270827412605, -0.032186996191740036, -0.03092128410935402, -0.029655572026968002, -0.028389859944581985, -0.02712414786219597, -0.025858435779809952, -0.024592723697423935, -0.023327011615037918, -0.0220612995326519, -0.020795587450265884, -0.019529875367879868, -0.01826416328549385, -0.016998451203107834, -0.015732739120721817, -0.0144670270383358, -0.013201314955949783, -0.011935602873563766, -0.01066989079117775, -0.009404178708791733, -0.008138466626405716, -0.006872754544019699, -0.005607038736343384, -0.004341326653957367, -0.00307561457157135, -0.0018099024891853333, -0.0005441904067993164, 0.0007215216755867004, 0.0019872337579727173, 0.003252945840358734, 0.004518657922744751, 0.005784370005130768, 0.007050082087516785, 0.008315794169902802, 0.009581506252288818, 0.010847218334674835, 0.012112930417060852, 0.013378642499446869, 0.014644354581832886, 0.015910066664218903, 0.01717577874660492, 0.018441490828990936, 0.019707202911376953, 0.02097291499376297, 0.022238627076148987, 0.023504339158535004, 0.02477005124092102, 0.026035763323307037, 0.027301475405693054, 0.02856718748807907, 0.029832899570465088, 0.031098611652851105, 0.03236432373523712, 0.03363003581762314, 0.034895747900009155]}, "gradients/graph_46spatial.1.bias": {"_type": "histogram", "values": [1.0, 0.0, 0.0, 0.0, 0.0, 0.0, 0.0, 0.0, 0.0, 0.0, 0.0, 0.0, 0.0, 0.0, 0.0, 0.0, 0.0, 0.0, 0.0, 0.0, 0.0, 0.0, 1.0, 0.0, 0.0, 0.0, 0.0, 0.0, 1.0, 0.0, 0.0, 0.0, 0.0, 2.0, 0.0, 1.0, 1.0, 0.0, 0.0, 0.0, 0.0, 0.0, 0.0, 0.0, 0.0, 0.0, 0.0, 1.0, 0.0, 0.0, 0.0, 0.0, 0.0, 0.0, 1.0, 0.0, 0.0, 0.0, 0.0, 0.0, 0.0, 0.0, 0.0, 1.0], "bins": [-0.14297665655612946, -0.1379244178533554, -0.13287219405174255, -0.1278199553489685, -0.12276771664619446, -0.11771548539400101, -0.11266325414180756, -0.10761101543903351, -0.10255878418684006, -0.0975065529346466, -0.09245431423187256, -0.08740208297967911, -0.08234985172748566, -0.07729761302471161, -0.07224538177251816, -0.06719315052032471, -0.06214091181755066, -0.05708867684006691, -0.05203644186258316, -0.04698421061038971, -0.04193197563290596, -0.03687974065542221, -0.03182750940322876, -0.02677527442574501, -0.02172303944826126, -0.01667080447077751, -0.011618571355938911, -0.006566337309777737, -0.0015141032636165619, 0.0035381317138671875, 0.008590364828705788, 0.013642597943544388, 0.018694832921028137, 0.023747067898511887, 0.028799301013350487, 0.03385153412818909, 0.038903769105672836, 0.043956004083156586, 0.04900823533535004, 0.054060470312833786, 0.059112705290317535, 0.06416493654251099, 0.06921717524528503, 0.07426940649747849, 0.07932163774967194, 0.08437387645244598, 0.08942610770463943, 0.09447833895683289, 0.09953057765960693, 0.10458280891180038, 0.10963504761457443, 0.11468727886676788, 0.11973951756954193, 0.12479174882173538, 0.12984398007392883, 0.13489621877670288, 0.13994845747947693, 0.14500069618225098, 0.15005291998386383, 0.15510515868663788, 0.16015739738941193, 0.16520962119102478, 0.17026185989379883, 0.17531409859657288, 0.18036632239818573]}, "gradients/graph_46spatial.0.weight": {"_type": "histogram",