{"batch loss": 1.0418615341186523, "_timestamp": 1651750958, "_runtime": 310, "_step": 870, "epoch": 16, "train/train_loss": 1.013653580023318, "train/train_acc": 64.6734693877551, "train/train_f1": 0.5034279534522265, "val/val_loss": 1.0936506986618042, "val/vaL_acc": 42.285714285714285, "val/val_f1": 0.3428669715424713, "gradients/graph_2fc2.bias": {"_type": "histogram", "values": [1.0, 0.0, 1.0, 0.0, 0.0, 0.0, 0.0, 0.0, 0.0, 0.0, 0.0, 0.0, 0.0, 0.0, 0.0, 0.0, 0.0, 0.0, 0.0, 0.0, 0.0, 0.0, 0.0, 0.0, 0.0, 0.0, 0.0, 0.0, 0.0, 0.0, 0.0, 0.0, 0.0, 0.0, 0.0, 0.0, 0.0, 0.0, 0.0, 0.0, 0.0, 0.0, 0.0, 0.0, 0.0, 0.0, 0.0, 0.0, 0.0, 0.0, 0.0, 0.0, 0.0, 0.0, 0.0, 0.0, 0.0, 0.0, 0.0, 0.0, 0.0, 0.0, 0.0, 1.0], "bins": [-0.02588464505970478, -0.024717889726161957, -0.023551134392619133, -0.02238437905907631, -0.021217621862888336, -0.02005086839199066, -0.01888411119580269, -0.017717355862259865, -0.01655060052871704, -0.015383845195174217, -0.014217089861631393, -0.013050333596765995, -0.011883578263223171, -0.010716822929680347, -0.009550066664814949, -0.008383311331272125, -0.0072165559977293015, -0.006049800664186478, -0.0048830448649823666, -0.003716289298608899, -0.0025495337322354317, -0.0013827783986926079, -0.00021602259948849678, 0.0009507331997156143, 0.002117488533258438, 0.0032842440996319056, 0.004450999666005373, 0.005617755465209484, 0.006784510798752308, 0.007951266132295132, 0.00911802239716053, 0.010284777730703354, 0.011451534926891327, 0.01261829026043415, 0.013785045593976974, 0.014951801858842373, 0.016118556261062622, 0.017285313457250595, 0.01845206879079342, 0.019618824124336243, 0.020785579457879066, 0.02195233479142189, 0.023119090124964714, 0.024285845458507538, 0.02545260265469551, 0.026619356125593185, 0.02778611332178116, 0.028952868655323982, 0.030119623988866806, 0.03128638118505478, 0.032453134655952454, 0.03361989185214043, 0.0347866453230381, 0.035953402519226074, 0.03712015599012375, 0.03828691318631172, 0.039453670382499695, 0.04062042757868767, 0.04178718104958534, 0.042953938245773315, 0.04412069171667099, 0.04528744891285896, 0.04645420238375664, 0.04762095957994461, 0.048787713050842285]}, "gradients/graph_2fc2.weight": {"_type": "histogram", "values": [1.0, 0.0, 0.0, 1.0, 1.0, 2.0, 0.0, 6.0, 4.0, 4.0, 10.0, 1.0, 0.0, 14.0, 6.0, 9.0, 15.0, 13.0, 18.0, 13.0, 21.0, 15.0, 29.0, 25.0, 25.0, 16.0, 31.0, 32.0, 28.0, 32.0, 25.0, 34.0, 27.0, 37.0, 23.0, 22.0, 21.0, 21.0, 27.0, 18.0, 24.0, 27.0, 13.0, 17.0, 16.0, 20.0, 22.0, 12.0, 14.0, 5.0, 9.0, 9.0, 8.0, 2.0, 3.0, 3.0, 2.0, 1.0, 1.0, 0.0, 0.0, 2.0, 1.0, 2.0], "bins": [-0.05360398069024086, -0.05192706361413002, -0.05025014653801918, -0.04857322573661804, -0.0468963086605072, -0.04521939158439636, -0.04354247450828552, -0.04186555743217468, -0.04018864035606384, -0.038511723279953, -0.03683480620384216, -0.03515788912773132, -0.033480968326330185, -0.031804051250219345, -0.030127134174108505, -0.028450217097997665, -0.026773296296596527, -0.025096379220485687, -0.023419460281729698, -0.02174254320561886, -0.02006562426686287, -0.01838870719075203, -0.01671179011464119, -0.015034872107207775, -0.01335795596241951, -0.011681037954986095, -0.010004119947552681, -0.008327202871441841, -0.006650284864008427, -0.004973366856575012, -0.0032964497804641724, -0.001619531773030758, 5.7384371757507324e-05, 0.0017343021463602781, 0.003411219920963049, 0.005088137462735176, 0.0067650554701685905, 0.008441973477602005, 0.010118890553712845, 0.01179580856114626, 0.013472728431224823, 0.015149646438658237, 0.016826564446091652, 0.018503481522202492, 0.02018040046095848, 0.02185731753706932, 0.02353423461318016, 0.025211151689291, 0.02688806876540184, 0.02856498584151268, 0.03024190478026867, 0.03191882371902466, 0.0335957407951355, 0.03527265787124634, 0.03694957494735718, 0.03862649202346802, 0.04030340909957886, 0.0419803261756897, 0.04365724325180054, 0.04533416032791138, 0.047011081129312515, 0.048687998205423355, 0.050364915281534195, 0.052041832357645035, 0.05371875315904617]}, "gradients/graph_2spatial.1.weight": {"_type": "histogram", "values": [1.0, 0.0, 0.0, 0.0, 0.0, 0.0, 0.0, 0.0, 0.0, 0.0, 0.0, 0.0, 0.0, 0.0, 0.0, 0.0, 0.0, 0.0, 0.0, 0.0, 0.0, 0.0, 0.0, 0.0, 0.0, 0.0, 0.0, 0.0, 0.0, 0.0, 0.0, 0.0, 0.0, 0.0, 0.0, 0.0, 0.0, 0.0, 0.0, 0.0, 0.0, 0.0, 0.0, 0.0, 0.0, 0.0, 1.0, 3.0, 0.0, 0.0, 0.0, 0.0, 0.0, 0.0, 0.0, 0.0, 1.0, 1.0, 1.0, 0.0, 0.0, 1.0, 0.0, 1.0], "bins": [-0.04215310513973236, -0.04132875055074692, -0.040504395961761475, -0.03968004137277603, -0.03885568678379059, -0.038031332194805145, -0.03720698133111, -0.03638262674212456, -0.035558272153139114, -0.03473391756415367, -0.03390956297516823, -0.033085208386182785, -0.03226085379719734, -0.0314365029335022, -0.030612146481871605, -0.02978779375553131, -0.028963439166545868, -0.028139084577560425, -0.02731472998857498, -0.026490377262234688, -0.025666022673249245, -0.0248416680842638, -0.02401731349527836, -0.023192960768938065, -0.022368604317307472, -0.02154424972832203, -0.020719895139336586, -0.019895542412996292, -0.01907118782401085, -0.018246833235025406, -0.017422478646039963, -0.01659812405705452, -0.015773773193359375, -0.014949418604373932, -0.014125064946711063, -0.01330071035772562, -0.012476356700062752, -0.011652002111077309, -0.010827647522091866, -0.010003293864428997, -0.009178939275443554, -0.00835458468645811, -0.007530231028795242, -0.006705876439809799, -0.005881522782146931, -0.005057168193161488, -0.004232814069837332, -0.003408459946513176, -0.002584105357527733, -0.001759751234203577, -0.0009353969944640994, -0.00011104275472462177, 0.000713311368599534, 0.0015376657247543335, 0.0023620198480784893, 0.003186373971402645, 0.004010728094726801, 0.004835082218050957, 0.0056594363413751125, 0.006483790464699268, 0.0073081450536847115, 0.00813249871134758, 0.008956853300333023, 0.009781207889318466, 0.010605561546981335]}, "gradients/graph_2spatial.1.bias": {"_type": "histogram", "values": [1.0, 0.0, 0.0, 0.0, 0.0, 0.0, 0.0, 0.0, 0.0, 0.0, 0.0, 0.0, 0.0, 0.0, 0.0, 0.0, 0.0, 0.0, 0.0, 0.0, 0.0, 0.0, 0.0, 0.0, 0.0, 0.0, 0.0, 1.0, 0.0, 0.0, 0.0, 0.0, 0.0, 0.0, 0.0, 1.0, 1.0, 0.0, 1.0, 0.0, 0.0, 0.0, 0.0, 0.0, 0.0, 1.0, 0.0, 1.0, 0.0, 0.0, 0.0, 0.0, 1.0, 0.0, 0.0, 0.0, 1.0, 0.0, 0.0, 0.0, 0.0, 0.0, 0.0, 1.0], "bins": [-0.03734768554568291, -0.036413662135601044, -0.03547963872551918, -0.03454561531543732, -0.033611588180065155, -0.03267756476998329, -0.03174354135990143, -0.030809517949819565, -0.0298754945397377, -0.028941471129655838, -0.028007445856928825, -0.027073422446846962, -0.0261393990367651, -0.025205373764038086, -0.024271350353956223, -0.02333732694387436, -0.022403301671147346, -0.021469278261065483, -0.02053525298833847, -0.019601229578256607, -0.018667206168174744, -0.01773318275809288, -0.016799157485365868, -0.015865134075284004, -0.014931108802556992, -0.013997084461152554, -0.01306306105107069, -0.012129036709666252, -0.011195013299584389, -0.01026098895817995, -0.009326964616775513, -0.00839294120669365, -0.007458919659256935, -0.006524895783513784, -0.005590871907770634, -0.004656847566366196, -0.003722823690623045, -0.0027887998148798943, -0.0018547754734754562, -0.0009207515977323055, 1.3271346688270569e-05, 0.0009472953388467431, 0.0018813193310052156, 0.00281534343957901, 0.0037493673153221607, 0.004683391191065311, 0.0056174155324697495, 0.0065514394082129, 0.0074854642152786255, 0.008419488556683064, 0.009353511966764927, 0.010287536308169365, 0.011221559718251228, 0.012155584059655666, 0.013089608401060104, 0.014023631811141968, 0.014957656152546406, 0.015891680493950844, 0.016825703904032707, 0.01775972917675972, 0.018693752586841583, 0.019627775996923447, 0.02056179940700531, 0.021495824679732323, 0.022429848089814186]}, "gradients/graph_2spatial.0.weight": {"_type": "histogram",