{"batch loss": 0.7414728999137878, "_timestamp": 1651873003, "_runtime": 445, "_step": 689, "epoch": 29, "train/train_loss": 0.7083333053372123, "train/train_acc": 0.6934092160822471, "train/train_f1": 0.6902424790897963, "val/val_loss": 1.0302795001438685, "val/vaL_acc": 0.5086593970493907, "val/val_f1": 0.4813338832456667, "gradients/graph_43fc2.bias": {"_type": "histogram", "values": [1.0, 0.0, 0.0, 0.0, 0.0, 0.0, 0.0, 0.0, 0.0, 0.0, 1.0, 0.0, 0.0, 0.0, 0.0, 0.0, 0.0, 0.0, 0.0, 0.0, 0.0, 0.0, 0.0, 0.0, 0.0, 0.0, 0.0, 0.0, 0.0, 0.0, 0.0, 0.0, 0.0, 0.0, 0.0, 0.0, 0.0, 0.0, 0.0, 0.0, 0.0, 0.0, 0.0, 0.0, 0.0, 0.0, 0.0, 0.0, 0.0, 0.0, 0.0, 0.0, 0.0, 0.0, 0.0, 0.0, 0.0, 0.0, 0.0, 0.0, 0.0, 0.0, 0.0, 1.0], "bins": [-0.014375133439898491, -0.013797696679830551, -0.013220258988440037, -0.012642822228372097, -0.012065385468304157, -0.011487947776913643, -0.010910511016845703, -0.010333074256777763, -0.009755637496709824, -0.009178200736641884, -0.00860076304525137, -0.00802332628518343, -0.00744588952511549, -0.006868452299386263, -0.006291015073657036, -0.005713578313589096, -0.005136140622198582, -0.004558703396469355, -0.003981266636401415, -0.003403829410672188, -0.0028263924177736044, -0.002248955424875021, -0.001671518199145794, -0.0010940814390778542, -0.0005166437476873398, 6.079330341890454e-05, 0.0006382303545251489, 0.001215667463839054, 0.0017931044567376375, 0.002370541449636221, 0.002947978675365448, 0.0035254154354333878, 0.0041028521955013275, 0.004680289421230555, 0.005257726181298494, 0.005835163407027721, 0.006412600167095661, 0.006990037392824888, 0.007567474618554115, 0.008144911378622055, 0.008722348138689995, 0.009299784898757935, 0.009877222590148449, 0.010454659350216389, 0.011032096110284328, 0.011609533801674843, 0.012186970561742783, 0.012764407321810722, 0.013341845013201237, 0.013919281773269176, 0.01449671946465969, 0.01507415622472763, 0.01565159298479557, 0.01622902974486351, 0.0168064683675766, 0.01738390326499939, 0.01796134188771248, 0.01853877864778042, 0.019116215407848358, 0.019693654030561447, 0.020271090790629387, 0.020848527550697327, 0.021425964310765266, 0.022003401070833206, 0.022580837830901146]}, "gradients/graph_43fc2.weight": {"_type": "histogram", "values": [1.0, 0.0, 0.0, 1.0, 1.0, 1.0, 2.0, 5.0, 3.0, 4.0, 4.0, 8.0, 5.0, 7.0, 10.0, 11.0, 13.0, 10.0, 15.0, 19.0, 26.0, 17.0, 24.0, 20.0, 17.0, 23.0, 16.0, 20.0, 25.0, 13.0, 17.0, 14.0, 15.0, 15.0, 13.0, 9.0, 17.0, 7.0, 11.0, 15.0, 15.0, 9.0, 9.0, 7.0, 16.0, 12.0, 3.0, 10.0, 10.0, 4.0, 7.0, 0.0, 3.0, 2.0, 2.0, 1.0, 0.0, 0.0, 1.0, 2.0, 1.0, 0.0, 1.0, 1.0], "bins": [-0.02482650801539421, -0.02398063614964485, -0.023134764283895493, -0.022288894280791283, -0.021443022415041924, -0.020597150549292564, -0.019751280546188354, -0.018905408680438995, -0.018059536814689636, -0.017213664948940277, -0.016367793083190918, -0.015521923080086708, -0.014676051214337349, -0.01383017934858799, -0.012984308414161205, -0.01213843747973442, -0.011292565613985062, -0.010446693748235703, -0.009600822813808918, -0.008754951879382133, -0.007909080013632774, -0.0070632086135447025, -0.006217337213456631, -0.005371465813368559, -0.004525594413280487, -0.0036797230131924152, -0.0028338516131043434, -0.0019879802130162716, -0.0011421088129281998, -0.00029623741284012794, 0.0005496339872479439, 0.0013955053873360157, 0.0022413749247789383, 0.00308724632486701, 0.003933117724955082, 0.004778989125043154, 0.005624860525131226, 0.006470731925219297, 0.007316603325307369, 0.008162474259734154, 0.009008346125483513, 0.009854217991232872, 0.010700088925659657, 0.011545959860086441, 0.0123918317258358, 0.01323770359158516, 0.014083574526011944, 0.014929445460438728, 0.015775317326188087, 0.016621189191937447, 0.017467059195041656, 0.018312931060791016, 0.019158802926540375, 0.020004674792289734, 0.020850546658039093, 0.021696416661143303, 0.022542288526892662, 0.02338816039264202, 0.02423403039574623, 0.02507990226149559, 0.02592577412724495, 0.02677164599299431, 0.027617517858743668, 0.028463387861847878, 0.029309259727597237]}, "gradients/graph_43spatial.1.weight": {"_type": "histogram", "values": [1.0, 1.0, 0.0, 0.0, 0.0, 0.0, 0.0, 0.0, 0.0, 0.0, 0.0, 0.0, 0.0, 0.0, 0.0, 1.0, 0.0, 0.0, 0.0, 0.0, 1.0, 0.0, 1.0, 0.0, 0.0, 0.0, 0.0, 0.0, 0.0, 0.0, 0.0, 0.0, 0.0, 0.0, 1.0, 0.0, 0.0, 0.0, 0.0, 0.0, 0.0, 0.0, 0.0, 1.0, 1.0, 0.0, 0.0, 0.0, 0.0, 0.0, 0.0, 0.0, 0.0, 1.0, 0.0, 0.0, 0.0, 0.0, 0.0, 0.0, 0.0, 0.0, 0.0, 1.0], "bins": [-0.07350850850343704, -0.07130462676286697, -0.0691007450222969, -0.06689686328172684, -0.06469298154115677, -0.0624890998005867, -0.06028521806001663, -0.058081336319446564, -0.055877454578876495, -0.05367357283830643, -0.05146969109773636, -0.04926580935716629, -0.04706192761659622, -0.044858045876026154, -0.042654164135456085, -0.04045028239488602, -0.03824640065431595, -0.03604251891374588, -0.03383863717317581, -0.03163475543260574, -0.029430873692035675, -0.027226991951465607, -0.02502311021089554, -0.02281922847032547, -0.0206153467297554, -0.018411464989185333, -0.016207583248615265, -0.014003701508045197, -0.011799819767475128, -0.00959593802690506, -0.0073920562863349915, -0.005188174545764923, -0.002984285354614258, -0.0007804036140441895, 0.001423478126525879, 0.0036273598670959473, 0.005831241607666016, 0.008035123348236084, 0.010239005088806152, 0.01244288682937622, 0.014646768569946289, 0.016850650310516357, 0.019054532051086426, 0.021258413791656494, 0.023462295532226562, 0.02566617727279663, 0.0278700590133667, 0.030073940753936768, 0.032277822494506836, 0.034481704235076904, 0.03668558597564697, 0.03888946771621704, 0.04109334945678711, 0.04329723119735718, 0.045501112937927246, 0.047704994678497314, 0.04990887641906738, 0.05211275815963745, 0.05431663990020752, 0.05652052164077759, 0.058724403381347656, 0.060928285121917725, 0.06313216686248779, 0.06533604860305786, 0.06753993034362793]}, "gradients/graph_43spatial.1.bias": {"_type": "histogram", "values": [1.0, 0.0, 0.0, 0.0, 0.0, 1.0, 0.0, 0.0, 0.0, 0.0, 0.0, 0.0, 0.0, 0.0, 0.0, 0.0, 0.0, 1.0, 0.0, 0.0, 0.0, 0.0, 0.0, 1.0, 0.0, 0.0, 0.0, 0.0, 0.0, 0.0, 1.0, 0.0, 1.0, 0.0, 0.0, 0.0, 0.0, 0.0, 0.0, 0.0, 0.0, 0.0, 0.0, 1.0, 0.0, 0.0, 1.0, 0.0, 0.0, 0.0, 1.0, 0.0, 0.0, 0.0, 0.0, 0.0, 0.0, 0.0, 0.0, 0.0, 0.0, 0.0, 0.0, 1.0], "bins": [-0.10849300771951675, -0.10509736090898514, -0.10170171409845352, -0.0983060672879219, -0.09491042047739029, -0.09151477366685867, -0.08811913430690765, -0.08472348749637604, -0.08132784068584442, -0.0779321938753128, -0.07453654706478119, -0.07114090025424957, -0.06774525344371796, -0.06434960663318634, -0.06095396354794502, -0.057558316737413406, -0.05416266620159149, -0.050767019391059875, -0.04737137258052826, -0.04397572576999664, -0.04058007895946503, -0.03718443214893341, -0.03378878906369209, -0.030393142253160477, -0.02699749916791916, -0.023601852357387543, -0.020206205546855927, -0.01681056059896946, -0.013414913788437843, -0.010019266977906227, -0.00662362203001976, -0.003227975219488144, 0.00016767531633377075, 0.0035633216612040997, 0.0069589680060744286, 0.01035461388528347, 0.013750260695815086, 0.017145907506346703, 0.02054155245423317, 0.023937199264764786, 0.0273328498005867, 0.030728496611118317, 0.03412414342164993, 0.03751979023218155, 0.040915437042713165, 0.04431108385324478, 0.0477067269384861, 0.051102373749017715, 0.05449801683425903, 0.05789366364479065, 0.061289310455322266, 0.06468495726585388, 0.0680806040763855, 0.07147625088691711, 0.07487189769744873, 0.07826754450798035, 0.08166319131851196, 0.08505883812904358, 0.0884544849395752, 0.09185013175010681, 0.09524577856063843, 0.09864142537117004, 0.10203707218170166, 0.10543271899223328, 0.1088283583521843]}, "gradients/graph_43spatial.0.weight": {"_type": "histogram",