{"batch loss": 0.8857168555259705, "_timestamp": 1651872549, "_runtime": 517, "_step": 689, "epoch": 29, "train/train_loss": 0.8962993594733152, "train/train_acc": 0.5715072516981825, "train/train_f1": 0.567291185137934, "val/val_loss": 1.0142421552113123, "val/vaL_acc": 0.490699166132136, "val/val_f1": 0.485286861987536, "gradients/graph_42fc2.bias": {"_type": "histogram", "values": [1.0, 0.0, 0.0, 0.0, 0.0, 0.0, 0.0, 0.0, 0.0, 0.0, 0.0, 0.0, 0.0, 0.0, 0.0, 0.0, 0.0, 0.0, 0.0, 0.0, 0.0, 0.0, 0.0, 0.0, 0.0, 0.0, 0.0, 0.0, 0.0, 0.0, 0.0, 0.0, 0.0, 0.0, 0.0, 0.0, 0.0, 0.0, 0.0, 0.0, 0.0, 0.0, 0.0, 1.0, 0.0, 0.0, 0.0, 0.0, 0.0, 0.0, 0.0, 0.0, 0.0, 0.0, 0.0, 0.0, 0.0, 0.0, 0.0, 0.0, 0.0, 0.0, 0.0, 1.0], "bins": [-0.028078937903046608, -0.027294859290122986, -0.026510778814554214, -0.025726700201630592, -0.02494262158870697, -0.0241585411131382, -0.023374462500214577, -0.022590383887290955, -0.021806303411722183, -0.02102222479879856, -0.02023814432322979, -0.019454065710306168, -0.018669985234737396, -0.017885906621813774, -0.017101828008890152, -0.01631774753332138, -0.015533668920397758, -0.014749589376151562, -0.013965509831905365, -0.013181431218981743, -0.012397351674735546, -0.01161327213048935, -0.010829193517565727, -0.01004511397331953, -0.009261034429073334, -0.008476954884827137, -0.0076928758062422276, -0.006908796727657318, -0.006124717183411121, -0.005340637639164925, -0.004556558560580015, -0.0037724794819951057, -0.0029884018003940582, -0.002204322488978505, -0.001420243177562952, -0.000636163866147399, 0.00014791544526815414, 0.0009319949895143509, 0.0017160740680992603, 0.0025001531466841698, 0.0032842326909303665, 0.004068312235176563, 0.004852391313761473, 0.005636470392346382, 0.006420549936592579, 0.007204629480838776, 0.007988708093762398, 0.008772787638008595, 0.009556867182254791, 0.010340946726500988, 0.011125026270747185, 0.011909104883670807, 0.012693184427917004, 0.0134772639721632, 0.014261342585086823, 0.01504542212933302, 0.015829501673579216, 0.016613580286502838, 0.01739766076207161, 0.01818173937499523, 0.018965817987918854, 0.019749898463487625, 0.020533977076411247, 0.02131805568933487, 0.02210213616490364]}, "gradients/graph_42fc2.weight": {"_type": "histogram", "values": [1.0, 0.0, 0.0, 0.0, 0.0, 0.0, 0.0, 0.0, 0.0, 0.0, 2.0, 0.0, 0.0, 2.0, 0.0, 2.0, 2.0, 2.0, 4.0, 7.0, 2.0, 7.0, 7.0, 7.0, 5.0, 16.0, 9.0, 8.0, 13.0, 20.0, 20.0, 12.0, 16.0, 18.0, 21.0, 30.0, 14.0, 29.0, 29.0, 26.0, 29.0, 23.0, 23.0, 13.0, 17.0, 13.0, 20.0, 19.0, 14.0, 15.0, 8.0, 10.0, 5.0, 6.0, 5.0, 2.0, 5.0, 5.0, 0.0, 1.0, 1.0, 2.0, 0.0, 3.0], "bins": [-0.03230718523263931, -0.03145500272512436, -0.030602823942899704, -0.0297506432980299, -0.028898462653160095, -0.02804628014564514, -0.027194099500775337, -0.026341918855905533, -0.02548973821103573, -0.024637557566165924, -0.02378537692129612, -0.022933196276426315, -0.02208101376891136, -0.021228834986686707, -0.020376652479171753, -0.01952447183430195, -0.018672291189432144, -0.01782011054456234, -0.016967929899692535, -0.01611574925482273, -0.015263567678630352, -0.014411387033760548, -0.013559205457568169, -0.012707024812698364, -0.01185484416782856, -0.011002663522958755, -0.010150482878088951, -0.009298301301896572, -0.008446120657026768, -0.007593940012156963, -0.006741758901625872, -0.00588957779109478, -0.005037399008870125, -0.0041852183640003204, -0.0033330372534692287, -0.0024808563757687807, -0.0016286754980683327, -0.0007764948531985283, 7.56862573325634e-05, 0.0009278673678636551, 0.0017800480127334595, 0.0026322288904339075, 0.0034844097681343555, 0.004336590878665447, 0.005188771523535252, 0.006040952168405056, 0.006893133278936148, 0.007745314389467239, 0.008597495034337044, 0.009449675679206848, 0.010301856324076653, 0.011154037900269032, 0.012006218545138836, 0.01285839919000864, 0.01371058076620102, 0.014562761411070824, 0.015414942055940628, 0.016267122700810432, 0.017119303345680237, 0.01797148399055004, 0.018823664635419846, 0.0196758471429348, 0.020528027787804604, 0.021380208432674408, 0.022232389077544212]}, "gradients/graph_42spatial.1.weight": {"_type": "histogram", "values": [1.0, 0.0, 0.0, 0.0, 0.0, 0.0, 0.0, 0.0, 0.0, 0.0, 0.0, 0.0, 0.0, 0.0, 0.0, 0.0, 0.0, 0.0, 0.0, 1.0, 0.0, 0.0, 0.0, 1.0, 0.0, 2.0, 0.0, 0.0, 0.0, 0.0, 0.0, 0.0, 0.0, 0.0, 1.0, 0.0, 0.0, 0.0, 0.0, 1.0, 0.0, 0.0, 0.0, 0.0, 0.0, 0.0, 0.0, 0.0, 0.0, 0.0, 1.0, 0.0, 0.0, 0.0, 0.0, 0.0, 0.0, 0.0, 0.0, 0.0, 0.0, 0.0, 1.0, 1.0], "bins": [-0.0251545999199152, -0.02461063489317894, -0.02406666800379753, -0.02352270297706127, -0.022978737950325012, -0.022434771060943604, -0.021890806034207344, -0.021346841007471085, -0.020802874118089676, -0.020258909091353416, -0.019714942201972008, -0.01917097717523575, -0.01862701214849949, -0.01808304712176323, -0.01753908023238182, -0.01699511520564556, -0.016451150178909302, -0.015907185152173042, -0.015363219194114208, -0.014819253236055374, -0.014275288209319115, -0.01373132225126028, -0.013187356293201447, -0.012643391266465187, -0.012099425308406353, -0.011555459350347519, -0.01101149432361126, -0.010467528365552425, -0.009923562407493591, -0.009379597380757332, -0.008835631422698498, -0.008291665464639664, -0.007747700437903404, -0.0072037349455058575, -0.006659769453108311, -0.006115803495049477, -0.00557183800265193, -0.005027872510254383, -0.004483906552195549, -0.003939941059798002, -0.0033959755674004555, -0.0028520100750029087, -0.0023080443497747183, -0.0017640787409618497, -0.001220113132148981, -0.0006761476397514343, -0.0001321819145232439, 0.0004117838107049465, 0.0009557493031024933, 0.0014997149119153619, 0.0020436805207282305, 0.002587646245956421, 0.0031316117383539677, 0.0036755772307515144, 0.0042195431888103485, 0.004763508681207895, 0.005307474173605442, 0.005851439666002989, 0.006395405158400536, 0.00693937111645937, 0.007483336608856916, 0.008027302101254463, 0.008571268059313297, 0.009115234017372131, 0.00965919904410839]}, "gradients/graph_42spatial.1.bias": {"_type": "histogram", "values": [1.0, 0.0, 1.0, 0.0, 0.0, 0.0, 0.0, 0.0, 1.0, 1.0, 0.0, 0.0, 1.0, 0.0, 0.0, 0.0, 1.0, 0.0, 0.0, 0.0, 0.0, 1.0, 0.0, 0.0, 0.0, 0.0, 0.0, 0.0, 0.0, 0.0, 0.0, 0.0, 0.0, 0.0, 1.0, 0.0, 0.0, 0.0, 0.0, 0.0, 0.0, 0.0, 0.0, 0.0, 1.0, 0.0, 0.0, 0.0, 0.0, 0.0, 0.0, 0.0, 0.0, 0.0, 0.0, 0.0, 0.0, 0.0, 0.0, 0.0, 0.0, 0.0, 0.0, 1.0], "bins": [-0.06611429899930954, -0.06270255893468857, -0.059290822595357895, -0.05587908253073692, -0.05246734619140625, -0.04905560612678528, -0.04564386606216431, -0.042232125997543335, -0.03882038965821266, -0.03540864959359169, -0.03199691325426102, -0.028585173189640045, -0.025173434987664223, -0.0217616967856884, -0.01834995672106743, -0.014938218519091606, -0.011526480317115784, -0.008114742115139961, -0.004703002981841564, -0.0012912638485431671, 0.0021204743534326553, 0.005532212555408478, 0.00894395262002945, 0.012355690822005272, 0.015767432749271393, 0.019179170951247215, 0.022590909153223038, 0.02600264921784401, 0.029414387419819832, 0.032826125621795654, 0.036237865686416626, 0.0396496057510376, 0.04306134581565857, 0.04647308588027954, 0.049884822219610214, 0.053296562284231186, 0.05670829862356186, 0.06012003868818283, 0.0635317787528038, 0.06694351881742477, 0.07035525143146515, 0.07376699149608612, 0.07717873156070709, 0.08059047162532806, 0.08400220423936844, 0.08741394430398941, 0.09082568436861038, 0.09423742443323135, 0.09764916449785233, 0.1010609045624733, 0.10447264462709427, 0.10788437724113464, 0.11129611730575562, 0.11470785737037659, 0.11811959743499756, 0.12153133749961853, 0.1249430775642395, 0.12835481762886047, 0.13176655769348145, 0.13517829775810242, 0.1385900378227234, 0.14200177788734436, 0.14541351795196533, 0.1488252431154251, 0.15223698318004608]}, "gradients/graph_42spatial.0.weight": {"_type": "histogram",