{"batch loss": 0.513236939907074, "_timestamp": 1651822420, "_runtime": 1060, "_step": 649, "epoch": 24, "train/train_loss": 0.575796229839325, "train/train_acc": 0.7633248730964467, "train/train_f1": 0.7631988969892906, "val/val_loss": 0.9214911659558614, "val/vaL_acc": 0.5982905982905983, "val/val_f1": 0.600190228863762, "gradients/graph_64fc2.bias": {"_type": "histogram", "values": [2.0, 0.0, 0.0, 0.0, 0.0, 0.0, 0.0, 0.0, 0.0, 0.0, 0.0, 0.0, 0.0, 0.0, 0.0, 0.0, 0.0, 0.0, 0.0, 0.0, 0.0, 0.0, 0.0, 0.0, 0.0, 0.0, 0.0, 0.0, 0.0, 0.0, 0.0, 0.0, 0.0, 0.0, 0.0, 0.0, 0.0, 0.0, 0.0, 0.0, 0.0, 0.0, 0.0, 0.0, 0.0, 0.0, 0.0, 0.0, 0.0, 0.0, 0.0, 0.0, 0.0, 0.0, 0.0, 0.0, 0.0, 0.0, 0.0, 0.0, 0.0, 0.0, 0.0, 1.0], "bins": [-0.04904334992170334, -0.046749018132686615, -0.04445468634366989, -0.04216035082936287, -0.039866019040346146, -0.03757168725132942, -0.0352773517370224, -0.032983019948005676, -0.030688688158988953, -0.02839435636997223, -0.026100022718310356, -0.023805689066648483, -0.02151135727763176, -0.019217025488615036, -0.016922691836953163, -0.01462835818529129, -0.012334026396274567, -0.010039693675935268, -0.00774536095559597, -0.005451028235256672, -0.0031566955149173737, -0.0008623627945780754, 0.0014319699257612228, 0.0037263035774230957, 0.006020635366439819, 0.008314968086779118, 0.010609300807118416, 0.012903633527457714, 0.015197966247797012, 0.017492298036813736, 0.01978663168847561, 0.02208096534013748, 0.024375297129154205, 0.02666962891817093, 0.028963962569832802, 0.031258296221494675, 0.0335526280105114, 0.03584695979952812, 0.038141295313835144, 0.04043562710285187, 0.04272995889186859, 0.045024290680885315, 0.04731862246990204, 0.04961295798420906, 0.051907289773225784, 0.05420162156224251, 0.05649595707654953, 0.058790288865566254, 0.06108462065458298, 0.0633789524435997, 0.06567328423261642, 0.06796761602163315, 0.07026195526123047, 0.07255628705024719, 0.07485061883926392, 0.07714495062828064, 0.07943928241729736, 0.08173361420631409, 0.08402794599533081, 0.08632227778434753, 0.08861660957336426, 0.09091094881296158, 0.0932052806019783, 0.09549961239099503, 0.09779394418001175]}, "gradients/graph_64fc2.weight": {"_type": "histogram", "values": [2.0, 0.0, 0.0, 0.0, 1.0, 4.0, 8.0, 4.0, 12.0, 13.0, 22.0, 26.0, 30.0, 38.0, 44.0, 35.0, 42.0, 25.0, 36.0, 21.0, 30.0, 26.0, 17.0, 18.0, 9.0, 11.0, 12.0, 7.0, 9.0, 7.0, 10.0, 9.0, 4.0, 3.0, 12.0, 9.0, 12.0, 16.0, 7.0, 9.0, 17.0, 9.0, 20.0, 11.0, 15.0, 8.0, 6.0, 6.0, 9.0, 4.0, 7.0, 2.0, 0.0, 2.0, 1.0, 1.0, 0.0, 0.0, 1.0, 0.0, 0.0, 0.0, 0.0, 1.0], "bins": [-0.04259483516216278, -0.040815774351358414, -0.03903671354055405, -0.03725765272974968, -0.03547859191894531, -0.033699531108140945, -0.03192047029733658, -0.03014141134917736, -0.028362350538372993, -0.026583289727568626, -0.02480422891676426, -0.02302516996860504, -0.021246109157800674, -0.019467048346996307, -0.01768798753619194, -0.015908926725387573, -0.014129865914583206, -0.012350805103778839, -0.010571744292974472, -0.00879268441349268, -0.0070136236026883125, -0.0052345627918839455, -0.003455502912402153, -0.001676442101597786, 0.00010261684656143188, 0.0018816774245351553, 0.0036607380025088787, 0.0054397983476519585, 0.0072188591584563255, 0.008997919969260693, 0.010776979848742485, 0.012556040659546852, 0.014335103332996368, 0.016114164143800735, 0.017893224954605103, 0.01967228576540947, 0.021451346576213837, 0.023230407387018204, 0.02500946633517742, 0.02678852714598179, 0.028567589819431305, 0.030346650630235672, 0.03212571144104004, 0.033904772251844406, 0.03568383306264877, 0.03746289387345314, 0.03924195468425751, 0.041021011769771576, 0.04280007258057594, 0.04457913339138031, 0.04635819420218468, 0.048137255012989044, 0.04991631582379341, 0.05169537663459778, 0.05347443372011185, 0.05525349825620651, 0.05703255534172058, 0.05881161615252495, 0.060590676963329315, 0.06236973777413368, 0.06414879858493805, 0.06592785567045212, 0.06770692020654678, 0.06948597729206085, 0.07126504182815552]}, "gradients/graph_64spatial.1.weight": {"_type": "histogram", "values": [1.0, 0.0, 0.0, 1.0, 0.0, 0.0, 0.0, 0.0, 0.0, 1.0, 0.0, 0.0, 0.0, 0.0, 1.0, 1.0, 1.0, 1.0, 0.0, 0.0, 0.0, 0.0, 1.0, 0.0, 2.0, 0.0, 0.0, 0.0, 0.0, 0.0, 2.0, 1.0, 0.0, 0.0, 0.0, 2.0, 0.0, 1.0, 0.0, 1.0, 0.0, 1.0, 2.0, 0.0, 0.0, 2.0, 1.0, 0.0, 0.0, 1.0, 1.0, 0.0, 0.0, 1.0, 0.0, 0.0, 0.0, 0.0, 0.0, 0.0, 1.0, 1.0, 0.0, 2.0], "bins": [-0.18287762999534607, -0.17758029699325562, -0.17228294909000397, -0.1669856160879135, -0.16168826818466187, -0.1563909351825714, -0.15109360218048096, -0.1457962542772293, -0.14049890637397766, -0.1352015733718872, -0.12990422546863556, -0.1246068924665451, -0.11930954456329346, -0.114012211561203, -0.10871487110853195, -0.1034175306558609, -0.09812019765377045, -0.0928228572010994, -0.08752551674842834, -0.08222818374633789, -0.07693083584308624, -0.07163350284099579, -0.06633616238832474, -0.061038821935653687, -0.05574148893356323, -0.05044414848089218, -0.04514680802822113, -0.03984947130084038, -0.03455213084816933, -0.029254790395498276, -0.023957453668117523, -0.018660113215446472, -0.013362765312194824, -0.008065425790846348, -0.0027680862694978714, 0.0025292523205280304, 0.007826592773199081, 0.013123933225870132, 0.018421269953250885, 0.023718610405921936, 0.029015958309173584, 0.034313298761844635, 0.039610639214515686, 0.04490797594189644, 0.05020531639456749, 0.05550265684723854, 0.06079999357461929, 0.06609733402729034, 0.0713946670293808, 0.07669200748205185, 0.0819893479347229, 0.08728668093681335, 0.092584028840065, 0.09788136184215546, 0.10317870229482651, 0.10847604274749756, 0.11377338320016861, 0.11907072365283966, 0.12436806410551071, 0.12966540455818176, 0.13496273756027222, 0.14026008546352386, 0.14555741846561432, 0.15085476636886597, 0.15615209937095642]}, "gradients/graph_64spatial.1.bias": {"_type": "histogram", "values": [1.0, 0.0, 1.0, 0.0, 0.0, 0.0, 0.0, 0.0, 0.0, 1.0, 0.0, 0.0, 0.0, 0.0, 0.0, 0.0, 1.0, 0.0, 0.0, 2.0, 1.0, 0.0, 1.0, 0.0, 0.0, 1.0, 1.0, 1.0, 0.0, 0.0, 0.0, 0.0, 1.0, 0.0, 0.0, 1.0, 0.0, 4.0, 0.0, 1.0, 0.0, 0.0, 0.0, 0.0, 0.0, 2.0, 1.0, 0.0, 1.0, 1.0, 0.0, 0.0, 1.0, 1.0, 0.0, 0.0, 0.0, 1.0, 0.0, 2.0, 0.0, 0.0, 0.0, 2.0], "bins": [-0.2591434419155121, -0.2518116533756256, -0.24447987973690033, -0.23714810609817505, -0.22981633245944977, -0.2224845439195633, -0.215152770280838, -0.20782098174095154, -0.20048920810222626, -0.19315743446350098, -0.1858256459236145, -0.17849387228488922, -0.17116209864616394, -0.16383031010627747, -0.15649853646755219, -0.1491667628288269, -0.14183497428894043, -0.13450320065021515, -0.12717141211032867, -0.1198396384716034, -0.11250785738229752, -0.10517607629299164, -0.09784430265426636, -0.09051252156496048, -0.0831807553768158, -0.07584897428750992, -0.06851720064878464, -0.06118541955947876, -0.05385363847017288, -0.0465218611061573, -0.039190083742141724, -0.031858302652835846, -0.024526521563529968, -0.01719474233686924, -0.009862964041531086, -0.002531185746192932, 0.004800593480467796, 0.012132372707128525, 0.019464150071144104, 0.02679593116044998, 0.03412771224975586, 0.04145948961377144, 0.048791270703077316, 0.056123048067092896, 0.06345482915639877, 0.07078661024570465, 0.07811838388442993, 0.08545016497373581, 0.09278193861246109, 0.10011371970176697, 0.10744549334049225, 0.11477727442979813, 0.122109055519104, 0.12944082915782928, 0.13677260279655457, 0.14410439133644104, 0.15143616497516632, 0.1587679386138916, 0.16609972715377808, 0.17343150079250336, 0.18076327443122864, 0.1880950629711151, 0.1954268366098404, 0.20275861024856567, 0.21009039878845215]}, "gradients/graph_64spatial.0.weight": {"_type": "histogram",