{"batch loss": 0.9012395739555359, "_timestamp": 1651789207, "_runtime": 389, "_step": 649, "epoch": 24, "train/train_loss": 0.8549785780906677, "train/train_acc": 0.6073921319796954, "train/train_f1": 0.6058218755204713, "val/val_loss": 0.8781569997469584, "val/vaL_acc": 0.5726495726495726, "val/val_f1": 0.5737758507046379, "gradients/graph_30fc2.bias": {"_type": "histogram", "values": [1.0, 0.0, 0.0, 0.0, 1.0, 0.0, 0.0, 0.0, 0.0, 0.0, 0.0, 0.0, 0.0, 0.0, 0.0, 0.0, 0.0, 0.0, 0.0, 0.0, 0.0, 0.0, 0.0, 0.0, 0.0, 0.0, 0.0, 0.0, 0.0, 0.0, 0.0, 0.0, 0.0, 0.0, 0.0, 0.0, 0.0, 0.0, 0.0, 0.0, 0.0, 0.0, 0.0, 0.0, 0.0, 0.0, 0.0, 0.0, 0.0, 0.0, 0.0, 0.0, 0.0, 0.0, 0.0, 0.0, 0.0, 0.0, 0.0, 0.0, 0.0, 0.0, 0.0, 1.0], "bins": [-0.014619538560509682, -0.013979312963783741, -0.0133390873670578, -0.012698860839009285, -0.012058635242283344, -0.011418409645557404, -0.010778183117508888, -0.010137957520782948, -0.009497731924057007, -0.008857506327331066, -0.008217280730605125, -0.00757705420255661, -0.006936828605830669, -0.006296603009104729, -0.005656376946717501, -0.005016150884330273, -0.004375925287604332, -0.0037356994580477476, -0.0030954736284911633, -0.002455247798934579, -0.0018150219693779945, -0.0011747961398214102, -0.0005345703102648258, 0.00010565575212240219, 0.0007458813488483429, 0.0013861071784049273, 0.0020263330079615116, 0.002666558837518096, 0.0033067846670746803, 0.003947010263800621, 0.004587236326187849, 0.005227462388575077, 0.005867689847946167, 0.006507915444672108, 0.007148141507059336, 0.007788367569446564, 0.008428593166172504, 0.009068818762898445, 0.00970904529094696, 0.010349270887672901, 0.010989496484398842, 0.011629722081124783, 0.012269947677850723, 0.012910174205899239, 0.01355039980262518, 0.01419062539935112, 0.014830851927399635, 0.015471077524125576, 0.016111303120851517, 0.016751529648900032, 0.017391754314303398, 0.018031980842351913, 0.01867220550775528, 0.019312432035803795, 0.01995265856385231, 0.020592883229255676, 0.02123310975730419, 0.021873336285352707, 0.022513560950756073, 0.02315378747880459, 0.023794014006853104, 0.02443423867225647, 0.025074465200304985, 0.0257146917283535, 0.026354916393756866]}, "gradients/graph_30fc2.weight": {"_type": "histogram", "values": [1.0, 0.0, 0.0, 0.0, 0.0, 0.0, 1.0, 0.0, 0.0, 0.0, 1.0, 0.0, 2.0, 0.0, 1.0, 2.0, 0.0, 4.0, 2.0, 4.0, 7.0, 9.0, 6.0, 4.0, 2.0, 2.0, 5.0, 2.0, 4.0, 3.0, 8.0, 7.0, 5.0, 5.0, 4.0, 9.0, 7.0, 6.0, 8.0, 3.0, 10.0, 4.0, 8.0, 2.0, 3.0, 4.0, 5.0, 4.0, 5.0, 7.0, 9.0, 5.0, 8.0, 8.0, 5.0, 6.0, 0.0, 5.0, 8.0, 2.0, 5.0, 1.0, 0.0, 2.0], "bins": [-0.04613542929291725, -0.04495074599981308, -0.04376606270670891, -0.042581379413604736, -0.041396696120500565, -0.04021201282739639, -0.03902733325958252, -0.03784264996647835, -0.036657966673374176, -0.035473283380270004, -0.03428860008716583, -0.03310391679406166, -0.03191923350095749, -0.030734552070498466, -0.029549868777394295, -0.028365187346935272, -0.02718050219118595, -0.02599581889808178, -0.024811135604977608, -0.023626454174518585, -0.022441770881414413, -0.02125708758831024, -0.02007240429520607, -0.018887721002101898, -0.017703037708997726, -0.016518354415893555, -0.015333672054111958, -0.014148988761007786, -0.012964306399226189, -0.011779623106122017, -0.010594939813017845, -0.009410257451236248, -0.0082255769520998, -0.007040894124656916, -0.005856211297214031, -0.0046715280041098595, -0.003486845176666975, -0.0023021623492240906, -0.0011174790561199188, 6.720330566167831e-05, 0.0012518856674432755, 0.00243656849488616, 0.003621251555159688, 0.004805934615433216, 0.0059906174428761005, 0.007175300270318985, 0.008359983563423157, 0.009544665925204754, 0.0107293501496315, 0.011914033442735672, 0.01309871580451727, 0.014283399097621441, 0.015468081459403038, 0.01665276475250721, 0.01783744804561138, 0.019022129476070404, 0.020206812769174576, 0.021391496062278748, 0.02257617935538292, 0.02376086264848709, 0.024945544078946114, 0.026130227372050285, 0.027314910665154457, 0.02849959209561348, 0.0296842772513628]}, "gradients/graph_30spatial.1.weight": {"_type": "histogram", "values": [2.0, 0.0, 0.0, 0.0, 0.0, 0.0, 0.0, 0.0, 0.0, 0.0, 0.0, 0.0, 1.0, 2.0, 0.0, 0.0, 0.0, 0.0, 0.0, 0.0, 0.0, 0.0, 0.0, 0.0, 0.0, 0.0, 0.0, 0.0, 0.0, 0.0, 0.0, 0.0, 0.0, 0.0, 1.0, 0.0, 0.0, 0.0, 0.0, 0.0, 0.0, 0.0, 0.0, 1.0, 0.0, 0.0, 0.0, 0.0, 0.0, 0.0, 0.0, 1.0, 0.0, 0.0, 0.0, 1.0, 0.0, 0.0, 0.0, 0.0, 0.0, 0.0, 0.0, 1.0], "bins": [-0.03315319865942001, -0.032333582639694214, -0.031513966619968414, -0.030694352462887764, -0.029874736443161964, -0.029055122286081314, -0.028235506266355515, -0.027415890246629715, -0.026596274226903915, -0.025776658207178116, -0.024957044050097466, -0.024137428030371666, -0.023317812010645866, -0.022498197853565216, -0.021678581833839417, -0.020858965814113617, -0.020039351657032967, -0.019219735637307167, -0.018400121480226517, -0.017580505460500717, -0.016760889440774918, -0.015941273421049118, -0.015121659263968468, -0.014302043244242668, -0.013482429087162018, -0.012662813998758793, -0.011843197979032993, -0.011023582890629768, -0.010203966870903969, -0.009384351782500744, -0.008564736694097519, -0.007745121140033007, -0.006925506517291069, -0.006105890963226557, -0.0052862754091620445, -0.00446666032075882, -0.0036470447666943073, -0.002827429212629795, -0.00200781412422657, -0.0011881985701620579, -0.000368582084774971, 0.0004510333528742194, 0.0012706487905234098, 0.0020902641117572784, 0.0029098796658217907, 0.003729495219886303, 0.004549110308289528, 0.00536872586235404, 0.006188340485095978, 0.00700795603916049, 0.007827571593225002, 0.008647186681628227, 0.009466802701354027, 0.010286417789757252, 0.011106032878160477, 0.011925648897886276, 0.012745263986289501, 0.013564879074692726, 0.014384495094418526, 0.01520411018282175, 0.016023725271224976, 0.016843341290950775, 0.017662957310676575, 0.018482571467757225, 0.019302187487483025]}, "gradients/graph_30spatial.1.bias": {"_type": "histogram", "values": [1.0, 0.0, 0.0, 0.0, 0.0, 0.0, 0.0, 1.0, 0.0, 1.0, 1.0, 0.0, 0.0, 0.0, 0.0, 0.0, 0.0, 0.0, 0.0, 0.0, 0.0, 0.0, 0.0, 0.0, 0.0, 0.0, 0.0, 1.0, 0.0, 0.0, 0.0, 0.0, 1.0, 0.0, 0.0, 0.0, 0.0, 0.0, 0.0, 0.0, 0.0, 1.0, 0.0, 0.0, 0.0, 0.0, 0.0, 0.0, 0.0, 0.0, 0.0, 0.0, 0.0, 0.0, 1.0, 0.0, 0.0, 0.0, 0.0, 1.0, 0.0, 0.0, 0.0, 1.0], "bins": [-0.03632255271077156, -0.035213593393564224, -0.03410463407635689, -0.03299567475914955, -0.031886711716651917, -0.03077775426208973, -0.029668793082237244, -0.028559833765029907, -0.02745087444782257, -0.026341915130615234, -0.025232955813407898, -0.024123994633555412, -0.023015035316348076, -0.02190607599914074, -0.020797114819288254, -0.019688155502080917, -0.01857919618487358, -0.017470236867666245, -0.016361277550458908, -0.015252316370606422, -0.014143357053399086, -0.01303439773619175, -0.011925437487661839, -0.010816477239131927, -0.009707517921924591, -0.008598558604717255, -0.007489598356187344, -0.00638063857331872, -0.005271678790450096, -0.004162719007581472, -0.0030537592247128487, -0.001944799441844225, -0.0008358396589756012, 0.00027312012389302254, 0.0013820799067616463, 0.00249103968963027, 0.0035999994724988937, 0.0047089592553675175, 0.005817919038236141, 0.006926878821104765, 0.008035838603973389, 0.009144797921180725, 0.010253758169710636, 0.011362718418240547, 0.012471677735447884, 0.01358063705265522, 0.014689597301185131, 0.015798557549715042, 0.01690751686692238, 0.018016476184129715, 0.01912543550133705, 0.020234396681189537, 0.021343355998396873, 0.02245231531560421, 0.023561276495456696, 0.024670235812664032, 0.02577919512987137, 0.026888154447078705, 0.02799711376428604, 0.029106074944138527, 0.030215034261345863, 0.03132399544119835, 0.032432954758405685, 0.03354191407561302, 0.03465087339282036]}, "gradients/graph_30spatial.0.weight": {"_type": "histogram",