{"batch loss": 0.8713864684104919, "_timestamp": 1651749010, "_runtime": 536, "_step": 2969, "epoch": 29, "train/train_loss": 0.887442094330885, "train/train_acc": 38.01020408163265, "train/train_f1": 0.5925184856932478, "val/val_loss": 1.0536822722508357, "val/vaL_acc": 25.76923076923077, "val/val_f1": 0.41154825120638566, "_wandb": {"runtime": 533}}