{"batch loss": 0.5655470490455627, "_timestamp": 1651778241, "_runtime": 1526, "_step": 649, "epoch": 24, "train/train_loss": 0.6159628796577453, "train/train_acc": 0.746510152284264, "train/train_f1": 0.7460500889918744, "val/val_loss": 0.883216917514801, "val/vaL_acc": 0.5997150997150997, "val/val_f1": 0.5975539284286754, "gradients/graph_18fc2.bias": {"_type": "histogram", "values": [1.0, 0.0, 0.0, 0.0, 0.0, 0.0, 0.0, 0.0, 0.0, 0.0, 0.0, 0.0, 0.0, 0.0, 0.0, 0.0, 0.0, 0.0, 0.0, 0.0, 0.0, 0.0, 0.0, 0.0, 0.0, 1.0, 0.0, 0.0, 0.0, 0.0, 0.0, 0.0, 0.0, 0.0, 0.0, 0.0, 0.0, 0.0, 0.0, 0.0, 0.0, 0.0, 0.0, 0.0, 0.0, 0.0, 0.0, 0.0, 0.0, 0.0, 0.0, 0.0, 0.0, 0.0, 0.0, 0.0, 0.0, 0.0, 0.0, 0.0, 0.0, 0.0, 0.0, 1.0], "bins": [-0.027011005207896233, -0.026104014366865158, -0.025197021663188934, -0.02429003082215786, -0.023383039981126785, -0.02247604727745056, -0.021569056436419487, -0.020662065595388412, -0.01975507289171219, -0.018848082050681114, -0.01794108934700489, -0.017034098505973816, -0.01612710766494274, -0.015220115892589092, -0.014313124120235443, -0.013406133279204369, -0.012499142438173294, -0.011592150665819645, -0.01068515982478857, -0.009778168052434921, -0.008871177211403847, -0.007964185439050198, -0.0070571936666965485, -0.006150202360004187, -0.00524321012198925, -0.004336218815296888, -0.003429227275773883, -0.0025222357362508774, -0.0016152444295585155, -0.0007082531228661537, 0.00019873864948749542, 0.0011057299561798573, 0.0020127221941947937, 0.0029197135008871555, 0.003826705040410161, 0.0047336965799331665, 0.005640687886625528, 0.00654767919331789, 0.007454670965671539, 0.008361661806702614, 0.009268652647733688, 0.010175644420087337, 0.011082635261118412, 0.011989627033472061, 0.012896617874503136, 0.013803609646856785, 0.014710601419210434, 0.015617592260241508, 0.016524584963917732, 0.017431575804948807, 0.01833856850862503, 0.019245559349656105, 0.02015255019068718, 0.021059542894363403, 0.021966533735394478, 0.022873524576425552, 0.023780517280101776, 0.02468750812113285, 0.025594500824809074, 0.02650149166584015, 0.027408482506871223, 0.028315473347902298, 0.02922246605157852, 0.030129456892609596, 0.03103644773364067]}, "gradients/graph_18fc2.weight": {"_type": "histogram", "values": [1.0, 0.0, 0.0, 1.0, 0.0, 2.0, 0.0, 1.0, 3.0, 0.0, 3.0, 2.0, 4.0, 2.0, 11.0, 7.0, 13.0, 17.0, 10.0, 19.0, 26.0, 28.0, 36.0, 57.0, 39.0, 47.0, 60.0, 50.0, 77.0, 86.0, 70.0, 87.0, 105.0, 83.0, 91.0, 90.0, 85.0, 77.0, 79.0, 88.0, 72.0, 64.0, 73.0, 66.0, 55.0, 41.0, 38.0, 36.0, 26.0, 23.0, 17.0, 11.0, 13.0, 12.0, 5.0, 4.0, 11.0, 5.0, 2.0, 1.0, 5.0, 1.0, 1.0, 1.0], "bins": [-0.04696360230445862, -0.04561658203601837, -0.044269561767578125, -0.04292254149913788, -0.04157552495598793, -0.040228504687547684, -0.03888148441910744, -0.03753446415066719, -0.036187443882226944, -0.0348404236137867, -0.03349340334534645, -0.0321463868021965, -0.030799364671111107, -0.02945234626531601, -0.028105325996875763, -0.026758305728435516, -0.02541128732264042, -0.024064267054200172, -0.022717248648405075, -0.02137022837996483, -0.020023208111524582, -0.018676187843084335, -0.017329169437289238, -0.01598214916884899, -0.014635130763053894, -0.013288111425936222, -0.011941091157495975, -0.010594071820378304, -0.009247051551938057, -0.007900032214820385, -0.006553012877702713, -0.005205992609262466, -0.00385897234082222, -0.0025119525380432606, -0.001164932968094945, 0.00018208660185337067, 0.00152910640463233, 0.002876126207411289, 0.004223145544528961, 0.005570165812969208, 0.006917186081409454, 0.008264205418527126, 0.009611225686967373, 0.010958245024085045, 0.012305265292525291, 0.013652284629642963, 0.014999303966760635, 0.016346324235200882, 0.01769334264099598, 0.019040362909436226, 0.020387381315231323, 0.02173440158367157, 0.023081421852111816, 0.024428442120552063, 0.02577546052634716, 0.027122480794787407, 0.028469499200582504, 0.02981651946902275, 0.031163537874817848, 0.032510556280612946, 0.03385757654905319, 0.03520459681749344, 0.036551617085933685, 0.03789863735437393, 0.03924565762281418]}, "gradients/graph_18spatial.1.weight": {"_type": "histogram", "values": [1.0, 0.0, 0.0, 0.0, 0.0, 0.0, 0.0, 0.0, 0.0, 0.0, 0.0, 0.0, 0.0, 0.0, 1.0, 0.0, 2.0, 0.0, 1.0, 1.0, 1.0, 2.0, 0.0, 1.0, 0.0, 1.0, 1.0, 1.0, 1.0, 0.0, 2.0, 1.0, 3.0, 0.0, 0.0, 0.0, 3.0, 2.0, 1.0, 3.0, 0.0, 0.0, 0.0, 3.0, 0.0, 0.0, 2.0, 0.0, 0.0, 0.0, 1.0, 0.0, 0.0, 1.0, 0.0, 0.0, 0.0, 2.0, 0.0, 1.0, 0.0, 0.0, 0.0, 1.0], "bins": [-0.04234874248504639, -0.04115111380815506, -0.039953481405973434, -0.03875584900379181, -0.03755822032690048, -0.036360591650009155, -0.03516295924782753, -0.033965326845645905, -0.03276769816875458, -0.03157006949186325, -0.030372437089681625, -0.02917480655014515, -0.027977176010608673, -0.026779545471072197, -0.02558191493153572, -0.024384284391999245, -0.02318665385246277, -0.021989023312926292, -0.020791392773389816, -0.01959376223385334, -0.018396131694316864, -0.017198501154780388, -0.016000870615243912, -0.014803240075707436, -0.01360560953617096, -0.012407978996634483, -0.011210348457098007, -0.010012717917561531, -0.008815087378025055, -0.007617456838488579, -0.006419826298952103, -0.0052221957594156265, -0.00402456521987915, -0.0028269346803426743, -0.0016293041408061981, -0.000431673601269722, 0.0007659569382667542, 0.0019635874778032303, 0.0031612180173397064, 0.0043588485568761826, 0.005556479096412659, 0.006754109635949135, 0.007951740175485611, 0.009149370715022087, 0.010347001254558563, 0.01154463179409504, 0.012742262333631516, 0.013939892873167992, 0.015137523412704468, 0.016335153952240944, 0.01753278449177742, 0.018730415031313896, 0.019928045570850372, 0.02112567611038685, 0.022323306649923325, 0.0235209371894598, 0.024718567728996277, 0.025916198268532753, 0.02711382880806923, 0.028311459347605705, 0.02950908988714218, 0.030706720426678658, 0.031904350966215134, 0.03310198336839676, 0.034299612045288086]}, "gradients/graph_18spatial.1.bias": {"_type": "histogram", "values": [1.0, 0.0, 0.0, 0.0, 0.0, 0.0, 0.0, 1.0, 0.0, 1.0, 0.0, 0.0, 2.0, 1.0, 1.0, 2.0, 0.0, 1.0, 0.0, 0.0, 0.0, 0.0, 2.0, 1.0, 0.0, 0.0, 1.0, 0.0, 1.0, 0.0, 1.0, 0.0, 1.0, 0.0, 1.0, 2.0, 0.0, 0.0, 0.0, 1.0, 0.0, 2.0, 2.0, 2.0, 0.0, 0.0, 1.0, 2.0, 1.0, 0.0, 1.0, 1.0, 1.0, 0.0, 0.0, 2.0, 0.0, 1.0, 0.0, 0.0, 0.0, 1.0, 1.0, 1.0], "bins": [-0.06524040549993515, -0.06334154307842255, -0.06144268065690994, -0.05954381823539734, -0.057644955813884735, -0.05574609339237213, -0.05384723097085953, -0.051948368549346924, -0.05004950612783432, -0.048150643706321716, -0.04625178128480911, -0.04435291886329651, -0.042454056441783905, -0.0405551940202713, -0.0386563315987587, -0.036757469177246094, -0.03485860675573349, -0.032959744334220886, -0.031060881912708282, -0.02916201949119568, -0.027263157069683075, -0.02536429464817047, -0.023465432226657867, -0.021566569805145264, -0.01966770365834236, -0.017768841236829758, -0.015869978815317154, -0.01397111639380455, -0.012072253972291946, -0.010173390619456768, -0.008274528197944164, -0.0063756657764315605, -0.004476804286241531, -0.0025779418647289276, -0.0006790792103856802, 0.0012197834439575672, 0.003118645865470171, 0.005017508752644062, 0.006916371174156666, 0.00881523359566927, 0.010714095085859299, 0.012612957507371902, 0.014511819928884506, 0.01641068235039711, 0.018309544771909714, 0.020208407193422318, 0.02210726961493492, 0.024006132036447525, 0.025904996320605278, 0.027803858742117882, 0.029702721163630486, 0.03160158544778824, 0.03350044786930084, 0.035399310290813446, 0.03729817271232605, 0.039197035133838654, 0.04109589755535126, 0.04299475997686386, 0.044893622398376465, 0.04679248481988907, 0.04869134724140167, 0.050590209662914276, 0.05248907208442688, 0.054387934505939484, 0.05628679692745209]}, "gradients/graph_18spatial.0.weight": {"_type": "histogram",