{"batch loss": 0.5043507814407349, "_timestamp": 1651805806, "_runtime": 973, "_step": 649, "epoch": 24, "train/train_loss": 0.5347066652774811, "train/train_acc": 0.8028236040609137, "train/train_f1": 0.8025202284228351, "val/val_loss": 0.8838893175125122, "val/vaL_acc": 0.6182336182336182, "val/val_f1": 0.6220091447023065, "gradients/graph_48fc2.bias": {"_type": "histogram", "values": [1.0, 0.0, 0.0, 0.0, 0.0, 0.0, 0.0, 0.0, 0.0, 0.0, 0.0, 0.0, 0.0, 0.0, 0.0, 0.0, 0.0, 0.0, 0.0, 0.0, 0.0, 0.0, 0.0, 0.0, 0.0, 0.0, 0.0, 0.0, 0.0, 0.0, 0.0, 0.0, 0.0, 0.0, 0.0, 0.0, 0.0, 0.0, 0.0, 0.0, 0.0, 0.0, 0.0, 1.0, 0.0, 0.0, 0.0, 0.0, 0.0, 0.0, 0.0, 0.0, 0.0, 0.0, 0.0, 0.0, 0.0, 0.0, 0.0, 0.0, 0.0, 0.0, 0.0, 1.0], "bins": [-0.050457485020160675, -0.04904787614941597, -0.04763827100396156, -0.04622866213321686, -0.04481905698776245, -0.043409448117017746, -0.04199983924627304, -0.040590234100818634, -0.03918062895536423, -0.03777102008461952, -0.036361414939165115, -0.03495180606842041, -0.033542200922966, -0.0321325920522213, -0.030722985044121742, -0.029313378036022186, -0.02790376916527748, -0.026494162157177925, -0.02508455514907837, -0.023674946278333664, -0.022265341132879257, -0.020855732262134552, -0.019446125254034996, -0.01803651824593544, -0.016626909375190735, -0.015217302367091179, -0.013807695358991623, -0.012398087419569492, -0.010988480411469936, -0.00957887340337038, -0.00816926546394825, -0.006759658455848694, -0.005350053310394287, -0.003940446302294731, -0.002530838828533888, -0.0011212313547730446, 0.0002883756533265114, 0.0016979826614260674, 0.003107590600848198, 0.004517197608947754, 0.005926802754402161, 0.007336409762501717, 0.008746016770601273, 0.010155624710023403, 0.01156523171812296, 0.012974838726222515, 0.014384446665644646, 0.0157940536737442, 0.017203662544488907, 0.018613269552588463, 0.02002287656068802, 0.021432485431432724, 0.02284209057688713, 0.024251699447631836, 0.025661306455731392, 0.027070913463830948, 0.028480520471930504, 0.02989012748003006, 0.031299736350774765, 0.03270934149622917, 0.03411895036697388, 0.035528555512428284, 0.03693816438317299, 0.038347773253917694, 0.0397573783993721]}, "gradients/graph_48fc2.weight": {"_type": "histogram", "values": [1.0, 0.0, 0.0, 0.0, 2.0, 4.0, 3.0, 4.0, 4.0, 5.0, 17.0, 18.0, 28.0, 33.0, 26.0, 40.0, 57.0, 47.0, 54.0, 76.0, 71.0, 65.0, 78.0, 61.0, 76.0, 71.0, 83.0, 85.0, 76.0, 74.0, 82.0, 82.0, 84.0, 92.0, 104.0, 88.0, 101.0, 85.0, 103.0, 82.0, 104.0, 93.0, 88.0, 69.0, 63.0, 63.0, 40.0, 36.0, 27.0, 14.0, 8.0, 13.0, 6.0, 6.0, 4.0, 1.0, 1.0, 1.0, 0.0, 0.0, 0.0, 0.0, 0.0, 1.0], "bins": [-0.05310659110546112, -0.051422033458948135, -0.04973747953772545, -0.04805292189121246, -0.04636836424469948, -0.04468380659818649, -0.042999252676963806, -0.04131469503045082, -0.039630137383937836, -0.03794557973742485, -0.036261025816202164, -0.03457646816968918, -0.03289191052317619, -0.031207354739308357, -0.02952279895544052, -0.027838241308927536, -0.02615368738770485, -0.024469131603837013, -0.022784573957324028, -0.021100018173456192, -0.019415460526943207, -0.01773090474307537, -0.016046348959207535, -0.014361792244017124, -0.012677237391471863, -0.010992680676281452, -0.009308123961091042, -0.007623568177223206, -0.005939011462032795, -0.004254454746842384, -0.0025698989629745483, -0.0008853422477841377, 0.0007992163300514221, 0.002483772812411189, 0.004168329294770956, 0.005852885544300079, 0.00753744225949049, 0.0092219989746809, 0.010906554758548737, 0.012591111473739147, 0.014275670051574707, 0.015960225835442543, 0.017644783481955528, 0.019329339265823364, 0.02101389691233635, 0.022698452696204185, 0.02438300848007202, 0.026067566126585007, 0.027752120047807693, 0.02943667583167553, 0.031121233478188515, 0.03280578926205635, 0.034490346908569336, 0.03617490082979202, 0.03785945847630501, 0.03954401612281799, 0.04122857004404068, 0.042913127690553665, 0.04459768161177635, 0.04628223925828934, 0.04796679690480232, 0.04965135455131531, 0.051335908472537994, 0.05302046611905098, 0.054705023765563965]}, "gradients/graph_48spatial.1.weight": {"_type": "histogram", "values": [1.0, 0.0, 0.0, 0.0, 0.0, 0.0, 0.0, 0.0, 0.0, 0.0, 0.0, 0.0, 0.0, 0.0, 0.0, 1.0, 0.0, 0.0, 1.0, 0.0, 0.0, 0.0, 1.0, 1.0, 0.0, 2.0, 0.0, 3.0, 0.0, 2.0, 0.0, 1.0, 2.0, 1.0, 1.0, 0.0, 1.0, 0.0, 2.0, 1.0, 0.0, 1.0, 1.0, 0.0, 1.0, 0.0, 2.0, 1.0, 0.0, 0.0, 1.0, 0.0, 0.0, 0.0, 0.0, 0.0, 0.0, 1.0, 0.0, 0.0, 0.0, 0.0, 0.0, 1.0], "bins": [-0.09594515711069107, -0.09328418225049973, -0.09062320739030838, -0.08796222507953644, -0.08530125021934509, -0.08264027535915375, -0.0799793004989624, -0.07731832563877106, -0.07465734332799911, -0.07199636846780777, -0.06933539360761642, -0.06667441129684448, -0.06401343643665314, -0.06135246157646179, -0.05869148671627045, -0.0560305081307888, -0.05336953327059746, -0.05070855841040611, -0.04804757982492447, -0.045386604964733124, -0.04272562637925148, -0.040064651519060135, -0.03740367293357849, -0.034742698073387146, -0.0320817232131958, -0.029420746490359306, -0.026759769767522812, -0.024098794907331467, -0.021437816321849823, -0.018776841461658478, -0.016115864738821983, -0.013454888015985489, -0.010793909430503845, -0.00813293270766735, -0.005471956450492144, -0.0028109801933169365, -0.00015000347048044205, 0.0025109732523560524, 0.005171949043869972, 0.007832925766706467, 0.01049390435218811, 0.013154881075024605, 0.0158158577978611, 0.018476832658052444, 0.021137811243534088, 0.023798786103725433, 0.026459762826561928, 0.029120739549398422, 0.03178171440958977, 0.03444268926978111, 0.037103667855262756, 0.0397646427154541, 0.042425621300935745, 0.04508659616112709, 0.047747574746608734, 0.05040854960680008, 0.053069524466991425, 0.05573049932718277, 0.05839147791266441, 0.06105245277285576, 0.0637134313583374, 0.06637440621852875, 0.06903538107872009, 0.07169635593891144, 0.07435733824968338]}, "gradients/graph_48spatial.1.bias": {"_type": "histogram", "values": [1.0, 0.0, 0.0, 0.0, 0.0, 0.0, 0.0, 0.0, 0.0, 0.0, 0.0, 0.0, 0.0, 0.0, 1.0, 0.0, 0.0, 1.0, 0.0, 1.0, 1.0, 1.0, 1.0, 1.0, 1.0, 1.0, 1.0, 0.0, 1.0, 2.0, 2.0, 0.0, 2.0, 0.0, 0.0, 0.0, 2.0, 1.0, 0.0, 1.0, 0.0, 0.0, 2.0, 0.0, 0.0, 0.0, 2.0, 1.0, 1.0, 0.0, 0.0, 0.0, 0.0, 0.0, 0.0, 0.0, 1.0, 0.0, 0.0, 0.0, 0.0, 0.0, 0.0, 1.0], "bins": [-0.13639064133167267, -0.13219039142131805, -0.12799014151096344, -0.12378989160060883, -0.11958964169025421, -0.1153893917798996, -0.11118913441896439, -0.10698888450860977, -0.10278863459825516, -0.09858838468790054, -0.09438813477754593, -0.09018788486719131, -0.0859876275062561, -0.08178737759590149, -0.07758712768554688, -0.07338687777519226, -0.06918662786483765, -0.06498637795448303, -0.06078612804412842, -0.056585874408483505, -0.05238562449812889, -0.04818537458777428, -0.043985120952129364, -0.03978487104177475, -0.035584621131420135, -0.03138437122106552, -0.027184119448065758, -0.022983867675065994, -0.01878361776471138, -0.014583367854356766, -0.010383116081357002, -0.006182864308357239, -0.0019825994968414307, 0.002217651344835758, 0.006417902186512947, 0.010618153028190136, 0.014818403869867325, 0.01901865378022194, 0.023218905553221703, 0.027419157326221466, 0.03161940723657608, 0.035819657146930695, 0.04001990705728531, 0.04422016069293022, 0.048420410603284836, 0.05262066051363945, 0.05682091414928436, 0.06102116405963898, 0.06522141396999359, 0.0694216638803482, 0.07362191379070282, 0.07782216370105743, 0.08202241361141205, 0.08622266352176666, 0.09042292088270187, 0.09462317079305649, 0.0988234207034111, 0.10302367061376572, 0.10722392052412033, 0.11142417043447495, 0.11562442779541016, 0.11982467770576477, 0.12402492761611938, 0.128225177526474, 0.1324254274368286]}, "gradients/graph_48spatial.0.weight": {"_type": "histogram",