{"batch loss": 0.8601779937744141, "_timestamp": 1651865714, "_runtime": 443, "_step": 689, "epoch": 29, "train/train_loss": 0.775133653120561, "train/train_acc": 0.6458601064806315, "train/train_f1": 0.6401236379156727, "val/val_loss": 1.0598502329417638, "val/vaL_acc": 0.5067350865939705, "val/val_f1": 0.5021688147334135, "gradients/graph_31fc2.bias": {"_type": "histogram", "values": [1.0, 0.0, 0.0, 0.0, 0.0, 0.0, 0.0, 0.0, 0.0, 0.0, 0.0, 0.0, 0.0, 0.0, 0.0, 0.0, 0.0, 0.0, 0.0, 0.0, 0.0, 0.0, 0.0, 0.0, 0.0, 0.0, 0.0, 0.0, 0.0, 0.0, 0.0, 0.0, 0.0, 0.0, 0.0, 0.0, 0.0, 0.0, 0.0, 0.0, 0.0, 0.0, 0.0, 0.0, 0.0, 0.0, 0.0, 0.0, 0.0, 1.0, 0.0, 0.0, 0.0, 0.0, 0.0, 0.0, 0.0, 0.0, 0.0, 0.0, 0.0, 0.0, 0.0, 1.0], "bins": [-0.042479611933231354, -0.0413561575114727, -0.04023270308971405, -0.0391092523932457, -0.037985797971487045, -0.036862343549728394, -0.03573888912796974, -0.03461543470621109, -0.03349198028445244, -0.03236852586269379, -0.031245073303580284, -0.030121618881821632, -0.02899816446006298, -0.027874711900949478, -0.026751257479190826, -0.025627803057432175, -0.024504350498318672, -0.02338089607656002, -0.022257443517446518, -0.021133989095687866, -0.020010534673929214, -0.018887080252170563, -0.01776362769305706, -0.01664017327129841, -0.015516720712184906, -0.014393267221748829, -0.013269812799990177, -0.0121463593095541, -0.011022904887795448, -0.009899451397359371, -0.008775997906923294, -0.007652543485164642, -0.006529087200760841, -0.005405633244663477, -0.0042821792885661125, -0.0031587257981300354, -0.002035271842032671, -0.0009118178859353065, 0.00021163560450077057, 0.0013350900262594223, 0.002458544448018074, 0.0035819984041154385, 0.004705452360212803, 0.00582890585064888, 0.006952359806746244, 0.008075813762843609, 0.009199267253279686, 0.010322721675038338, 0.01144617423415184, 0.012569627724587917, 0.013693082146346569, 0.014816535636782646, 0.015939990058541298, 0.0170634426176548, 0.018186897039413452, 0.019310351461172104, 0.020433805882930756, 0.021557260304689407, 0.02268071286380291, 0.02380416728556156, 0.024927621707320213, 0.026051074266433716, 0.027174528688192368, 0.02829798310995102, 0.029421435669064522]}, "gradients/graph_31fc2.weight": {"_type": "histogram", "values": [1.0, 0.0, 0.0, 0.0, 0.0, 0.0, 1.0, 1.0, 1.0, 3.0, 2.0, 4.0, 9.0, 7.0, 6.0, 3.0, 10.0, 9.0, 10.0, 14.0, 13.0, 12.0, 13.0, 12.0, 18.0, 10.0, 6.0, 8.0, 9.0, 12.0, 7.0, 17.0, 9.0, 13.0, 9.0, 11.0, 17.0, 24.0, 22.0, 27.0, 31.0, 23.0, 31.0, 19.0, 24.0, 16.0, 14.0, 14.0, 12.0, 9.0, 4.0, 6.0, 4.0, 5.0, 2.0, 2.0, 1.0, 1.0, 0.0, 0.0, 0.0, 0.0, 0.0, 2.0], "bins": [-0.027362726628780365, -0.026566127315163612, -0.02576952800154686, -0.024972930550575256, -0.024176331236958504, -0.02337973192334175, -0.022583132609725, -0.021786533296108246, -0.020989935845136642, -0.02019333653151989, -0.019396737217903137, -0.018600139766931534, -0.01780354045331478, -0.01700694113969803, -0.016210341826081276, -0.015413743443787098, -0.014617144130170345, -0.013820544816553593, -0.013023946434259415, -0.012227347120642662, -0.011430748738348484, -0.010634149424731731, -0.009837551042437553, -0.0090409517288208, -0.008244352415204048, -0.007447753567248583, -0.0066511547192931175, -0.005854555405676365, -0.005057957023382187, -0.004261357709765434, -0.003464758861809969, -0.0026681600138545036, -0.0018715616315603256, -0.0010749627836048603, -0.00027836381923407316, 0.000518235145136714, 0.0013148339930921793, 0.0021114330738782883, 0.0029080319218337536, 0.003704630769789219, 0.004501229152083397, 0.005297828000038862, 0.0060944268479943275, 0.00689102616161108, 0.007687624543905258, 0.00848422385752201, 0.009280823171138763, 0.010077421553432941, 0.010874020867049694, 0.011670620180666447, 0.012467218562960625, 0.013263817876577377, 0.014060416258871555, 0.014857015572488308, 0.015653613954782486, 0.01645021326839924, 0.01724681258201599, 0.018043411895632744, 0.018840011209249496, 0.0196366086602211, 0.020433207973837852, 0.021229807287454605, 0.022026406601071358, 0.02282300591468811, 0.023619603365659714]}, "gradients/graph_31spatial.1.weight": {"_type": "histogram", "values": [1.0, 0.0, 0.0, 0.0, 1.0, 0.0, 0.0, 1.0, 0.0, 0.0, 0.0, 0.0, 0.0, 0.0, 1.0, 0.0, 0.0, 0.0, 0.0, 0.0, 0.0, 1.0, 0.0, 0.0, 1.0, 0.0, 0.0, 0.0, 0.0, 0.0, 0.0, 0.0, 0.0, 0.0, 0.0, 0.0, 0.0, 0.0, 0.0, 1.0, 0.0, 1.0, 0.0, 0.0, 1.0, 0.0, 0.0, 0.0, 0.0, 0.0, 0.0, 0.0, 0.0, 0.0, 0.0, 0.0, 0.0, 0.0, 0.0, 0.0, 0.0, 0.0, 0.0, 1.0], "bins": [-0.08784205466508865, -0.0844777300953865, -0.08111339807510376, -0.07774907350540161, -0.07438474893569946, -0.07102041691541672, -0.06765609234571457, -0.06429176032543182, -0.060927435755729675, -0.05756310746073723, -0.05419877916574478, -0.05083445459604263, -0.047470126301050186, -0.04410579800605774, -0.04074147343635559, -0.037377145141363144, -0.0340128168463707, -0.03064848855137825, -0.027284162119030952, -0.023919835686683655, -0.020555507391691208, -0.01719117909669876, -0.013826852664351463, -0.010462526232004166, -0.007098197937011719, -0.0037338705733418465, -0.0003695432096719742, 0.002994784153997898, 0.00635911151766777, 0.009723439812660217, 0.013087766245007515, 0.016452092677354813, 0.019816413521766663, 0.02318074181675911, 0.026545068249106407, 0.029909394681453705, 0.03327372297644615, 0.0366380512714386, 0.04000237584114075, 0.043366704136133194, 0.04673103243112564, 0.05009536072611809, 0.053459689021110535, 0.05682401359081268, 0.06018834188580513, 0.06355267018079758, 0.06691699475049973, 0.07028132677078247, 0.07364565134048462, 0.07700997591018677, 0.08037430793046951, 0.08373863250017166, 0.0871029645204544, 0.09046728909015656, 0.0938316136598587, 0.09719593822956085, 0.1005602702498436, 0.10392459481954575, 0.10728892683982849, 0.11065325140953064, 0.11401757597923279, 0.11738190799951553, 0.12074623256921768, 0.12411056458950043, 0.12747488915920258]}, "gradients/graph_31spatial.1.bias": {"_type": "histogram", "values": [1.0, 0.0, 0.0, 0.0, 0.0, 0.0, 1.0, 0.0, 0.0, 0.0, 1.0, 1.0, 0.0, 0.0, 0.0, 0.0, 0.0, 0.0, 0.0, 0.0, 0.0, 0.0, 0.0, 1.0, 0.0, 0.0, 1.0, 0.0, 0.0, 0.0, 0.0, 0.0, 0.0, 0.0, 0.0, 0.0, 0.0, 0.0, 0.0, 1.0, 0.0, 0.0, 1.0, 1.0, 0.0, 0.0, 0.0, 0.0, 0.0, 0.0, 0.0, 0.0, 0.0, 0.0, 0.0, 0.0, 0.0, 0.0, 0.0, 0.0, 0.0, 0.0, 0.0, 1.0], "bins": [-0.11617016047239304, -0.11171971261501312, -0.1072692722082138, -0.10281882435083389, -0.09836837649345398, -0.09391793608665466, -0.08946748822927475, -0.08501704037189484, -0.08056659996509552, -0.0761161521077156, -0.07166571170091629, -0.06721526384353638, -0.06276481598615646, -0.05831437185406685, -0.053863927721977234, -0.04941347986459732, -0.04496303200721741, -0.04051258787512779, -0.03606214001774788, -0.031611695885658264, -0.0271612498909235, -0.022710803896188736, -0.01826035976409912, -0.013809913769364357, -0.009359471499919891, -0.0049090259708464146, -0.0004585804417729378, 0.003991864621639252, 0.008442310616374016, 0.01289275661110878, 0.017343200743198395, 0.02179364673793316, 0.026244089007377625, 0.03069453500211239, 0.03514498099684715, 0.03959542512893677, 0.04404587298631668, 0.048496317118406296, 0.05294676125049591, 0.057397209107875824, 0.06184765696525574, 0.06629810482263565, 0.07074854522943497, 0.07519899308681488, 0.0796494409441948, 0.08409988880157471, 0.08855032920837402, 0.09300077706575394, 0.09745121747255325, 0.10190166532993317, 0.10635210573673248, 0.1108025535941124, 0.11525300145149231, 0.11970344185829163, 0.12415388971567154, 0.12860433757305145, 0.13305477797985077, 0.13750521838665009, 0.1419556736946106, 0.1464061141014099, 0.15085655450820923, 0.15530700981616974, 0.15975745022296906, 0.16420789062976837, 0.16865834593772888]}, "gradients/graph_31spatial.0.weight": {"_type": "histogram",