{"batch loss": 0.6006141901016235, "_timestamp": 1651810774, "_runtime": 1214, "_step": 649, "epoch": 24, "train/train_loss": 0.5788543224334717, "train/train_acc": 0.7552347715736041, "train/train_f1": 0.7542801680724958, "val/val_loss": 1.127532680829366, "val/vaL_acc": 0.5698005698005698, "val/val_f1": 0.5690215724272517, "gradients/graph_52fc2.bias": {"_type": "histogram", "values": [1.0, 0.0, 0.0, 0.0, 0.0, 0.0, 0.0, 0.0, 0.0, 0.0, 0.0, 0.0, 0.0, 0.0, 0.0, 0.0, 0.0, 0.0, 0.0, 0.0, 0.0, 0.0, 0.0, 0.0, 0.0, 0.0, 0.0, 0.0, 0.0, 0.0, 0.0, 0.0, 0.0, 0.0, 0.0, 0.0, 0.0, 0.0, 0.0, 0.0, 0.0, 0.0, 0.0, 0.0, 0.0, 0.0, 1.0, 0.0, 0.0, 0.0, 0.0, 0.0, 0.0, 0.0, 0.0, 0.0, 0.0, 0.0, 0.0, 0.0, 0.0, 0.0, 0.0, 1.0], "bins": [-0.040988095104694366, -0.03987419977784157, -0.03876030817627907, -0.03764641284942627, -0.03653252124786377, -0.03541862592101097, -0.03430473059415817, -0.03319083899259567, -0.032076943665742874, -0.030963050201535225, -0.029849156737327576, -0.028735261410474777, -0.027621367946267128, -0.02650747448205948, -0.02539357915520668, -0.02427968569099903, -0.023165792226791382, -0.022051898762583733, -0.020938005298376083, -0.019824109971523285, -0.018710216507315636, -0.017596323043107986, -0.016482427716255188, -0.015368534252047539, -0.01425464078783989, -0.01314074732363224, -0.012026852928102016, -0.010912958532571793, -0.009799065068364143, -0.008685171604156494, -0.00757127720862627, -0.006457383278757334, -0.005343493074178696, -0.004229599144309759, -0.0031157052144408226, -0.002001811284571886, -0.0008879173547029495, 0.00022597657516598701, 0.0013398705050349236, 0.00245376443490386, 0.0035676583647727966, 0.004681552294641733, 0.00579544622451067, 0.006909340154379606, 0.008023234084248543, 0.009137127548456192, 0.010251021943986416, 0.01136491633951664, 0.012478809803724289, 0.013592703267931938, 0.014706597663462162, 0.015820492058992386, 0.016934385523200035, 0.018048278987407684, 0.019162174314260483, 0.020276067778468132, 0.02138996124267578, 0.02250385470688343, 0.02361774817109108, 0.024731643497943878, 0.025845536962151527, 0.026959430426359177, 0.028073325753211975, 0.029187219217419624, 0.030301112681627274]}, "gradients/graph_52fc2.weight": {"_type": "histogram", "values": [1.0, 0.0, 0.0, 0.0, 0.0, 0.0, 0.0, 0.0, 1.0, 0.0, 0.0, 0.0, 0.0, 0.0, 0.0, 1.0, 1.0, 0.0, 1.0, 2.0, 4.0, 6.0, 9.0, 11.0, 27.0, 29.0, 29.0, 36.0, 49.0, 49.0, 63.0, 51.0, 72.0, 92.0, 104.0, 98.0, 113.0, 100.0, 101.0, 109.0, 87.0, 81.0, 66.0, 53.0, 61.0, 56.0, 41.0, 31.0, 20.0, 15.0, 5.0, 11.0, 3.0, 5.0, 3.0, 1.0, 5.0, 3.0, 1.0, 0.0, 0.0, 0.0, 0.0, 3.0], "bins": [-0.04641222953796387, -0.04515966773033142, -0.043907102197408676, -0.04265454038977623, -0.041401974856853485, -0.04014941304922104, -0.038896847516298294, -0.03764428570866585, -0.0363917201757431, -0.03513915836811066, -0.03388659283518791, -0.032634031027555466, -0.03138146549463272, -0.030128903687000275, -0.02887634001672268, -0.027623776346445084, -0.026371214538812637, -0.025118650868535042, -0.023866087198257446, -0.02261352352797985, -0.021360959857702255, -0.02010839805006981, -0.018855834379792213, -0.017603270709514618, -0.016350707039237022, -0.015098143368959427, -0.013845579698681831, -0.01259301695972681, -0.011340453289449215, -0.01008788961917162, -0.008835326880216599, -0.007582763209939003, -0.006330203264951706, -0.00507763959467411, -0.003825076390057802, -0.0025725129526108503, -0.0013199495151638985, -6.738584488630295e-05, 0.0011851773597300053, 0.0024377405643463135, 0.003690304234623909, 0.0049428679049015045, 0.006195431109517813, 0.007447994314134121, 0.008700557984411716, 0.009953121654689312, 0.011205684393644333, 0.012458248063921928, 0.013710811734199524, 0.01496337540447712, 0.016215939074754715, 0.01746850274503231, 0.018721066415309906, 0.019973628222942352, 0.021226191893219948, 0.022478755563497543, 0.02373131923377514, 0.024983882904052734, 0.02623644657433033, 0.027489010244607925, 0.02874157205224037, 0.029994137585163116, 0.031246699392795563, 0.03249926120042801, 0.033751826733350754]}, "gradients/graph_52spatial.1.weight": {"_type": "histogram", "values": [1.0, 0.0, 0.0, 0.0, 0.0, 0.0, 0.0, 0.0, 0.0, 0.0, 1.0, 0.0, 0.0, 0.0, 0.0, 0.0, 1.0, 1.0, 0.0, 0.0, 1.0, 0.0, 0.0, 0.0, 0.0, 0.0, 0.0, 0.0, 0.0, 0.0, 0.0, 0.0, 2.0, 2.0, 2.0, 2.0, 1.0, 3.0, 0.0, 2.0, 1.0, 0.0, 0.0, 0.0, 2.0, 1.0, 1.0, 0.0, 1.0, 2.0, 1.0, 1.0, 0.0, 0.0, 0.0, 0.0, 0.0, 0.0, 0.0, 0.0, 0.0, 0.0, 0.0, 1.0], "bins": [-0.07412669062614441, -0.0721592903137207, -0.0701918974518776, -0.06822449713945389, -0.06625709682703018, -0.06428970396518707, -0.06232230365276337, -0.06035490334033966, -0.05838750675320625, -0.056420110166072845, -0.05445270985364914, -0.05248531326651573, -0.050517916679382324, -0.04855051636695862, -0.04658311977982521, -0.0446157231926918, -0.0426483228802681, -0.04068092629313469, -0.03871352598071098, -0.036746129393577576, -0.03477872908115387, -0.03281133249402046, -0.030843935906887054, -0.028876537457108498, -0.02690913900732994, -0.024941740557551384, -0.022974342107772827, -0.02100694552063942, -0.019039547070860863, -0.017072148621082306, -0.015104751102626324, -0.013137353584170341, -0.011169962584972382, -0.009202564135193825, -0.0072351666167378426, -0.005267768632620573, -0.0033003706485033035, -0.0013329721987247467, 0.0006344253197312355, 0.0026018228381872177, 0.0045692212879657745, 0.006536619272083044, 0.008504017256200314, 0.010471414774656296, 0.012438813224434853, 0.01440621167421341, 0.016373608261346817, 0.018341006711125374, 0.02030840516090393, 0.022275803610682487, 0.024243202060461044, 0.026210598647594452, 0.02817799709737301, 0.030145395547151566, 0.03211279213428497, 0.03408019244670868, 0.03604758903384209, 0.038014985620975494, 0.0399823859333992, 0.04194978252053261, 0.043917179107666016, 0.04588457942008972, 0.04785197600722313, 0.04981937259435654, 0.05178677290678024]}, "gradients/graph_52spatial.1.bias": {"_type": "histogram", "values": [1.0, 0.0, 1.0, 0.0, 0.0, 0.0, 0.0, 0.0, 0.0, 0.0, 2.0, 0.0, 0.0, 0.0, 0.0, 0.0, 1.0, 0.0, 0.0, 0.0, 0.0, 1.0, 1.0, 1.0, 1.0, 2.0, 1.0, 1.0, 0.0, 1.0, 0.0, 1.0, 3.0, 1.0, 1.0, 1.0, 2.0, 1.0, 1.0, 0.0, 0.0, 0.0, 0.0, 1.0, 1.0, 0.0, 0.0, 0.0, 0.0, 0.0, 0.0, 0.0, 0.0, 0.0, 0.0, 0.0, 0.0, 0.0, 0.0, 0.0, 2.0, 0.0, 0.0, 1.0], "bins": [-0.1423688381910324, -0.13770753145217896, -0.1330462396144867, -0.12838493287563324, -0.12372364103794098, -0.11906233429908752, -0.11440103501081467, -0.10973973572254181, -0.10507843643426895, -0.1004171371459961, -0.09575583785772324, -0.09109453856945038, -0.08643323183059692, -0.08177193999290466, -0.07711063325405121, -0.07244933396577835, -0.0677880346775055, -0.06312673538923264, -0.05846543610095978, -0.05380413308739662, -0.049142833799123764, -0.044481534510850906, -0.03982023149728775, -0.03515893220901489, -0.030497632920742035, -0.025836333632469177, -0.02117503248155117, -0.016513731330633163, -0.011852432042360306, -0.007191132754087448, -0.0025298316031694412, 0.0021314695477485657, 0.006792768836021423, 0.011454069055616856, 0.016115369275212288, 0.020776670426130295, 0.025437969714403152, 0.03009926900267601, 0.034760572016239166, 0.039421871304512024, 0.04408317059278488, 0.04874446988105774, 0.0534057691693306, 0.05806707218289375, 0.06272837519645691, 0.06738966703414917, 0.07205097377300262, 0.07671227306127548, 0.08137357234954834, 0.0860348716378212, 0.09069617092609406, 0.09535747021436691, 0.10001876950263977, 0.10468007624149323, 0.10934137552976608, 0.11400267481803894, 0.1186639741063118, 0.12332527339458466, 0.1279865801334381, 0.13264787197113037, 0.13730917870998383, 0.1419704705476761, 0.14663177728652954, 0.1512930691242218, 0.15595437586307526]}, "gradients/graph_52spatial.0.weight": {"_type": "histogram",