{"batch loss": 0.5903342962265015, "_timestamp": 1651809552, "_runtime": 1177, "_step": 649, "epoch": 24, "train/train_loss": 0.5614852130413055, "train/train_acc": 0.7626903553299492, "train/train_f1": 0.7603232314273717, "val/val_loss": 1.0257964531580608, "val/vaL_acc": 0.5868945868945868, "val/val_f1": 0.5865854099220257, "gradients/graph_51fc2.bias": {"_type": "histogram", "values": [1.0, 0.0, 0.0, 0.0, 0.0, 0.0, 0.0, 0.0, 0.0, 0.0, 0.0, 0.0, 0.0, 0.0, 0.0, 0.0, 0.0, 0.0, 0.0, 0.0, 0.0, 0.0, 0.0, 0.0, 0.0, 0.0, 0.0, 0.0, 0.0, 0.0, 0.0, 0.0, 0.0, 0.0, 0.0, 0.0, 0.0, 0.0, 0.0, 0.0, 0.0, 0.0, 0.0, 0.0, 0.0, 0.0, 0.0, 0.0, 0.0, 0.0, 0.0, 0.0, 0.0, 0.0, 0.0, 0.0, 0.0, 0.0, 0.0, 1.0, 0.0, 0.0, 0.0, 1.0], "bins": [-0.061301447451114655, -0.05981787294149399, -0.05833429843187332, -0.05685072019696236, -0.05536714568734169, -0.053883571177721024, -0.05239999294281006, -0.05091641843318939, -0.049432843923568726, -0.04794926941394806, -0.04646569490432739, -0.04498211666941643, -0.04349854215979576, -0.042014967650175095, -0.04053138941526413, -0.03904781490564346, -0.0375642403960228, -0.03608066588640213, -0.034597091376781464, -0.0331135131418705, -0.03162993863224983, -0.030146364122629166, -0.02866278775036335, -0.027179211378097534, -0.025695636868476868, -0.0242120623588562, -0.022728485986590385, -0.02124490961432457, -0.019761335104703903, -0.018277760595083237, -0.01679418422281742, -0.01531060878187418, -0.01382702961564064, -0.0123434541746974, -0.010859878733754158, -0.009376303292810917, -0.007892727851867676, -0.006409152410924435, -0.0049255769699811935, -0.0034420015290379524, -0.0019584260880947113, -0.0004748506471514702, 0.001008724793791771, 0.002492300234735012, 0.003975875675678253, 0.005459451116621494, 0.006943026557564735, 0.008426601998507977, 0.009910177439451218, 0.011393752880394459, 0.0128773283213377, 0.014360903762280941, 0.015844479203224182, 0.01732805371284485, 0.018811630085110664, 0.02029520645737648, 0.021778780966997147, 0.023262355476617813, 0.02474593184888363, 0.026229508221149445, 0.02771308273077011, 0.029196657240390778, 0.030680233612656593, 0.03216380998492241, 0.033647384494543076]}, "gradients/graph_51fc2.weight": {"_type": "histogram", "values": [2.0, 0.0, 0.0, 0.0, 1.0, 4.0, 2.0, 5.0, 4.0, 4.0, 9.0, 9.0, 12.0, 18.0, 16.0, 17.0, 37.0, 29.0, 35.0, 38.0, 45.0, 49.0, 63.0, 66.0, 66.0, 81.0, 102.0, 118.0, 94.0, 103.0, 119.0, 128.0, 99.0, 120.0, 128.0, 99.0, 83.0, 109.0, 94.0, 88.0, 82.0, 90.0, 68.0, 60.0, 62.0, 39.0, 46.0, 29.0, 30.0, 20.0, 15.0, 17.0, 17.0, 7.0, 9.0, 1.0, 3.0, 1.0, 3.0, 3.0, 0.0, 1.0, 0.0, 1.0], "bins": [-0.038279809057712555, -0.03710881248116493, -0.03593781962990761, -0.034766823053359985, -0.03359583020210266, -0.03242483362555504, -0.031253837049007416, -0.03008284419775009, -0.02891184762120247, -0.027740852907299995, -0.026569858193397522, -0.0253988616168499, -0.024227866902947426, -0.023056872189044952, -0.02188587747514248, -0.020714882761240005, -0.019543888047337532, -0.01837289333343506, -0.017201898619532585, -0.01603090390563011, -0.014859907329082489, -0.013688912615180016, -0.012517917901277542, -0.011346922256052494, -0.010175928473472595, -0.009004933759570122, -0.007833938114345074, -0.0066629434004426, -0.0054919482208788395, -0.004320953041315079, -0.0031499583274126053, -0.0019789626821875572, -0.0008079670369625092, 0.0003630280261859298, 0.0015340230893343687, 0.002705018036067486, 0.0038760132156312466, 0.005047008395195007, 0.006218003109097481, 0.007388998754322529, 0.008559994399547577, 0.00973098911345005, 0.010901984758675098, 0.012072979472577572, 0.01324397511780262, 0.014414969831705093, 0.015585964545607567, 0.01675695925951004, 0.017927953973412514, 0.019098948687314987, 0.02026994340121746, 0.021440938115119934, 0.022611934691667557, 0.02378292940557003, 0.024953924119472504, 0.026124920696020126, 0.02729591354727745, 0.028466908261179924, 0.029637902975082397, 0.03080889955163002, 0.031979892402887344, 0.03315088897943497, 0.03432188183069229, 0.035492878407239914, 0.03666387498378754]}, "gradients/graph_51spatial.1.weight": {"_type": "histogram", "values": [1.0, 0.0, 0.0, 0.0, 0.0, 0.0, 0.0, 0.0, 0.0, 0.0, 1.0, 0.0, 1.0, 0.0, 1.0, 0.0, 1.0, 2.0, 0.0, 2.0, 0.0, 1.0, 0.0, 0.0, 1.0, 2.0, 1.0, 1.0, 1.0, 0.0, 0.0, 1.0, 1.0, 0.0, 1.0, 2.0, 0.0, 0.0, 0.0, 2.0, 0.0, 0.0, 0.0, 0.0, 0.0, 0.0, 1.0, 0.0, 1.0, 0.0, 0.0, 0.0, 1.0, 0.0, 2.0, 1.0, 0.0, 0.0, 0.0, 0.0, 0.0, 0.0, 0.0, 1.0], "bins": [-0.09019970893859863, -0.08739857375621796, -0.08459744602441788, -0.0817963108420372, -0.07899518311023712, -0.07619404792785645, -0.07339291274547577, -0.07059178501367569, -0.06779065728187561, -0.06498952209949493, -0.062188394367694855, -0.05938725918531418, -0.0565861314535141, -0.05378499627113342, -0.050983864814043045, -0.04818273335695267, -0.04538159817457199, -0.04258046671748161, -0.039779335260391235, -0.03697820007801056, -0.03417707234621048, -0.0313759371638298, -0.028574805706739426, -0.025773674249649048, -0.02297253906726837, -0.020171407610177994, -0.017370276153087616, -0.014569142833352089, -0.011768011376261711, -0.008966879919171333, -0.006165746599435806, -0.0033646151423454285, -0.0005634874105453491, 0.002237644512206316, 0.005038776434957981, 0.007839908823370934, 0.010641040280461311, 0.01344217173755169, 0.016243305057287216, 0.019044436514377594, 0.021845564246177673, 0.02464669570326805, 0.02744782716035843, 0.030248960480093956, 0.033050090074539185, 0.03585122525691986, 0.03865235671401024, 0.041453488171100616, 0.04425462335348129, 0.04705575481057167, 0.04985688626766205, 0.052658021450042725, 0.055459149181842804, 0.05826028436422348, 0.06106141582131386, 0.06386254727840424, 0.06666368246078491, 0.06946481764316559, 0.07226594537496567, 0.07506708055734634, 0.07786820828914642, 0.0806693434715271, 0.08347047865390778, 0.08627160638570786, 0.08907273411750793]}, "gradients/graph_51spatial.1.bias": {"_type": "histogram", "values": [1.0, 0.0, 0.0, 0.0, 2.0, 1.0, 1.0, 0.0, 1.0, 0.0, 1.0, 2.0, 0.0, 0.0, 0.0, 0.0, 5.0, 0.0, 0.0, 0.0, 1.0, 2.0, 0.0, 1.0, 1.0, 1.0, 1.0, 0.0, 0.0, 0.0, 1.0, 0.0, 1.0, 1.0, 0.0, 0.0, 0.0, 0.0, 0.0, 0.0, 1.0, 0.0, 0.0, 0.0, 0.0, 0.0, 0.0, 0.0, 0.0, 1.0, 0.0, 0.0, 0.0, 1.0, 0.0, 0.0, 0.0, 0.0, 1.0, 0.0, 0.0, 0.0, 0.0, 2.0], "bins": [-0.1531762033700943, -0.14680960774421692, -0.14044299721717834, -0.13407640159130096, -0.12770980596542358, -0.1213432103395462, -0.11497660726308823, -0.10861000418663025, -0.10224340856075287, -0.09587681293487549, -0.08951020985841751, -0.08314360678195953, -0.07677701115608215, -0.07041041553020477, -0.0640438124537468, -0.05767721310257912, -0.05131061375141144, -0.04494401440024376, -0.03857741504907608, -0.0322108156979084, -0.025844216346740723, -0.019477616995573044, -0.013111017644405365, -0.006744418293237686, -0.0003778189420700073, 0.0059887804090976715, 0.01235537976026535, 0.01872197911143303, 0.025088578462600708, 0.03145517781376839, 0.037821777164936066, 0.044188376516103745, 0.05055496096611023, 0.05692156031727791, 0.06328815966844559, 0.06965476274490356, 0.07602135837078094, 0.08238795399665833, 0.0887545570731163, 0.09512116014957428, 0.10148775577545166, 0.10785435140132904, 0.11422095447778702, 0.120587557554245, 0.12695415318012238, 0.13332074880599976, 0.13968735933303833, 0.1460539549589157, 0.1524205505847931, 0.15878714621067047, 0.16515374183654785, 0.17152035236358643, 0.1778869479894638, 0.1842535436153412, 0.19062015414237976, 0.19698674976825714, 0.20335334539413452, 0.2097199410200119, 0.21608653664588928, 0.22245314717292786, 0.22881974279880524, 0.23518633842468262, 0.2415529489517212, 0.24791954457759857, 0.25428614020347595]}, "gradients/graph_51spatial.0.weight": {"_type": "histogram",