{"batch loss": 0.8113758563995361, "_timestamp": 1651876329, "_runtime": 932, "_step": 689, "epoch": 29, "train/train_loss": 0.8163603869351473, "train/train_acc": 0.621810170736185, "train/train_f1": 0.6244096105652692, "val/val_loss": 1.014570849282401, "val/vaL_acc": 0.49583066067992304, "val/val_f1": 0.5022813106813677, "gradients/graph_47fc2.bias": {"_type": "histogram", "values": [1.0, 0.0, 0.0, 0.0, 0.0, 0.0, 0.0, 0.0, 0.0, 0.0, 0.0, 0.0, 0.0, 0.0, 0.0, 0.0, 0.0, 0.0, 0.0, 0.0, 0.0, 0.0, 0.0, 0.0, 0.0, 0.0, 0.0, 0.0, 0.0, 0.0, 0.0, 0.0, 0.0, 0.0, 0.0, 0.0, 0.0, 0.0, 0.0, 0.0, 0.0, 0.0, 0.0, 0.0, 0.0, 0.0, 0.0, 0.0, 0.0, 0.0, 0.0, 0.0, 0.0, 0.0, 0.0, 0.0, 0.0, 1.0, 0.0, 0.0, 0.0, 0.0, 0.0, 1.0], "bins": [-0.018607737496495247, -0.018148496747016907, -0.017689254134893417, -0.017230013385415077, -0.016770772635936737, -0.016311530023813248, -0.015852289274334908, -0.015393047593533993, -0.014933805912733078, -0.014474564231932163, -0.014015323482453823, -0.013556081801652908, -0.013096840120851994, -0.012637598440051079, -0.012178357690572739, -0.011719116009771824, -0.011259874328970909, -0.010800632648169994, -0.010341391898691654, -0.00988215021789074, -0.009422908537089825, -0.00896366685628891, -0.00850442610681057, -0.008045184426009655, -0.007585943676531315, -0.007126702461391687, -0.006667460780590773, -0.006208219565451145, -0.00574897788465023, -0.005289736669510603, -0.0048304954543709755, -0.004371253773570061, -0.003912012092769146, -0.003452770644798875, -0.0029935291968286037, -0.0025342879816889763, -0.0020750463008880615, -0.001615805085748434, -0.001156563637778163, -0.0006973221898078918, -0.00023808050900697708, 0.00022116090985946357, 0.0006804023287259042, 0.0011396437184885144, 0.0015988851664587855, 0.002058126498013735, 0.002517367945984006, 0.002976609393954277, 0.0034358506090939045, 0.0038950920570641756, 0.004354333505034447, 0.004813574720174074, 0.005272816400974989, 0.005732057616114616, 0.006191299296915531, 0.006650540512055159, 0.007109781727194786, 0.0075690229423344135, 0.008028264157474041, 0.008487505838274956, 0.00894674751907587, 0.009405989199876785, 0.009865229949355125, 0.01032447163015604, 0.010783713310956955]}, "gradients/graph_47fc2.weight": {"_type": "histogram", "values": [2.0, 2.0, 0.0, 0.0, 3.0, 2.0, 2.0, 3.0, 3.0, 4.0, 7.0, 4.0, 5.0, 9.0, 15.0, 16.0, 14.0, 20.0, 28.0, 32.0, 41.0, 35.0, 52.0, 55.0, 60.0, 71.0, 79.0, 80.0, 75.0, 74.0, 86.0, 94.0, 77.0, 74.0, 72.0, 71.0, 86.0, 61.0, 58.0, 72.0, 50.0, 37.0, 28.0, 41.0, 19.0, 21.0, 21.0, 28.0, 9.0, 14.0, 9.0, 5.0, 4.0, 2.0, 5.0, 1.0, 4.0, 4.0, 7.0, 2.0, 3.0, 0.0, 1.0, 1.0], "bins": [-0.041223760694265366, -0.03992617875337601, -0.03862860053777695, -0.03733101859688759, -0.03603344038128853, -0.03473585844039917, -0.03343828022480011, -0.03214069828391075, -0.030843118205666542, -0.029545538127422333, -0.028247958049178123, -0.026950377970933914, -0.025652796030044556, -0.024355217814445496, -0.023057635873556137, -0.021760055795311928, -0.02046247571706772, -0.01916489563882351, -0.0178673155605793, -0.01656973548233509, -0.015272154472768307, -0.013974574394524097, -0.012676993384957314, -0.011379413306713104, -0.010081833228468895, -0.008784253150224686, -0.007486672606319189, -0.0061890920624136925, -0.004891511984169483, -0.003593931905925274, -0.0022963513620197773, -0.0009987708181142807, 0.0002988055348396301, 0.001596385845914483, 0.002893966156989336, 0.004191546700894833, 0.005489126779139042, 0.006786706857383251, 0.008084287866950035, 0.009381867945194244, 0.010679448023438454, 0.011977028101682663, 0.013274608179926872, 0.014572189189493656, 0.01586977019906044, 0.0171673484146595, 0.01846493035554886, 0.019762510433793068, 0.021060090512037277, 0.022357670590281487, 0.023655250668525696, 0.024952830746769905, 0.026250410825014114, 0.027547992765903473, 0.028845572844147682, 0.03014315292239189, 0.03144073486328125, 0.03273831680417061, 0.03403589501976967, 0.03533347696065903, 0.03663105517625809, 0.037928637117147446, 0.039226215332746506, 0.040523797273635864, 0.041821375489234924]}, "gradients/graph_47spatial.1.weight": {"_type": "histogram", "values": [1.0, 0.0, 0.0, 0.0, 0.0, 0.0, 0.0, 0.0, 0.0, 0.0, 0.0, 0.0, 0.0, 0.0, 0.0, 0.0, 1.0, 0.0, 0.0, 1.0, 3.0, 0.0, 0.0, 0.0, 0.0, 0.0, 0.0, 2.0, 1.0, 0.0, 0.0, 1.0, 0.0, 0.0, 1.0, 0.0, 0.0, 1.0, 0.0, 0.0, 0.0, 0.0, 0.0, 0.0, 1.0, 0.0, 0.0, 1.0, 0.0, 1.0, 0.0, 0.0, 0.0, 0.0, 0.0, 1.0, 0.0, 0.0, 1.0, 0.0, 2.0, 0.0, 0.0, 1.0], "bins": [-0.02722935937345028, -0.0265255905687809, -0.025821823626756668, -0.025118054822087288, -0.024414286017417908, -0.023710517212748528, -0.023006748408079147, -0.022302981466054916, -0.021599212661385536, -0.020895443856716156, -0.020191676914691925, -0.019487908110022545, -0.018784139305353165, -0.018080370500683784, -0.017376601696014404, -0.016672834753990173, -0.015969065949320793, -0.015265297144651413, -0.014561529271304607, -0.013857761397957802, -0.013153992593288422, -0.012450223788619041, -0.011746455915272236, -0.01104268804192543, -0.01033891923725605, -0.00963515043258667, -0.008931382559239864, -0.008227614685893059, -0.007523845881223679, -0.006820077542215586, -0.006116309203207493, -0.0054125408641994, -0.004708770662546158, -0.004005002323538065, -0.003301233984529972, -0.002597465645521879, -0.0018936973065137863, -0.0011899289675056934, -0.00048616062849760056, 0.00021760771051049232, 0.0009213760495185852, 0.001625144388526678, 0.002328912727534771, 0.003032681066542864, 0.0037364494055509567, 0.00444021774455905, 0.0051439860835671425, 0.005847754422575235, 0.006551522761583328, 0.007255291100591421, 0.007959059439599514, 0.00866282731294632, 0.0093665961176157, 0.01007036492228508, 0.010774132795631886, 0.011477900668978691, 0.012181669473648071, 0.012885438278317451, 0.013589206151664257, 0.014292974025011063, 0.014996742829680443, 0.015700511634349823, 0.016404278576374054, 0.017108047381043434, 0.017811816185712814]}, "gradients/graph_47spatial.1.bias": {"_type": "histogram", "values": [2.0, 2.0, 1.0, 1.0, 0.0, 0.0, 0.0, 0.0, 0.0, 0.0, 1.0, 1.0, 1.0, 1.0, 0.0, 0.0, 1.0, 1.0, 0.0, 1.0, 0.0, 1.0, 0.0, 0.0, 0.0, 0.0, 0.0, 0.0, 0.0, 0.0, 0.0, 0.0, 0.0, 0.0, 0.0, 1.0, 0.0, 0.0, 0.0, 0.0, 0.0, 1.0, 0.0, 0.0, 0.0, 0.0, 0.0, 0.0, 0.0, 0.0, 0.0, 0.0, 0.0, 0.0, 0.0, 0.0, 0.0, 1.0, 0.0, 0.0, 2.0, 0.0, 0.0, 1.0], "bins": [-0.0261033084243536, -0.02489451877772808, -0.023685727268457413, -0.022476937621831894, -0.021268147975206375, -0.020059356465935707, -0.01885056681931019, -0.01764177531003952, -0.016432985663414, -0.015224195085465908, -0.014015404507517815, -0.012806614860892296, -0.011597824282944202, -0.010389033704996109, -0.00918024405837059, -0.007971453480422497, -0.006762662902474403, -0.00555387232452631, -0.004345082212239504, -0.003136291867122054, -0.0019275015220046043, -0.0007187109440565109, 0.0004900791682302952, 0.0016988692805171013, 0.0029076598584651947, 0.004116450436413288, 0.005325240548700094, 0.0065340306609869, 0.007742821238934994, 0.008951611816883087, 0.010160401463508606, 0.0113691920414567, 0.012577980756759644, 0.013786771334707737, 0.01499556191265583, 0.01620435155928135, 0.017413143068552017, 0.018621932715177536, 0.019830722361803055, 0.021039512008428574, 0.02224830351769924, 0.02345709316432476, 0.02466588467359543, 0.025874674320220947, 0.027083463966846466, 0.028292255476117134, 0.029501045122742653, 0.03070983663201332, 0.03191862627863884, 0.03312741592526436, 0.03433620557188988, 0.035544998943805695, 0.03675378859043121, 0.03796257823705673, 0.03917136788368225, 0.04038015753030777, 0.04158894717693329, 0.04279773682355881, 0.044006526470184326, 0.04521531984210014, 0.04642410948872566, 0.04763289913535118, 0.0488416887819767, 0.05005047842860222, 0.051259271800518036]}, "gradients/graph_47spatial.0.weight": {"_type": "histogram",