{"batch loss": 0.81298828125, "_timestamp": 1651765895, "_runtime": 671, "_step": 649, "epoch": 24, "train/train_loss": 0.7819397187232972, "train/train_acc": 0.651491116751269, "train/train_f1": 0.6512586551269409, "val/val_loss": 0.845342755317688, "val/vaL_acc": 0.6096866096866097, "val/val_f1": 0.6090915208564914, "gradients/graph_5fc2.bias": {"_type": "histogram", "values": [1.0, 0.0, 0.0, 0.0, 0.0, 0.0, 0.0, 0.0, 0.0, 0.0, 0.0, 0.0, 0.0, 0.0, 0.0, 0.0, 0.0, 0.0, 0.0, 0.0, 1.0, 0.0, 0.0, 0.0, 0.0, 0.0, 0.0, 0.0, 0.0, 0.0, 0.0, 0.0, 0.0, 0.0, 0.0, 0.0, 0.0, 0.0, 0.0, 0.0, 0.0, 0.0, 0.0, 0.0, 0.0, 0.0, 0.0, 0.0, 0.0, 0.0, 0.0, 0.0, 0.0, 0.0, 0.0, 0.0, 0.0, 0.0, 0.0, 0.0, 0.0, 0.0, 0.0, 1.0], "bins": [-0.054156653583049774, -0.05224066227674484, -0.05032467097043991, -0.04840867593884468, -0.04649268463253975, -0.04457669332623482, -0.042660702019929886, -0.040744706988334656, -0.038828715682029724, -0.03691272437572479, -0.03499673306941986, -0.03308073803782463, -0.0311647467315197, -0.029248755425214767, -0.027332764118909836, -0.025416770949959755, -0.023500779643654823, -0.02158478833734989, -0.01966879516839981, -0.01775280386209488, -0.0158368106931448, -0.013920819386839867, -0.01200482714921236, -0.010088834911584854, -0.008172843605279922, -0.006256851367652416, -0.00434085913002491, -0.002424867358058691, -0.0005088751204311848, 0.0014071166515350342, 0.0033231088891625404, 0.005239101126790047, 0.0071550942957401276, 0.009071086533367634, 0.01098707877099514, 0.012903070077300072, 0.014819063246250153, 0.016735054552555084, 0.018651045858860016, 0.020567039027810097, 0.022483032196760178, 0.02439902350306511, 0.02631501667201519, 0.028231007978320122, 0.030147001147270203, 0.032062992453575134, 0.033978983759880066, 0.035894975066185, 0.03781096637248993, 0.03972695767879486, 0.04164294898509979, 0.04355894401669502, 0.045474935322999954, 0.047390926629304886, 0.04930691793560982, 0.05122291296720505, 0.05313890427350998, 0.05505489557981491, 0.05697088688611984, 0.05888688191771507, 0.060802873224020004, 0.06271886825561523, 0.06463485956192017, 0.0665508508682251, 0.06846684217453003]}, "gradients/graph_5fc2.weight": {"_type": "histogram", "values": [1.0, 1.0, 2.0, 0.0, 0.0, 3.0, 3.0, 5.0, 4.0, 4.0, 2.0, 18.0, 16.0, 12.0, 18.0, 21.0, 22.0, 23.0, 18.0, 16.0, 25.0, 24.0, 17.0, 20.0, 20.0, 13.0, 15.0, 9.0, 11.0, 5.0, 6.0, 1.0, 1.0, 2.0, 2.0, 2.0, 1.0, 0.0, 3.0, 5.0, 7.0, 6.0, 10.0, 15.0, 13.0, 13.0, 15.0, 9.0, 14.0, 7.0, 12.0, 6.0, 11.0, 6.0, 5.0, 4.0, 6.0, 3.0, 2.0, 1.0, 2.0, 0.0, 1.0, 1.0], "bins": [-0.044991835951805115, -0.04342687129974365, -0.04186190664768219, -0.04029693827033043, -0.03873197361826897, -0.037167008966207504, -0.03560204058885574, -0.03403707593679428, -0.03247211128473282, -0.030907146632671356, -0.029342180117964745, -0.027777213603258133, -0.02621224895119667, -0.024647284299135208, -0.023082317784428596, -0.021517351269721985, -0.019952386617660522, -0.01838742196559906, -0.01682245545089245, -0.015257489867508411, -0.013692524284124374, -0.012127558700740337, -0.0105625931173563, -0.008997627533972263, -0.007432661950588226, -0.005867696367204189, -0.004302730783820152, -0.0027377652004361153, -0.0011727996170520782, 0.00039216596633195877, 0.001957131549715996, 0.003522097133100033, 0.00508706271648407, 0.006652028299868107, 0.008216993883252144, 0.009781959466636181, 0.011346925050020218, 0.012911890633404255, 0.014476856216788292, 0.016041822731494904, 0.017606787383556366, 0.01917175203561783, 0.02073671855032444, 0.02230168506503105, 0.023866649717092514, 0.025431614369153976, 0.026996580883860588, 0.0285615473985672, 0.030126512050628662, 0.031691476702690125, 0.03325644135475159, 0.03482140973210335, 0.03638637438416481, 0.03795133903622627, 0.03951630741357803, 0.041081272065639496, 0.04264623671770096, 0.04421120136976242, 0.04577616602182388, 0.047341134399175644, 0.048906099051237106, 0.05047106370329857, 0.05203603208065033, 0.05360099673271179, 0.055165961384773254]}, "gradients/graph_5spatial.1.weight": {"_type": "histogram", "values": [2.0, 1.0, 0.0, 0.0, 0.0, 0.0, 0.0, 0.0, 0.0, 0.0, 0.0, 0.0, 0.0, 0.0, 0.0, 1.0, 0.0, 0.0, 0.0, 0.0, 0.0, 1.0, 0.0, 1.0, 0.0, 0.0, 1.0, 1.0, 0.0, 0.0, 1.0, 0.0, 0.0, 0.0, 0.0, 1.0, 0.0, 0.0, 0.0, 1.0, 1.0, 0.0, 0.0, 0.0, 1.0, 0.0, 0.0, 0.0, 0.0, 0.0, 0.0, 1.0, 0.0, 1.0, 0.0, 0.0, 1.0, 2.0, 0.0, 0.0, 1.0, 0.0, 0.0, 1.0], "bins": [-0.055048346519470215, -0.05350342392921448, -0.05195850133895874, -0.050413578748703, -0.048868656158447266, -0.04732373356819153, -0.04577881097793579, -0.044233888387680054, -0.042688965797424316, -0.04114404320716858, -0.03959912061691284, -0.038054198026657104, -0.03650927543640137, -0.03496435284614563, -0.03341943025588989, -0.031874507665634155, -0.030329588800668716, -0.02878466621041298, -0.027239743620157242, -0.025694821029901505, -0.024149898439645767, -0.02260497584939003, -0.021060055121779442, -0.019515132531523705, -0.017970211803913116, -0.01642528921365738, -0.014880366623401642, -0.01333544496446848, -0.011790522374212742, -0.010245599783957005, -0.008700678125023842, -0.0071557555347681046, -0.0056108273565769196, -0.004065904766321182, -0.0025209826417267323, -0.0009760605171322823, 0.000568862073123455, 0.0021137846633791924, 0.003658706322312355, 0.005203628912568092, 0.006748553365468979, 0.008293475955724716, 0.009838398545980453, 0.011383320204913616, 0.012928242795169353, 0.01447316538542509, 0.016018087044358253, 0.01756300963461399, 0.01910793036222458, 0.020652852952480316, 0.022197775542736053, 0.02374269813299179, 0.025287620723247528, 0.026832543313503265, 0.028377464041113853, 0.02992238663136959, 0.03146731108427048, 0.033012233674526215, 0.03455715626478195, 0.03610207885503769, 0.037647001445293427, 0.039191924035549164, 0.0407368466258049, 0.04228176921606064, 0.04382668808102608]}, "gradients/graph_5spatial.1.bias": {"_type": "histogram", "values": [1.0, 0.0, 1.0, 0.0, 1.0, 0.0, 0.0, 0.0, 0.0, 0.0, 0.0, 0.0, 0.0, 0.0, 0.0, 0.0, 0.0, 1.0, 0.0, 0.0, 1.0, 0.0, 0.0, 0.0, 0.0, 0.0, 0.0, 0.0, 0.0, 0.0, 0.0, 2.0, 0.0, 1.0, 0.0, 2.0, 0.0, 0.0, 0.0, 1.0, 0.0, 0.0, 0.0, 0.0, 0.0, 0.0, 0.0, 0.0, 0.0, 0.0, 2.0, 0.0, 0.0, 0.0, 0.0, 0.0, 1.0, 0.0, 1.0, 1.0, 1.0, 1.0, 0.0, 2.0], "bins": [-0.0950441062450409, -0.09254544228315353, -0.09004678577184677, -0.08754812180995941, -0.08504946529865265, -0.08255080133676529, -0.08005214482545853, -0.07755348086357117, -0.0750548243522644, -0.07255616039037704, -0.07005750387907028, -0.06755883991718292, -0.06506018340587616, -0.0625615194439888, -0.06006285920739174, -0.05756419897079468, -0.05506553500890732, -0.05256687477231026, -0.050068214535713196, -0.047569554299116135, -0.045070894062519073, -0.042572230100631714, -0.04007356986403465, -0.03757490962743759, -0.03507624939084053, -0.03257758915424347, -0.030078928917646408, -0.027580266818404198, -0.025081606581807137, -0.022582946345210075, -0.020084284245967865, -0.017585624009370804, -0.01508697122335434, -0.012588310986757278, -0.010089649818837643, -0.007590989116579294, -0.005092328414320946, -0.0025936681777238846, -9.500700980424881e-05, 0.002403654158115387, 0.004902314394712448, 0.007400975096970797, 0.009899635799229145, 0.01239829696714878, 0.014896957203745842, 0.017395617440342903, 0.019894279539585114, 0.022392939776182175, 0.024891600012779236, 0.027390260249376297, 0.029888920485973358, 0.03238758072257042, 0.03488624095916748, 0.03738490492105484, 0.0398835651576519, 0.04238222539424896, 0.044880885630846024, 0.047379545867443085, 0.049878206104040146, 0.05237686634063721, 0.05487553030252457, 0.05737418681383133, 0.05987285077571869, 0.06237151101231575, 0.06487017124891281]}, "gradients/graph_5spatial.0.weight": {"_type": "histogram",