{"batch loss": 0.6445184946060181, "_timestamp": 1651770421, "_runtime": 1192, "_step": 649, "epoch": 24, "train/train_loss": 0.5500779271125793, "train/train_acc": 0.7649111675126904, "train/train_f1": 0.7636552589074799, "val/val_loss": 1.1728568077087402, "val/vaL_acc": 0.5484330484330484, "val/val_f1": 0.5426870123105276, "gradients/graph_10fc2.bias": {"_type": "histogram", "values": [1.0, 0.0, 0.0, 0.0, 0.0, 0.0, 0.0, 0.0, 0.0, 0.0, 0.0, 0.0, 0.0, 0.0, 0.0, 0.0, 0.0, 0.0, 0.0, 0.0, 0.0, 0.0, 1.0, 0.0, 0.0, 0.0, 0.0, 0.0, 0.0, 0.0, 0.0, 0.0, 0.0, 0.0, 0.0, 0.0, 0.0, 0.0, 0.0, 0.0, 0.0, 0.0, 0.0, 0.0, 0.0, 0.0, 0.0, 0.0, 0.0, 0.0, 0.0, 0.0, 0.0, 0.0, 0.0, 0.0, 0.0, 0.0, 0.0, 0.0, 0.0, 0.0, 0.0, 1.0], "bins": [-0.04300014302134514, -0.04150587320327759, -0.04001160338521004, -0.03851733356714249, -0.037023063749074936, -0.035528793931007385, -0.034034524112939835, -0.032540254294872284, -0.031045984476804733, -0.029551714658737183, -0.028057444840669632, -0.02656317502260208, -0.02506890520453453, -0.02357463538646698, -0.02208036556839943, -0.02058609575033188, -0.01909182406961918, -0.017597554251551628, -0.016103284433484077, -0.014609014615416527, -0.013114744797348976, -0.011620474979281425, -0.0101262042298913, -0.00863193441182375, -0.007137663662433624, -0.005643393844366074, -0.004149124026298523, -0.002654853742569685, -0.0011605839245021343, 0.00033368589356541634, 0.0018279561772942543, 0.003322225995361805, 0.004816494882106781, 0.006310764700174332, 0.007805034518241882, 0.009299304336309433, 0.010793574154376984, 0.012287843972444534, 0.01378211472183466, 0.01527638453990221, 0.016770653426647186, 0.018264923244714737, 0.019759193062782288, 0.021253462880849838, 0.02274773269891739, 0.02424200251698494, 0.02573627233505249, 0.02723054215312004, 0.02872481383383274, 0.03021908365190029, 0.03171335533261299, 0.03320762515068054, 0.03470189496874809, 0.03619616478681564, 0.037690434604883194, 0.039184704422950745, 0.040678974241018295, 0.042173244059085846, 0.0436675138771534, 0.04516178369522095, 0.0466560535132885, 0.04815032333135605, 0.0496445931494236, 0.05113886296749115, 0.0526331327855587]}, "gradients/graph_10fc2.weight": {"_type": "histogram", "values": [2.0, 0.0, 1.0, 4.0, 3.0, 4.0, 1.0, 1.0, 6.0, 4.0, 9.0, 6.0, 4.0, 19.0, 7.0, 10.0, 14.0, 25.0, 24.0, 39.0, 38.0, 41.0, 63.0, 51.0, 57.0, 80.0, 83.0, 94.0, 97.0, 111.0, 140.0, 133.0, 124.0, 135.0, 125.0, 112.0, 127.0, 100.0, 121.0, 109.0, 95.0, 84.0, 79.0, 54.0, 55.0, 55.0, 42.0, 27.0, 22.0, 26.0, 20.0, 24.0, 21.0, 17.0, 9.0, 11.0, 8.0, 3.0, 5.0, 4.0, 2.0, 1.0, 0.0, 2.0], "bins": [-0.032861292362213135, -0.031889382749795914, -0.030917471274733543, -0.029945561662316322, -0.028973650187253952, -0.02800174057483673, -0.02702983096241951, -0.02605791948735714, -0.02508600801229477, -0.024114098399877548, -0.023142186924815178, -0.022170277312397957, -0.021198365837335587, -0.020226456224918365, -0.019254546612501144, -0.018282635137438774, -0.017310725525021553, -0.016338815912604332, -0.015366904437541962, -0.01439499482512474, -0.01342308335006237, -0.01245117373764515, -0.011479263193905354, -0.010507352650165558, -0.009535443037748337, -0.008563532494008541, -0.007591621950268745, -0.006619711872190237, -0.005647801328450441, -0.004675890784710646, -0.0037039807066321373, -0.0027320701628923416, -0.001760156825184822, -0.0007882463978603482, 0.00018366402946412563, 0.0011555743403732777, 0.0021274848841130733, 0.003099395427852869, 0.004071305505931377, 0.005043216049671173, 0.006015127524733543, 0.006987038068473339, 0.007958948612213135, 0.008930858224630356, 0.009902769699692726, 0.010874679312109947, 0.011846589855849743, 0.012818500399589539, 0.01379041001200676, 0.014762320555746555, 0.01573423109948635, 0.016706140711903572, 0.017678052186965942, 0.018649961799383163, 0.019621871411800385, 0.020593782886862755, 0.021565694361925125, 0.022537603974342346, 0.023509515449404716, 0.024481425061821938, 0.025453336536884308, 0.02642524614930153, 0.02739715576171875, 0.02836906723678112, 0.02934097684919834]}, "gradients/graph_10spatial.1.weight": {"_type": "histogram", "values": [2.0, 0.0, 1.0, 1.0, 0.0, 0.0, 1.0, 1.0, 1.0, 0.0, 0.0, 1.0, 0.0, 1.0, 2.0, 0.0, 2.0, 2.0, 0.0, 3.0, 0.0, 1.0, 1.0, 0.0, 0.0, 0.0, 0.0, 2.0, 0.0, 0.0, 0.0, 0.0, 0.0, 0.0, 0.0, 0.0, 1.0, 1.0, 2.0, 1.0, 0.0, 0.0, 0.0, 1.0, 1.0, 0.0, 0.0, 0.0, 0.0, 0.0, 0.0, 0.0, 0.0, 0.0, 0.0, 0.0, 0.0, 0.0, 0.0, 0.0, 0.0, 0.0, 0.0, 1.0], "bins": [-0.06482446193695068, -0.06167083978652954, -0.0585172176361084, -0.055363595485687256, -0.05220997333526611, -0.04905635118484497, -0.04590273275971413, -0.042749110609292984, -0.03959548845887184, -0.0364418663084507, -0.033288244158029556, -0.030134623870253563, -0.02698100171983242, -0.023827379569411278, -0.020673759281635284, -0.017520137131214142, -0.014366514980793, -0.011212892830371857, -0.008059271611273289, -0.004905650392174721, -0.0017520282417535782, 0.0014015939086675644, 0.004555214196443558, 0.0077088363468647, 0.010862454771995544, 0.014016076922416687, 0.01716969907283783, 0.020323319360613823, 0.023476941511034966, 0.026630563661456108, 0.0297841839492321, 0.032937806099653244, 0.036091431975364685, 0.03924505412578583, 0.04239867627620697, 0.04555229842662811, 0.048705920577049255, 0.0518595427274704, 0.05501316115260124, 0.058166783303022385, 0.061320409178733826, 0.06447403132915497, 0.06762765347957611, 0.07078127562999725, 0.0739348977804184, 0.07708851993083954, 0.08024214208126068, 0.08339576423168182, 0.08654937893152237, 0.08970300108194351, 0.09285662323236465, 0.0960102453827858, 0.09916386753320694, 0.10231748968362808, 0.10547110438346863, 0.10862472653388977, 0.11177834868431091, 0.11493197083473206, 0.1180855929851532, 0.12123921513557434, 0.12439283728599548, 0.12754645943641663, 0.13070008158683777, 0.1338537037372589, 0.13700732588768005]}, "gradients/graph_10spatial.1.bias": {"_type": "histogram", "values": [1.0, 0.0, 0.0, 1.0, 0.0, 0.0, 1.0, 1.0, 0.0, 0.0, 0.0, 0.0, 1.0, 1.0, 1.0, 0.0, 1.0, 1.0, 0.0, 1.0, 1.0, 0.0, 4.0, 2.0, 0.0, 3.0, 0.0, 0.0, 0.0, 0.0, 2.0, 0.0, 0.0, 0.0, 0.0, 0.0, 0.0, 0.0, 0.0, 0.0, 2.0, 0.0, 0.0, 1.0, 0.0, 2.0, 0.0, 0.0, 0.0, 0.0, 0.0, 0.0, 1.0, 0.0, 0.0, 0.0, 0.0, 0.0, 0.0, 0.0, 0.0, 0.0, 1.0, 1.0], "bins": [-0.196824312210083, -0.18873116374015808, -0.18063801527023315, -0.17254488170146942, -0.1644517332315445, -0.15635858476161957, -0.14826545119285583, -0.1401723027229309, -0.13207915425300598, -0.12398600578308105, -0.11589286476373672, -0.1077997237443924, -0.09970657527446747, -0.09161342680454254, -0.08352028578519821, -0.07542714476585388, -0.06733399629592896, -0.05924085155129433, -0.0511477068066597, -0.04305456206202507, -0.03496141731739044, -0.026868272572755814, -0.018775127828121185, -0.010681983083486557, -0.0025888383388519287, 0.0055043064057827, 0.013597451150417328, 0.021690595895051956, 0.029783740639686584, 0.03787688538432121, 0.04597003012895584, 0.05406317487359047, 0.062156349420547485, 0.07024949789047241, 0.07834263890981674, 0.08643577992916107, 0.094528928399086, 0.10262207686901093, 0.11071521788835526, 0.11880835890769958, 0.1269015073776245, 0.13499465584754944, 0.14308780431747437, 0.1511809378862381, 0.15927408635616302, 0.16736723482608795, 0.17546036839485168, 0.1835535168647766, 0.19164666533470154, 0.19973981380462646, 0.2078329622745514, 0.21592609584331512, 0.22401924431324005, 0.23211239278316498, 0.2402055263519287, 0.24829867482185364, 0.25639182329177856, 0.2644849717617035, 0.2725781202316284, 0.28067126870155334, 0.28876441717147827, 0.2968575358390808, 0.30495068430900574, 0.31304383277893066, 0.3211369812488556]}, "gradients/graph_10spatial.0.weight": {"_type": "histogram",