{"batch loss": 1.1001498699188232, "_timestamp": 1651842994, "_runtime": 31, "_step": 22, "epoch": 0, "train/train_loss": 1.1131520596417515, "train/train_acc": 0.33321094180282723, "train/train_f1": 0.3289460672205132, "val/val_loss": 1.0906539474214827, "val/vaL_acc": 0.3688261706221937, "val/val_f1": 0.38614450445437715, "_wandb": {"runtime": 28}}