{"batch loss": 0.7458862066268921, "_timestamp": 1651775219, "_runtime": 776, "_step": 649, "epoch": 24, "train/train_loss": 0.7219028353691102, "train/train_acc": 0.692258883248731, "train/train_f1": 0.6906142481481977, "val/val_loss": 0.8542816837628683, "val/vaL_acc": 0.613960113960114, "val/val_f1": 0.616555621655647, "gradients/graph_15fc2.bias": {"_type": "histogram", "values": [1.0, 0.0, 0.0, 0.0, 0.0, 0.0, 0.0, 0.0, 0.0, 0.0, 0.0, 0.0, 0.0, 0.0, 0.0, 0.0, 0.0, 0.0, 0.0, 0.0, 0.0, 0.0, 0.0, 0.0, 0.0, 0.0, 0.0, 0.0, 0.0, 0.0, 0.0, 0.0, 0.0, 0.0, 0.0, 0.0, 0.0, 0.0, 0.0, 0.0, 0.0, 0.0, 0.0, 0.0, 0.0, 0.0, 0.0, 0.0, 0.0, 0.0, 0.0, 0.0, 0.0, 0.0, 0.0, 0.0, 1.0, 0.0, 0.0, 0.0, 0.0, 0.0, 0.0, 1.0], "bins": [-0.10861141979694366, -0.10590619593858719, -0.10320097208023071, -0.10049574822187424, -0.09779052436351776, -0.09508530050516129, -0.09238007664680481, -0.08967484533786774, -0.08696962893009186, -0.08426440507173538, -0.0815591812133789, -0.07885395735502243, -0.07614873349666595, -0.07344350963830948, -0.070738285779953, -0.06803305447101593, -0.06532783061265945, -0.06262260675430298, -0.0599173828959465, -0.05721215903759003, -0.05450693517923355, -0.051801711320877075, -0.0490964837372303, -0.046391259878873825, -0.04368603229522705, -0.040980808436870575, -0.0382755845785141, -0.03557036072015762, -0.03286513686180115, -0.030159911140799522, -0.027454685419797897, -0.02474946156144142, -0.022044241428375244, -0.01933901757001877, -0.016633793711662292, -0.013928567990660667, -0.011223344132304192, -0.008518120273947716, -0.005812894552946091, -0.003107670694589615, -0.0004024505615234375, 0.0023027737624943256, 0.005007998086512089, 0.007713222876191139, 0.010418446734547615, 0.013123670592904091, 0.015828896313905716, 0.018534120172262192, 0.021239347755908966, 0.023944571614265442, 0.026649795472621918, 0.029355021193623543, 0.03206024318933487, 0.034765467047691345, 0.03747069463133812, 0.040175918489694595, 0.04288114234805107, 0.04558636620640755, 0.04829159006476402, 0.0509968176484108, 0.05370204150676727, 0.05640726536512375, 0.059112489223480225, 0.0618177130818367, 0.06452293694019318]}, "gradients/graph_15fc2.weight": {"_type": "histogram", "values": [3.0, 0.0, 1.0, 0.0, 0.0, 1.0, 2.0, 2.0, 5.0, 4.0, 3.0, 15.0, 6.0, 9.0, 9.0, 9.0, 10.0, 7.0, 16.0, 15.0, 15.0, 17.0, 10.0, 16.0, 13.0, 17.0, 11.0, 18.0, 24.0, 20.0, 20.0, 18.0, 20.0, 12.0, 15.0, 21.0, 32.0, 27.0, 31.0, 26.0, 36.0, 41.0, 34.0, 46.0, 43.0, 39.0, 50.0, 41.0, 28.0, 27.0, 34.0, 29.0, 26.0, 15.0, 13.0, 19.0, 23.0, 9.0, 7.0, 6.0, 5.0, 2.0, 4.0, 3.0], "bins": [-0.052203770726919174, -0.050844527781009674, -0.04948528856039047, -0.04812604561448097, -0.04676680266857147, -0.04540756344795227, -0.04404832050204277, -0.04268907755613327, -0.04132983833551407, -0.03997059538960457, -0.03861135616898537, -0.03725211322307587, -0.03589287027716637, -0.034533627331256866, -0.033174388110637665, -0.031815145164728165, -0.030455902218818665, -0.029096661135554314, -0.027737418189644814, -0.026378177106380463, -0.025018934160470963, -0.02365969307720661, -0.02230045199394226, -0.02094120904803276, -0.01958196982741356, -0.018222728744149208, -0.016863485798239708, -0.015504244714975357, -0.014145002700388432, -0.012785760685801506, -0.011426519602537155, -0.01006727758795023, -0.008708029985427856, -0.007348787970840931, -0.005989546421915293, -0.0046303048729896545, -0.003271062858402729, -0.0019118208438158035, -0.0005525797605514526, 0.0008066622540354729, 0.0021659061312675476, 0.0035251479130238295, 0.004884389694780111, 0.0062436312437057495, 0.007602873258292675, 0.0089621152728796, 0.010321356356143951, 0.011680598370730877, 0.013039838522672653, 0.014399080537259579, 0.015758322551846504, 0.017117563635110855, 0.018476806581020355, 0.019836047664284706, 0.021195288747549057, 0.022554531693458557, 0.023913772776722908, 0.02527301385998726, 0.02663225680589676, 0.02799149788916111, 0.02935073897242546, 0.03070998191833496, 0.03206922113895416, 0.03342846408486366, 0.03478770703077316]}, "gradients/graph_15spatial.1.weight": {"_type": "histogram", "values": [1.0, 1.0, 0.0, 0.0, 0.0, 0.0, 0.0, 0.0, 1.0, 1.0, 1.0, 0.0, 0.0, 1.0, 0.0, 0.0, 0.0, 0.0, 0.0, 1.0, 0.0, 0.0, 0.0, 1.0, 0.0, 0.0, 1.0, 0.0, 1.0, 1.0, 1.0, 0.0, 0.0, 0.0, 0.0, 1.0, 0.0, 0.0, 0.0, 1.0, 0.0, 0.0, 0.0, 1.0, 0.0, 0.0, 0.0, 1.0, 0.0, 1.0, 0.0, 0.0, 0.0, 0.0, 1.0, 0.0, 0.0, 1.0, 0.0, 0.0, 0.0, 0.0, 0.0, 1.0], "bins": [-0.07793443650007248, -0.07531661540269852, -0.07269879430532455, -0.07008096575737, -0.06746314465999603, -0.06484532356262207, -0.06222750246524811, -0.05960967764258385, -0.056991852819919586, -0.054374031722545624, -0.05175620689988136, -0.0491383858025074, -0.04652056097984314, -0.04390273988246918, -0.041284918785095215, -0.038667093962430954, -0.03604927286505699, -0.03343145176768303, -0.03081362694501877, -0.028195805847644806, -0.025577981024980545, -0.022960159927606583, -0.02034233696758747, -0.01772451400756836, -0.015106692910194397, -0.012488869950175285, -0.009871046990156174, -0.007253224961459637, -0.004635402001440525, -0.0020175790414214134, 0.0006002429872751236, 0.0032180659472942352, 0.005835890769958496, 0.008453713729977608, 0.01107153668999672, 0.013689358718693256, 0.016307182610034943, 0.018925003707408905, 0.021542826667428017, 0.02416064962744713, 0.02677847445011139, 0.0293962974101305, 0.03201412037014961, 0.034631941467523575, 0.037249766290187836, 0.0398675873875618, 0.04248540848493576, 0.04510323330760002, 0.047721054404973984, 0.050338875502347946, 0.05295670032501221, 0.05557452142238617, 0.05819234624505043, 0.06081016734242439, 0.06342799216508865, 0.06604581326246262, 0.06866363435983658, 0.07128145545721054, 0.0738992765545845, 0.07651710510253906, 0.07913492619991302, 0.08175274729728699, 0.08437056839466095, 0.08698838949203491, 0.08960621803998947]}, "gradients/graph_15spatial.1.bias": {"_type": "histogram", "values": [2.0, 0.0, 0.0, 1.0, 0.0, 1.0, 0.0, 2.0, 0.0, 0.0, 0.0, 1.0, 0.0, 0.0, 0.0, 0.0, 0.0, 0.0, 0.0, 0.0, 0.0, 0.0, 0.0, 1.0, 0.0, 2.0, 1.0, 0.0, 1.0, 0.0, 0.0, 0.0, 0.0, 1.0, 0.0, 0.0, 1.0, 0.0, 0.0, 0.0, 0.0, 0.0, 1.0, 0.0, 0.0, 0.0, 1.0, 0.0, 1.0, 0.0, 1.0, 0.0, 0.0, 0.0, 0.0, 0.0, 1.0, 0.0, 0.0, 0.0, 0.0, 0.0, 0.0, 1.0], "bins": [-0.21157284080982208, -0.20336872339248657, -0.19516460597515106, -0.18696048855781555, -0.17875638604164124, -0.17055225372314453, -0.16234815120697021, -0.1541440337896347, -0.1459399163722992, -0.13773579895496368, -0.12953168153762817, -0.12132757157087326, -0.11312345415353775, -0.10491933673620224, -0.09671522676944733, -0.08851110935211182, -0.0803069919347763, -0.0721028745174408, -0.06389875710010529, -0.05569464713335037, -0.04749052971601486, -0.03928641229867935, -0.03108229860663414, -0.022878184914588928, -0.014674067497253418, -0.006469951942563057, 0.001734163612127304, 0.009938279166817665, 0.018142394721508026, 0.026346512138843536, 0.03455062583088875, 0.04275473952293396, 0.050958871841430664, 0.059162989258766174, 0.06736710667610168, 0.0755712166428566, 0.08377533406019211, 0.09197945147752762, 0.10018356144428253, 0.10838767886161804, 0.11659179627895355, 0.12479591369628906, 0.13300003111362457, 0.14120414853096008, 0.1494082510471344, 0.1576123833656311, 0.16581648588180542, 0.17402060329914093, 0.18222472071647644, 0.19042883813381195, 0.19863295555114746, 0.20683707296848297, 0.21504119038581848, 0.2232452929019928, 0.2314494103193283, 0.23965352773666382, 0.24785764515399933, 0.25606176257133484, 0.26426586508750916, 0.27246999740600586, 0.2806740999221802, 0.2888782322406769, 0.2970823347568512, 0.3052864670753479, 0.3134905695915222]}, "gradients/graph_15spatial.0.weight": {"_type": "histogram",