{"batch loss": 0.7301831245422363, "_timestamp": 1651864473, "_runtime": 807, "_step": 689, "epoch": 29, "train/train_loss": 0.7185689237984744, "train/train_acc": 0.6770699467596842, "train/train_f1": 0.67538619895191, "val/val_loss": 1.006986481802804, "val/vaL_acc": 0.5291853752405388, "val/val_f1": 0.5304788593244841, "gradients/graph_29fc2.bias": {"_type": "histogram", "values": [1.0, 0.0, 0.0, 0.0, 0.0, 0.0, 0.0, 0.0, 0.0, 0.0, 0.0, 0.0, 0.0, 0.0, 1.0, 0.0, 0.0, 0.0, 0.0, 0.0, 0.0, 0.0, 0.0, 0.0, 0.0, 0.0, 0.0, 0.0, 0.0, 0.0, 0.0, 0.0, 0.0, 0.0, 0.0, 0.0, 0.0, 0.0, 0.0, 0.0, 0.0, 0.0, 0.0, 0.0, 0.0, 0.0, 0.0, 0.0, 0.0, 0.0, 0.0, 0.0, 0.0, 0.0, 0.0, 0.0, 0.0, 0.0, 0.0, 0.0, 0.0, 0.0, 0.0, 1.0], "bins": [-0.023450415581464767, -0.022552546113729477, -0.021654676645994186, -0.020756805315613747, -0.019858935847878456, -0.018961066380143166, -0.018063195049762726, -0.017165325582027435, -0.016267456114292145, -0.015369586646556854, -0.014471716247498989, -0.013573845848441124, -0.012675976380705833, -0.011778106912970543, -0.010880236513912678, -0.009982366114854813, -0.009084496647119522, -0.008186627179384232, -0.007288756780326366, -0.006390886846929789, -0.005493016913533211, -0.004595146980136633, -0.003697277046740055, -0.0027994071133434772, -0.0019015371799468994, -0.0010036672465503216, -0.00010579731315374374, 0.0007920726202428341, 0.001689942553639412, 0.0025878124870359898, 0.0034856824204325676, 0.004383552353829145, 0.005281422287225723, 0.006179292220622301, 0.007077162154018879, 0.007975032553076744, 0.008872902020812035, 0.009770771488547325, 0.01066864188760519, 0.011566512286663055, 0.012464381754398346, 0.013362251222133636, 0.014260121621191502, 0.015157992020249367, 0.016055861487984657, 0.016953730955719948, 0.017851602286100388, 0.018749471753835678, 0.01964734122157097, 0.02054521068930626, 0.02144308015704155, 0.02234095148742199, 0.02323882095515728, 0.02413669042289257, 0.02503456175327301, 0.0259324312210083, 0.02683030068874359, 0.027728170156478882, 0.028626039624214172, 0.029523910954594612, 0.030421780422329903, 0.03131965175271034, 0.03221752122044563, 0.03311539068818092, 0.034013260155916214]}, "gradients/graph_29fc2.weight": {"_type": "histogram", "values": [1.0, 0.0, 0.0, 0.0, 0.0, 0.0, 1.0, 0.0, 3.0, 3.0, 2.0, 5.0, 6.0, 7.0, 6.0, 9.0, 15.0, 13.0, 19.0, 30.0, 30.0, 52.0, 53.0, 44.0, 71.0, 71.0, 77.0, 66.0, 82.0, 88.0, 91.0, 86.0, 87.0, 73.0, 43.0, 71.0, 53.0, 56.0, 61.0, 59.0, 52.0, 50.0, 48.0, 42.0, 36.0, 32.0, 37.0, 26.0, 18.0, 18.0, 16.0, 13.0, 10.0, 8.0, 3.0, 8.0, 3.0, 1.0, 2.0, 0.0, 0.0, 1.0, 1.0, 1.0], "bins": [-0.03251968324184418, -0.03153005614876747, -0.030540427193045616, -0.02955079823732376, -0.028561169281601906, -0.02757154032588005, -0.026581913232803345, -0.02559228427708149, -0.024602655321359634, -0.02361302636563778, -0.022623399272561073, -0.021633770316839218, -0.020644141361117363, -0.019654512405395508, -0.018664885312318802, -0.017675256356596947, -0.01668562926352024, -0.015696000307798386, -0.014706372283399105, -0.013716744258999825, -0.01272711530327797, -0.011737487278878689, -0.010747859254479408, -0.009758230298757553, -0.008768603205680847, -0.007778974715620279, -0.0067893462255597115, -0.005799718201160431, -0.004810089711099863, -0.003820461221039295, -0.0028308331966400146, -0.0018412047065794468, -0.0008515752851963043, 0.0001380530884489417, 0.0011276814620941877, 0.002117309719324112, 0.00310693820938468, 0.004096566699445248, 0.005086194723844528, 0.006075823213905096, 0.0070654526352882385, 0.008055080659687519, 0.009044709615409374, 0.010034337639808655, 0.01102396659553051, 0.01201359461992979, 0.013003222644329071, 0.013992851600050926, 0.014982478693127632, 0.015972107648849487, 0.016961734741926193, 0.01795136369764805, 0.018940992653369904, 0.01993061974644661, 0.020920248702168465, 0.02190987765789032, 0.022899504750967026, 0.02388913370668888, 0.024878760799765587, 0.025868389755487442, 0.026858018711209297, 0.027847647666931152, 0.02883727476000786, 0.029826903715729713, 0.03081653267145157]}, "gradients/graph_29spatial.1.weight": {"_type": "histogram", "values": [1.0, 0.0, 0.0, 0.0, 0.0, 0.0, 0.0, 1.0, 0.0, 1.0, 0.0, 1.0, 1.0, 0.0, 0.0, 0.0, 0.0, 0.0, 1.0, 0.0, 0.0, 0.0, 0.0, 0.0, 0.0, 0.0, 0.0, 0.0, 0.0, 0.0, 1.0, 2.0, 0.0, 0.0, 0.0, 0.0, 1.0, 0.0, 1.0, 0.0, 0.0, 0.0, 2.0, 1.0, 1.0, 0.0, 0.0, 0.0, 0.0, 0.0, 0.0, 0.0, 0.0, 1.0, 0.0, 1.0, 0.0, 0.0, 0.0, 0.0, 1.0, 0.0, 0.0, 2.0], "bins": [-0.06001030653715134, -0.05831744521856308, -0.056624580174684525, -0.05493171885609627, -0.05323885753750801, -0.051545992493629456, -0.0498531311750412, -0.04816026985645294, -0.046467408537864685, -0.04477454721927643, -0.04308168217539787, -0.041388820856809616, -0.03969595953822136, -0.038003094494342804, -0.03631023317575455, -0.03461737185716629, -0.032924506813287735, -0.03123164363205433, -0.029538782313466072, -0.027845919132232666, -0.02615305781364441, -0.024460194632411003, -0.022767331451177597, -0.02107447013258934, -0.019381605088710785, -0.01768874190747738, -0.015995880588889122, -0.014303017407655716, -0.012610155157744884, -0.010917292907834053, -0.009224429726600647, -0.0075315674766898155, -0.005838703364133835, -0.004145841114223003, -0.0024529783986508846, -0.0007601156830787659, 0.0009327465668320656, 0.002625608816742897, 0.004318471997976303, 0.0060113342478871346, 0.007704194635152817, 0.009397056885063648, 0.01108991913497448, 0.012782782316207886, 0.014475644566118717, 0.01616850681602955, 0.017861369997262955, 0.01955423131585121, 0.021247096359729767, 0.022939959540963173, 0.02463282085955143, 0.026325684040784836, 0.028018545359373093, 0.0297114085406065, 0.031404271721839905, 0.03309713304042816, 0.03478999435901642, 0.036482855677604675, 0.03817572072148323, 0.03986858204007149, 0.041561443358659744, 0.0432543084025383, 0.044947169721126556, 0.04664003103971481, 0.04833289608359337]}, "gradients/graph_29spatial.1.bias": {"_type": "histogram", "values": [1.0, 1.0, 0.0, 0.0, 0.0, 0.0, 1.0, 0.0, 0.0, 0.0, 0.0, 0.0, 0.0, 0.0, 2.0, 0.0, 0.0, 0.0, 0.0, 0.0, 0.0, 0.0, 0.0, 0.0, 1.0, 0.0, 0.0, 0.0, 0.0, 0.0, 1.0, 0.0, 0.0, 0.0, 1.0, 0.0, 1.0, 0.0, 0.0, 0.0, 1.0, 2.0, 1.0, 0.0, 0.0, 1.0, 1.0, 0.0, 0.0, 0.0, 0.0, 0.0, 0.0, 0.0, 0.0, 0.0, 1.0, 1.0, 0.0, 0.0, 0.0, 1.0, 0.0, 2.0], "bins": [-0.07989165931940079, -0.07758525013923645, -0.07527884840965271, -0.07297243922948837, -0.07066603004932404, -0.0683596283197403, -0.06605321913957596, -0.06374680995941162, -0.06144040822982788, -0.05913400277495384, -0.0568275973200798, -0.054521188139915466, -0.05221478268504143, -0.04990837723016739, -0.04760196805000305, -0.04529556259512901, -0.042989157140254974, -0.040682751685380936, -0.0383763462305069, -0.03606993705034256, -0.03376353159546852, -0.03145712614059448, -0.029150718823075294, -0.026844311505556107, -0.024537906050682068, -0.02223150059580803, -0.01992509327828884, -0.017618685960769653, -0.015312280505895615, -0.013005874119699001, -0.010699467733502388, -0.0083930604159832, -0.006086662411689758, -0.003780256025493145, -0.0014738496392965317, 0.0008325567469000816, 0.003138963133096695, 0.005445369519293308, 0.007751775905489922, 0.01005818322300911, 0.012364588677883148, 0.014670995064079762, 0.016977401450276375, 0.019283808767795563, 0.0215902142226696, 0.02389661967754364, 0.026203026995062828, 0.028509434312582016, 0.030815839767456055, 0.03312224522233009, 0.03542865067720413, 0.03773505985736847, 0.04004146531224251, 0.04234787076711655, 0.044654279947280884, 0.04696068540215492, 0.04926709085702896, 0.051573496311903, 0.05387990176677704, 0.056186310946941376, 0.058492716401815414, 0.06079912185668945, 0.06310553103685379, 0.06541194021701813, 0.06771834194660187]}, "gradients/graph_29spatial.0.weight": {"_type": "histogram",