{"batch loss": 0.8381117582321167, "_timestamp": 1651793564, "_runtime": 388, "_step": 649, "epoch": 24, "train/train_loss": 0.8578113174438476, "train/train_acc": 0.610247461928934, "train/train_f1": 0.6079968428707506, "val/val_loss": 0.8775862654050192, "val/vaL_acc": 0.603988603988604, "val/val_f1": 0.601964200147599, "gradients/graph_35fc2.bias": {"_type": "histogram", "values": [1.0, 0.0, 0.0, 0.0, 0.0, 0.0, 0.0, 0.0, 0.0, 0.0, 0.0, 0.0, 0.0, 0.0, 0.0, 0.0, 0.0, 0.0, 0.0, 0.0, 0.0, 0.0, 1.0, 0.0, 0.0, 0.0, 0.0, 0.0, 0.0, 0.0, 0.0, 0.0, 0.0, 0.0, 0.0, 0.0, 0.0, 0.0, 0.0, 0.0, 0.0, 0.0, 0.0, 0.0, 0.0, 0.0, 0.0, 0.0, 0.0, 0.0, 0.0, 0.0, 0.0, 0.0, 0.0, 0.0, 0.0, 0.0, 0.0, 0.0, 0.0, 0.0, 0.0, 1.0], "bins": [-0.011793732643127441, -0.011385075747966766, -0.010976418852806091, -0.010567762888967991, -0.010159105993807316, -0.00975044909864664, -0.00934179313480854, -0.008933136239647865, -0.00852447934448719, -0.008115822449326515, -0.0077071660198271275, -0.00729850959032774, -0.006889852695167065, -0.00648119580000639, -0.006072539370507002, -0.005663882941007614, -0.005255226045846939, -0.004846569150686264, -0.004437912721186876, -0.0040292562916874886, -0.0036205993965268135, -0.003211942734196782, -0.0028032860718667507, -0.0023946294095367193, -0.001985972747206688, -0.0015773160848766565, -0.0011686594225466251, -0.0007600027602165937, -0.00035134609788656235, 5.731056444346905e-05, 0.00046596722677350044, 0.0008746238891035318, 0.0012832805514335632, 0.0016919372137635946, 0.002100593876093626, 0.0025092505384236574, 0.002917907200753689, 0.00332656386308372, 0.0037352205254137516, 0.004143876954913139, 0.004552533850073814, 0.0049611907452344894, 0.005369847174733877, 0.005778503604233265, 0.00618716049939394, 0.006595817394554615, 0.007004473824054003, 0.0074131302535533905, 0.007821787148714066, 0.00823044404387474, 0.008639100939035416, 0.009047756902873516, 0.009456413798034191, 0.009865070693194866, 0.010273726657032967, 0.010682383552193642, 0.011091040447354317, 0.011499697342514992, 0.011908354237675667, 0.012317010201513767, 0.012725667096674442, 0.013134323991835117, 0.013542979955673218, 0.013951636850833893, 0.014360293745994568]}, "gradients/graph_35fc2.weight": {"_type": "histogram", "values": [1.0, 1.0, 0.0, 0.0, 1.0, 1.0, 1.0, 2.0, 0.0, 2.0, 0.0, 2.0, 1.0, 3.0, 6.0, 6.0, 4.0, 4.0, 3.0, 5.0, 10.0, 4.0, 10.0, 9.0, 9.0, 7.0, 9.0, 12.0, 15.0, 10.0, 8.0, 6.0, 11.0, 6.0, 11.0, 5.0, 4.0, 5.0, 7.0, 6.0, 5.0, 4.0, 6.0, 5.0, 3.0, 0.0, 2.0, 1.0, 3.0, 0.0, 0.0, 1.0, 1.0, 0.0, 0.0, 0.0, 0.0, 0.0, 0.0, 0.0, 0.0, 0.0, 1.0, 1.0], "bins": [-0.022836243733763695, -0.022041086107492447, -0.02124593034386635, -0.0204507727175951, -0.019655616953969002, -0.018860459327697754, -0.018065303564071655, -0.017270145937800407, -0.01647498831152916, -0.01567983068525791, -0.014884674921631813, -0.014089517295360565, -0.013294361531734467, -0.012499203905463219, -0.011704047210514545, -0.010908890515565872, -0.010113734751939774, -0.0093185780569911, -0.008523421362042427, -0.0077282642014324665, -0.006933107506483793, -0.00613795081153512, -0.0053427936509251595, -0.004547636955976486, -0.0037524793297052383, -0.002957322634756565, -0.002162165706977248, -0.0013670087791979313, -0.000571852084249258, 0.0002233046106994152, 0.0010184617713093758, 0.001813618466258049, 0.0026087723672389984, 0.0034039290621876717, 0.004199085757136345, 0.0049942429177463055, 0.005789399612694979, 0.006584556307643652, 0.0073797134682536125, 0.008174870163202286, 0.008970025926828384, 0.009765182621777058, 0.010560339316725731, 0.011355496942996979, 0.012150652706623077, 0.012945810332894325, 0.013740967027842999, 0.014536123722791672, 0.01533128134906292, 0.016126438975334167, 0.016921594738960266, 0.017716752365231514, 0.018511908128857613, 0.01930706575512886, 0.02010222151875496, 0.020897379145026207, 0.021692536771297455, 0.022487694397568703, 0.0232828501611948, 0.02407800778746605, 0.024873163551092148, 0.025668321177363396, 0.026463478803634644, 0.027258634567260742, 0.02805379033088684]}, "gradients/graph_35spatial.1.weight": {"_type": "histogram", "values": [1.0, 0.0, 0.0, 0.0, 0.0, 0.0, 0.0, 0.0, 0.0, 0.0, 0.0, 0.0, 0.0, 0.0, 0.0, 0.0, 0.0, 0.0, 0.0, 0.0, 0.0, 0.0, 1.0, 1.0, 0.0, 0.0, 0.0, 0.0, 0.0, 0.0, 1.0, 0.0, 0.0, 0.0, 0.0, 2.0, 0.0, 0.0, 0.0, 0.0, 0.0, 0.0, 1.0, 1.0, 0.0, 1.0, 0.0, 0.0, 0.0, 0.0, 0.0, 0.0, 0.0, 0.0, 0.0, 0.0, 0.0, 0.0, 0.0, 0.0, 0.0, 0.0, 0.0, 1.0], "bins": [-0.028975291177630424, -0.02832304686307907, -0.027670804411172867, -0.027018560096621513, -0.02636631764471531, -0.025714073330163956, -0.02506183087825775, -0.024409586563706398, -0.023757344111800194, -0.02310509979724884, -0.022452857345342636, -0.021800613030791283, -0.02114837057888508, -0.020496126264333725, -0.01984388381242752, -0.019191639497876167, -0.018539395183324814, -0.01788715086877346, -0.017234908416867256, -0.016582664102315903, -0.0159304216504097, -0.01527817826718092, -0.01462593488395214, -0.013973690569400787, -0.013321448117494583, -0.012669204734265804, -0.012016961351037025, -0.011364717967808247, -0.010712474584579468, -0.010060231201350689, -0.00940798781812191, -0.008755743503570557, -0.008103501982986927, -0.007451258599758148, -0.006799015216529369, -0.0061467718333005905, -0.005494528450071812, -0.004842285066843033, -0.004190041217952967, -0.003537797834724188, -0.0028855549171566963, -0.0022333115339279175, -0.0015810680342838168, -0.0009288245346397161, -0.0002765811514109373, 0.00037566223181784153, 0.001027905847877264, 0.0016801492311060429, 0.002332393079996109, 0.002984636463224888, 0.0036368798464536667, 0.0042891232296824455, 0.004941366612911224, 0.005593609996140003, 0.006245853845030069, 0.006898097228258848, 0.007550340611487627, 0.008202584460377693, 0.008854827843606472, 0.00950707122683525, 0.01015931461006403, 0.010811557993292809, 0.011463801376521587, 0.012116044759750366, 0.012768288142979145]}, "gradients/graph_35spatial.1.bias": {"_type": "histogram", "values": [1.0, 0.0, 0.0, 0.0, 0.0, 0.0, 0.0, 1.0, 0.0, 0.0, 0.0, 0.0, 1.0, 0.0, 0.0, 0.0, 0.0, 0.0, 0.0, 0.0, 0.0, 0.0, 0.0, 0.0, 0.0, 0.0, 0.0, 0.0, 0.0, 1.0, 0.0, 0.0, 0.0, 1.0, 0.0, 0.0, 1.0, 0.0, 0.0, 0.0, 0.0, 0.0, 0.0, 0.0, 0.0, 0.0, 0.0, 0.0, 0.0, 0.0, 1.0, 0.0, 0.0, 0.0, 0.0, 1.0, 0.0, 0.0, 0.0, 0.0, 0.0, 0.0, 0.0, 2.0], "bins": [-0.027666976675391197, -0.026998674497008324, -0.02633037231862545, -0.025662072002887726, -0.024993769824504852, -0.02432546764612198, -0.023657165467739105, -0.02298886328935623, -0.022320561110973358, -0.021652258932590485, -0.02098395675420761, -0.020315654575824738, -0.019647354260087013, -0.01897905208170414, -0.018310749903321266, -0.017642447724938393, -0.01697414740920067, -0.016305845230817795, -0.01563754305243492, -0.014969241805374622, -0.014300939626991749, -0.01363263837993145, -0.012964336201548576, -0.012296034023165703, -0.01162773184478283, -0.010959429666399956, -0.010291128419339657, -0.009622826240956783, -0.00895452406257391, -0.00828622281551361, -0.007617920637130737, -0.006949618458747864, -0.006281317211687565, -0.005613015498965979, -0.004944713320583105, -0.004276411607861519, -0.003608109662309289, -0.002939807716757059, -0.002271506004035473, -0.0016032038256525993, -0.0009349016472697258, -0.00026659975992515683, 0.00040170212741941214, 0.0010700039565563202, 0.00173830590210855, 0.00240660784766078, 0.003074909560382366, 0.0037432117387652397, 0.004411512985825539, 0.005079814698547125, 0.005748116876929998, 0.006416418589651585, 0.007084720768034458, 0.007753022480756044, 0.00842132419347763, 0.009089626371860504, 0.009757928550243378, 0.010426230728626251, 0.01109453197568655, 0.011762834154069424, 0.012431136332452297, 0.013099437579512596, 0.01376773975789547, 0.014436041936278343, 0.015104343183338642]}, "gradients/graph_35spatial.0.weight": {"_type": "histogram",