{"batch loss": 0.5536834001541138, "_timestamp": 1651877709, "_runtime": 783, "_step": 689, "epoch": 29, "train/train_loss": 0.6189348508011211, "train/train_acc": 0.7323297227831834, "train/train_f1": 0.7325907971306013, "val/val_loss": 1.1985573172569275, "val/vaL_acc": 0.4817190506735087, "val/val_f1": 0.49009433943518843, "gradients/graph_49fc2.bias": {"_type": "histogram", "values": [1.0, 0.0, 0.0, 0.0, 0.0, 0.0, 0.0, 0.0, 0.0, 0.0, 0.0, 0.0, 0.0, 0.0, 0.0, 0.0, 0.0, 0.0, 0.0, 0.0, 0.0, 0.0, 0.0, 0.0, 0.0, 0.0, 0.0, 0.0, 0.0, 0.0, 0.0, 0.0, 0.0, 0.0, 0.0, 0.0, 0.0, 0.0, 0.0, 0.0, 0.0, 0.0, 0.0, 0.0, 0.0, 0.0, 0.0, 0.0, 0.0, 0.0, 0.0, 0.0, 0.0, 0.0, 0.0, 0.0, 0.0, 0.0, 0.0, 1.0, 0.0, 0.0, 0.0, 1.0], "bins": [-0.03593705594539642, -0.035064611583948135, -0.034192170947790146, -0.03331972658634186, -0.03244728222489357, -0.03157483786344528, -0.030702397227287292, -0.029829952865839005, -0.028957508504390717, -0.028085066005587578, -0.02721262164413929, -0.02634017914533615, -0.025467734783887863, -0.024595292285084724, -0.023722849786281586, -0.022850405424833298, -0.02197796292603016, -0.02110552042722702, -0.020233076065778732, -0.019360633566975594, -0.018488189205527306, -0.017615746706724167, -0.01674330234527588, -0.01587085984647274, -0.014998417347669601, -0.014125973917543888, -0.013253530487418175, -0.012381087988615036, -0.011508643627166748, -0.01063620112836361, -0.009763757698237896, -0.008891314268112183, -0.008018868044018745, -0.007146424613893032, -0.006273981183767319, -0.005401538219302893, -0.004529094789177179, -0.003656651359051466, -0.00278420839458704, -0.0019117649644613266, -0.0010393206030130386, -0.00016687728930264711, 0.0007055660244077444, 0.001578009221702814, 0.0024504526518285275, 0.003322896081954241, 0.004195339046418667, 0.00506778247654438, 0.005940224975347519, 0.006812668405473232, 0.007685111835598946, 0.008557554334402084, 0.009429998695850372, 0.010302441194653511, 0.011174884624779224, 0.012047328054904938, 0.012919771485030651, 0.013792214915156364, 0.014664658345282078, 0.015537101775407791, 0.01640954427421093, 0.017281988635659218, 0.018154431134462357, 0.019026875495910645, 0.019899317994713783]}, "gradients/graph_49fc2.weight": {"_type": "histogram", "values": [1.0, 1.0, 0.0, 0.0, 0.0, 0.0, 0.0, 0.0, 0.0, 1.0, 0.0, 1.0, 3.0, 0.0, 2.0, 5.0, 7.0, 8.0, 11.0, 9.0, 21.0, 19.0, 16.0, 25.0, 45.0, 64.0, 50.0, 64.0, 47.0, 62.0, 78.0, 78.0, 71.0, 76.0, 71.0, 78.0, 93.0, 88.0, 73.0, 76.0, 84.0, 74.0, 71.0, 66.0, 59.0, 54.0, 35.0, 32.0, 22.0, 33.0, 8.0, 19.0, 13.0, 7.0, 10.0, 8.0, 7.0, 2.0, 4.0, 1.0, 5.0, 0.0, 1.0, 1.0], "bins": [-0.037702206522226334, -0.03665460646152496, -0.03560700640082359, -0.03455940634012222, -0.03351180627942085, -0.03246420621871948, -0.03141660615801811, -0.030369006097316742, -0.02932140603661537, -0.028273805975914, -0.02722620591521263, -0.02617860585451126, -0.02513100579380989, -0.02408340573310852, -0.02303580567240715, -0.02198820561170578, -0.02094060368835926, -0.01989300362765789, -0.01884540356695652, -0.01779780350625515, -0.01675020344555378, -0.01570260338485241, -0.014655002392828465, -0.013607402332127094, -0.01255980134010315, -0.01151220127940178, -0.010464601218700409, -0.009417001157999039, -0.008369401097297668, -0.007321800570935011, -0.006274200044572353, -0.005226599983870983, -0.0041790008544921875, -0.0031314007937908173, -0.0020838005002588034, -0.0010362002067267895, 1.1399853974580765e-05, 0.001058999914675951, 0.0021066004410386086, 0.003154200501739979, 0.004201799631118774, 0.005249399691820145, 0.006296999752521515, 0.0073446002788841724, 0.008392199873924255, 0.009439799934625626, 0.01048740092664957, 0.01153500098735094, 0.012582601979374886, 0.013630202040076256, 0.014677802100777626, 0.015725402161478996, 0.016773002222180367, 0.017820602282881737, 0.018868204206228256, 0.019915804266929626, 0.020963404327630997, 0.022011004388332367, 0.023058604449033737, 0.024106204509735107, 0.025153804570436478, 0.026201404631137848, 0.027249004691839218, 0.02829660475254059, 0.02934420481324196]}, "gradients/graph_49spatial.1.weight": {"_type": "histogram", "values": [1.0, 0.0, 0.0, 0.0, 0.0, 0.0, 0.0, 0.0, 0.0, 0.0, 0.0, 0.0, 0.0, 0.0, 0.0, 0.0, 0.0, 0.0, 0.0, 1.0, 0.0, 3.0, 0.0, 0.0, 1.0, 0.0, 0.0, 0.0, 3.0, 2.0, 0.0, 0.0, 1.0, 0.0, 1.0, 0.0, 1.0, 0.0, 0.0, 1.0, 1.0, 0.0, 0.0, 0.0, 0.0, 0.0, 0.0, 1.0, 0.0, 0.0, 0.0, 0.0, 0.0, 0.0, 1.0, 0.0, 0.0, 0.0, 0.0, 1.0, 0.0, 0.0, 0.0, 1.0], "bins": [-0.11779166758060455, -0.11440598964691162, -0.11102030426263809, -0.10763462632894516, -0.10424894094467163, -0.1008632630109787, -0.09747757762670517, -0.09409189969301224, -0.09070621430873871, -0.08732053637504578, -0.08393485099077225, -0.08054917305707932, -0.07716348767280579, -0.07377780973911285, -0.07039212435483932, -0.06700644642114639, -0.06362076103687286, -0.06023507937788963, -0.0568493977189064, -0.05346371605992317, -0.05007803440093994, -0.04669235646724701, -0.04330667108297348, -0.03992099314928055, -0.036535315215587616, -0.033149633556604385, -0.029763951897621155, -0.026378270238637924, -0.022992588579654694, -0.019606908783316612, -0.01622122712433338, -0.012835545465350151, -0.009449861943721771, -0.006064180284738541, -0.0026784990914165974, 0.0007071821019053459, 0.0040928637608885765, 0.0074785444885492325, 0.010864226147532463, 0.014249907806515694, 0.017635591328144073, 0.021021272987127304, 0.024406954646110535, 0.027792636305093765, 0.031178317964076996, 0.03456399589776993, 0.03794968128204346, 0.04133535921573639, 0.04472104087471962, 0.04810672253370285, 0.05149240419268608, 0.05487808585166931, 0.05826376751065254, 0.06164944916963577, 0.0650351271033287, 0.06842081248760223, 0.07180649042129517, 0.0751921683549881, 0.07857785373926163, 0.08196353167295456, 0.08534921705722809, 0.08873489499092102, 0.09212058037519455, 0.09550625830888748, 0.09889194369316101]}, "gradients/graph_49spatial.1.bias": {"_type": "histogram", "values": [1.0, 1.0, 0.0, 1.0, 0.0, 0.0, 1.0, 0.0, 0.0, 1.0, 1.0, 1.0, 0.0, 0.0, 0.0, 0.0, 0.0, 0.0, 3.0, 1.0, 0.0, 1.0, 1.0, 0.0, 1.0, 0.0, 0.0, 0.0, 1.0, 0.0, 0.0, 0.0, 1.0, 0.0, 0.0, 1.0, 0.0, 0.0, 0.0, 0.0, 0.0, 0.0, 0.0, 0.0, 0.0, 0.0, 1.0, 0.0, 0.0, 0.0, 0.0, 0.0, 0.0, 0.0, 0.0, 0.0, 0.0, 0.0, 0.0, 0.0, 0.0, 1.0, 0.0, 1.0], "bins": [-0.06582076847553253, -0.06294271349906921, -0.060064658522605896, -0.05718660354614258, -0.05430854484438896, -0.051430489867925644, -0.048552434891462326, -0.04567437618970871, -0.04279632121324539, -0.039918266236782074, -0.037040211260318756, -0.03416215628385544, -0.03128409758210182, -0.028406042605638504, -0.025527987629175186, -0.02264993079006672, -0.01977187767624855, -0.016893822699785233, -0.014015765860676765, -0.011137710884213448, -0.008259654976427555, -0.005381599068641663, -0.0025035440921783447, 0.0003745127469301224, 0.003252565860748291, 0.0061306217685341835, 0.009008677676320076, 0.011886732652783394, 0.014764788560569286, 0.01764284446835518, 0.020520899444818497, 0.023398956283926964, 0.02627701312303543, 0.02915506809949875, 0.03203312307596207, 0.034911178052425385, 0.037789236754179, 0.04066729173064232, 0.04354534670710564, 0.04642340540885925, 0.04930146038532257, 0.05217951536178589, 0.05505757033824921, 0.057935625314712524, 0.06081368401646614, 0.06369173526763916, 0.06656979024410248, 0.06944785267114639, 0.07232590019702911, 0.07520395517349243, 0.07808201014995575, 0.08096006512641907, 0.08383812010288239, 0.0867161750793457, 0.08959423005580902, 0.09247229248285294, 0.09535034745931625, 0.09822840243577957, 0.10110645741224289, 0.10398451238870621, 0.10686256736516953, 0.10974062979221344, 0.11261868476867676, 0.11549673974514008, 0.1183747947216034]}, "gradients/graph_49spatial.0.weight": {"_type": "histogram",