{"batch loss": 0.698263943195343, "_timestamp": 1651856825, "_runtime": 842, "_step": 689, "epoch": 29, "train/train_loss": 0.5431191406466744, "train/train_acc": 0.7736368643289885, "train/train_f1": 0.7692862160851681, "val/val_loss": 1.269803830555507, "val/vaL_acc": 0.48620910840282233, "val/val_f1": 0.47959359151592273, "gradients/graph_17fc2.bias": {"_type": "histogram", "values": [1.0, 0.0, 0.0, 0.0, 0.0, 0.0, 0.0, 0.0, 0.0, 0.0, 0.0, 0.0, 0.0, 0.0, 0.0, 0.0, 0.0, 0.0, 0.0, 0.0, 0.0, 0.0, 0.0, 0.0, 0.0, 0.0, 0.0, 0.0, 0.0, 0.0, 0.0, 0.0, 1.0, 0.0, 0.0, 0.0, 0.0, 0.0, 0.0, 0.0, 0.0, 0.0, 0.0, 0.0, 0.0, 0.0, 0.0, 0.0, 0.0, 0.0, 0.0, 0.0, 0.0, 0.0, 0.0, 0.0, 0.0, 0.0, 0.0, 0.0, 0.0, 0.0, 0.0, 1.0], "bins": [-0.03547822684049606, -0.03437226265668869, -0.033266302198171616, -0.03216033801436424, -0.03105437383055687, -0.029948411509394646, -0.028842449188232422, -0.02773648500442505, -0.026630522683262825, -0.0255245603621006, -0.024418596178293228, -0.023312633857131004, -0.02220667153596878, -0.021100707352161407, -0.019994745030999184, -0.01888878270983696, -0.017782818526029587, -0.016676856204867363, -0.01557089202105999, -0.014464929699897766, -0.013358966447412968, -0.01225300319492817, -0.011147040873765945, -0.010041077621281147, -0.008935114368796349, -0.00782915111631155, -0.006723188329488039, -0.005617225542664528, -0.0045112622901797295, -0.003405299037694931, -0.00229933625087142, -0.0011933734640479088, -8.741021156311035e-05, 0.0010185528080910444, 0.002124515827745199, 0.003230478847399354, 0.004336441867053509, 0.005442405119538307, 0.006548367906361818, 0.0076543306931853294, 0.008760293945670128, 0.009866257198154926, 0.010972220450639725, 0.012078182771801949, 0.013184146024286747, 0.014290109276771545, 0.01539607159793377, 0.016502033919095993, 0.017607998102903366, 0.01871396042406559, 0.019819924607872963, 0.020925886929035187, 0.02203185111284256, 0.023137813434004784, 0.024243775755167007, 0.02534973993897438, 0.026455702260136604, 0.027561664581298828, 0.0286676287651062, 0.029773591086268425, 0.03087955340743065, 0.03198551759123802, 0.033091481775045395, 0.03419744223356247, 0.03530340641736984]}, "gradients/graph_17fc2.weight": {"_type": "histogram", "values": [1.0, 0.0, 0.0, 0.0, 0.0, 0.0, 1.0, 2.0, 0.0, 3.0, 1.0, 4.0, 4.0, 3.0, 6.0, 6.0, 16.0, 15.0, 15.0, 28.0, 34.0, 38.0, 35.0, 24.0, 55.0, 63.0, 74.0, 72.0, 79.0, 85.0, 101.0, 89.0, 121.0, 112.0, 91.0, 89.0, 68.0, 75.0, 66.0, 63.0, 67.0, 52.0, 29.0, 25.0, 15.0, 19.0, 18.0, 8.0, 5.0, 9.0, 6.0, 2.0, 2.0, 2.0, 1.0, 0.0, 0.0, 0.0, 0.0, 0.0, 0.0, 0.0, 0.0, 1.0], "bins": [-0.040521930903196335, -0.039259832352399826, -0.03799773007631302, -0.03673563152551651, -0.03547353297472, -0.03421143442392349, -0.032949335873126984, -0.031687233597040176, -0.030425135046243668, -0.02916303649544716, -0.0279009360820055, -0.026638835668563843, -0.025376737117767334, -0.024114638566970825, -0.022852538153529167, -0.02159043774008751, -0.020328339189291, -0.01906624063849449, -0.017804140225052834, -0.016542039811611176, -0.015279941260814667, -0.014017841778695583, -0.0127557422965765, -0.011493642814457417, -0.010231543332338333, -0.00896944385021925, -0.007707344368100166, -0.006445244885981083, -0.0051831454038619995, -0.003921045921742916, -0.0026589464396238327, -0.0013968469575047493, -0.00013474375009536743, 0.001127355732023716, 0.0023894552141427994, 0.0036515546962618828, 0.004913654178380966, 0.00617575366050005, 0.007437853142619133, 0.008699952624738216, 0.0099620521068573, 0.011224151588976383, 0.012486251071095467, 0.01374835055321455, 0.015010450035333633, 0.016272548586130142, 0.0175346489995718, 0.018796749413013458, 0.020058847963809967, 0.021320946514606476, 0.022583046928048134, 0.023845147341489792, 0.0251072458922863, 0.02636934444308281, 0.027631444856524467, 0.028893545269966125, 0.030155643820762634, 0.03141774237155914, 0.03267984092235565, 0.03394194319844246, 0.03520404174923897, 0.03646614030003548, 0.037728242576122284, 0.03899034112691879, 0.0402524396777153]}, "gradients/graph_17spatial.1.weight": {"_type": "histogram", "values": [1.0, 0.0, 0.0, 0.0, 0.0, 0.0, 0.0, 0.0, 0.0, 0.0, 0.0, 0.0, 0.0, 0.0, 0.0, 1.0, 0.0, 0.0, 2.0, 0.0, 0.0, 0.0, 1.0, 1.0, 2.0, 1.0, 0.0, 1.0, 0.0, 1.0, 1.0, 0.0, 1.0, 0.0, 0.0, 1.0, 0.0, 0.0, 0.0, 2.0, 1.0, 0.0, 0.0, 0.0, 0.0, 1.0, 1.0, 0.0, 0.0, 0.0, 0.0, 0.0, 0.0, 0.0, 0.0, 0.0, 0.0, 0.0, 0.0, 0.0, 0.0, 0.0, 0.0, 1.0], "bins": [-0.11804354935884476, -0.11427580565214157, -0.11050806939601898, -0.1067403256893158, -0.10297258198261261, -0.09920483827590942, -0.09543710201978683, -0.09166935831308365, -0.08790162205696106, -0.08413387835025787, -0.08036614209413528, -0.0765983983874321, -0.07283065468072891, -0.06906291842460632, -0.06529517471790314, -0.06152743101119995, -0.057759687304496765, -0.05399194732308388, -0.05022420361638069, -0.046456463634967804, -0.04268871992826462, -0.03892097994685173, -0.03515323996543884, -0.03138549625873566, -0.027617760002613068, -0.02385001815855503, -0.020082276314496994, -0.016314536333084106, -0.01254679448902607, -0.008779052644968033, -0.005011312663555145, -0.0012435708194971085, 0.0025241822004318237, 0.006291923578828573, 0.010059664957225323, 0.013827405869960785, 0.01759514771401882, 0.02136288955807686, 0.025130629539489746, 0.028898371383547783, 0.03266611695289612, 0.036433856934309006, 0.04020160064101219, 0.04396934062242508, 0.047737084329128265, 0.05150482431054115, 0.05527256429195404, 0.05904030799865723, 0.06280804425477982, 0.066575787961483, 0.07034352421760559, 0.07411126792430878, 0.07787901163101196, 0.08164675533771515, 0.08541449159383774, 0.08918223530054092, 0.09294997155666351, 0.0967177152633667, 0.10048545151948929, 0.10425319522619247, 0.10802093893289566, 0.11178867518901825, 0.11555641889572144, 0.11932416260242462, 0.12309190630912781]}, "gradients/graph_17spatial.1.bias": {"_type": "histogram", "values": [1.0, 0.0, 0.0, 0.0, 0.0, 0.0, 0.0, 0.0, 0.0, 0.0, 0.0, 0.0, 1.0, 0.0, 0.0, 1.0, 0.0, 1.0, 0.0, 1.0, 2.0, 0.0, 1.0, 1.0, 0.0, 2.0, 1.0, 1.0, 0.0, 1.0, 0.0, 1.0, 0.0, 0.0, 1.0, 0.0, 0.0, 0.0, 0.0, 0.0, 0.0, 0.0, 0.0, 2.0, 1.0, 0.0, 0.0, 0.0, 0.0, 0.0, 0.0, 0.0, 0.0, 0.0, 0.0, 0.0, 0.0, 0.0, 0.0, 0.0, 0.0, 0.0, 0.0, 1.0], "bins": [-0.2182801514863968, -0.21021617949008942, -0.20215219259262085, -0.19408822059631348, -0.1860242486000061, -0.17796027660369873, -0.16989630460739136, -0.1618323177099228, -0.15376834571361542, -0.14570437371730804, -0.13764038681983948, -0.1295764148235321, -0.12151244282722473, -0.11344847083091736, -0.10538449138402939, -0.09732051193714142, -0.08925653994083405, -0.08119256794452667, -0.0731285884976387, -0.06506460905075073, -0.05700063705444336, -0.04893666133284569, -0.040872685611248016, -0.032808709889650345, -0.024744734168052673, -0.016680758446455002, -0.00861678272485733, -0.0005528070032596588, 0.007511168718338013, 0.015575144439935684, 0.023639120161533356, 0.03170309588313103, 0.03976708650588989, 0.047831062227487564, 0.055895037949085236, 0.0639590173959732, 0.07202298939228058, 0.08008696138858795, 0.08815094083547592, 0.09621492028236389, 0.10427889227867126, 0.11234286427497864, 0.12040684372186661, 0.12847082316875458, 0.13653479516506195, 0.14459876716136932, 0.1526627540588379, 0.16072672605514526, 0.16879069805145264, 0.17685467004776, 0.18491864204406738, 0.19298262894153595, 0.20104660093784332, 0.2091105729341507, 0.21717455983161926, 0.22523853182792664, 0.233302503824234, 0.24136647582054138, 0.24943044781684875, 0.25749441981315613, 0.2655584216117859, 0.27362239360809326, 0.28168636560440063, 0.289750337600708, 0.2978143095970154]}, "gradients/graph_17spatial.0.weight": {"_type": "histogram",