{"batch loss": 0.7303693890571594, "_timestamp": 1651860346, "_runtime": 404, "_step": 689, "epoch": 29, "train/train_loss": 0.7931350659240376, "train/train_acc": 0.6401689003120984, "train/train_f1": 0.6362662611273112, "val/val_loss": 1.1525440556662423, "val/vaL_acc": 0.47915330339961515, "val/val_f1": 0.46298136729668604, "gradients/graph_23fc2.bias": {"_type": "histogram", "values": [1.0, 0.0, 0.0, 0.0, 0.0, 0.0, 0.0, 0.0, 0.0, 0.0, 0.0, 0.0, 0.0, 0.0, 0.0, 0.0, 0.0, 0.0, 0.0, 0.0, 0.0, 0.0, 0.0, 0.0, 0.0, 0.0, 0.0, 0.0, 0.0, 0.0, 0.0, 0.0, 0.0, 0.0, 0.0, 0.0, 0.0, 1.0, 0.0, 0.0, 0.0, 0.0, 0.0, 0.0, 0.0, 0.0, 0.0, 0.0, 0.0, 0.0, 0.0, 0.0, 0.0, 0.0, 0.0, 0.0, 0.0, 0.0, 0.0, 0.0, 0.0, 0.0, 0.0, 1.0], "bins": [-0.08426833897829056, -0.08177336305379868, -0.07927839457988739, -0.07678341865539551, -0.07428845018148422, -0.07179347425699234, -0.06929850578308105, -0.06680352985858917, -0.06430855393409729, -0.061813581734895706, -0.05931860953569412, -0.05682363733649254, -0.054328665137290955, -0.05183368921279907, -0.04933871701359749, -0.046843744814395905, -0.04434877634048462, -0.041853804141283035, -0.03935883194208145, -0.03686385974287987, -0.034368887543678284, -0.0318739116191864, -0.029378939419984818, -0.026883967220783234, -0.02438899502158165, -0.021894022822380066, -0.019399050623178482, -0.01690407656133175, -0.014409104362130165, -0.011914132162928581, -0.009419159032404423, -0.006924185901880264, -0.004429221153259277, -0.0019342484883964062, 0.000560724176466465, 0.003055696841329336, 0.005550669506192207, 0.008045641705393791, 0.01054061483591795, 0.013035587966442108, 0.015530560165643692, 0.018025532364845276, 0.02052050456404686, 0.023015478625893593, 0.025510450825095177, 0.02800542302429676, 0.030500397086143494, 0.03299536928534508, 0.03549034148454666, 0.037985313683748245, 0.04048028588294983, 0.04297525808215141, 0.045470230281353, 0.04796520620584488, 0.05046017840504646, 0.05295515060424805, 0.05545012280344963, 0.057945095002651215, 0.0604400672018528, 0.06293503940105438, 0.06543001532554626, 0.06792498379945755, 0.07041995972394943, 0.07291492819786072, 0.0754099041223526]}, "gradients/graph_23fc2.weight": {"_type": "histogram", "values": [2.0, 0.0, 0.0, 2.0, 4.0, 1.0, 4.0, 4.0, 7.0, 7.0, 6.0, 11.0, 6.0, 13.0, 18.0, 13.0, 10.0, 19.0, 22.0, 16.0, 24.0, 21.0, 17.0, 15.0, 16.0, 8.0, 13.0, 13.0, 8.0, 10.0, 10.0, 21.0, 21.0, 18.0, 20.0, 25.0, 23.0, 21.0, 24.0, 28.0, 19.0, 17.0, 19.0, 26.0, 26.0, 26.0, 25.0, 19.0, 29.0, 18.0, 33.0, 31.0, 26.0, 18.0, 12.0, 6.0, 5.0, 4.0, 5.0, 4.0, 2.0, 2.0, 1.0, 6.0], "bins": [-0.02955803833901882, -0.02871973067522049, -0.027881424874067307, -0.027043117210268974, -0.026204809546470642, -0.02536650374531746, -0.024528196081519127, -0.023689888417720795, -0.02285158261656761, -0.02201327495276928, -0.021174969151616096, -0.020336661487817764, -0.01949835568666458, -0.01866004802286625, -0.017821740359067917, -0.016983434557914734, -0.0161451268941164, -0.015306820161640644, -0.014468513429164886, -0.013630205765366554, -0.012791899032890797, -0.011953592300415039, -0.011115284636616707, -0.01027697790414095, -0.009438671171665192, -0.008600364439189434, -0.007762057241052389, -0.006923750042915344, -0.006085443310439587, -0.005247136577963829, -0.004408829379826784, -0.0035705221816897392, -0.002732217311859131, -0.0018939103465527296, -0.0010556033812463284, -0.0002172964159399271, 0.0006210105493664742, 0.0014593172818422318, 0.0022976244799792767, 0.0031359316781163216, 0.003974238410592079, 0.004812545143067837, 0.005650852341204882, 0.006489159539341927, 0.007327466271817684, 0.008165773004293442, 0.009004080668091774, 0.009842387400567532, 0.01068069413304329, 0.011519000865519047, 0.012357307597994804, 0.013195615261793137, 0.014033921994268894, 0.014872228726744652, 0.015710536390542984, 0.016548842191696167, 0.0173871498554945, 0.01822545751929283, 0.019063763320446014, 0.019902070984244347, 0.02074037864804268, 0.021578684449195862, 0.022416992112994194, 0.023255299776792526, 0.02409360557794571]}, "gradients/graph_23spatial.1.weight": {"_type": "histogram", "values": [1.0, 0.0, 0.0, 0.0, 1.0, 0.0, 1.0, 0.0, 1.0, 0.0, 0.0, 0.0, 0.0, 0.0, 0.0, 0.0, 0.0, 0.0, 0.0, 0.0, 0.0, 0.0, 0.0, 0.0, 0.0, 0.0, 0.0, 0.0, 0.0, 1.0, 0.0, 0.0, 0.0, 0.0, 0.0, 0.0, 0.0, 0.0, 0.0, 0.0, 0.0, 0.0, 0.0, 0.0, 0.0, 0.0, 0.0, 2.0, 0.0, 0.0, 0.0, 0.0, 0.0, 0.0, 0.0, 0.0, 0.0, 0.0, 0.0, 0.0, 0.0, 0.0, 1.0, 2.0], "bins": [-0.22024451196193695, -0.21344687044620514, -0.20664924383163452, -0.1998516023159027, -0.1930539608001709, -0.1862563192844391, -0.17945867776870728, -0.17266105115413666, -0.16586340963840485, -0.15906576812267303, -0.15226814150810242, -0.1454704999923706, -0.1386728584766388, -0.13187521696090698, -0.12507757544517517, -0.11827994883060455, -0.11148230731487274, -0.10468466579914093, -0.09788703173398972, -0.0910893976688385, -0.08429175615310669, -0.07749411463737488, -0.07069648057222366, -0.06389884650707245, -0.05710120499134064, -0.050303567200899124, -0.04350592941045761, -0.0367082916200161, -0.029910653829574585, -0.023113016039133072, -0.01631537824869156, -0.009517740458250046, -0.0027201175689697266, 0.0040775202214717865, 0.0108751580119133, 0.017672795802354813, 0.024470433592796326, 0.03126807138323784, 0.03806570917367935, 0.044863346964120865, 0.05166098475456238, 0.05845862254500389, 0.0652562603354454, 0.07205389440059662, 0.07885153591632843, 0.08564917743206024, 0.09244681149721146, 0.09924444556236267, 0.10604208707809448, 0.1128397285938263, 0.11963736265897751, 0.12643499672412872, 0.13323263823986053, 0.14003027975559235, 0.14682790637016296, 0.15362554788589478, 0.1604231894016266, 0.1672208309173584, 0.1740184724330902, 0.18081609904766083, 0.18761374056339264, 0.19441138207912445, 0.20120900869369507, 0.20800665020942688, 0.2148042917251587]}, "gradients/graph_23spatial.1.bias": {"_type": "histogram", "values": [1.0, 0.0, 1.0, 0.0, 0.0, 0.0, 0.0, 0.0, 0.0, 0.0, 1.0, 0.0, 0.0, 0.0, 0.0, 0.0, 0.0, 1.0, 0.0, 0.0, 0.0, 0.0, 0.0, 0.0, 0.0, 0.0, 0.0, 0.0, 0.0, 0.0, 0.0, 0.0, 1.0, 0.0, 0.0, 0.0, 0.0, 0.0, 0.0, 0.0, 0.0, 0.0, 0.0, 0.0, 0.0, 0.0, 1.0, 0.0, 0.0, 0.0, 1.0, 0.0, 1.0, 0.0, 0.0, 0.0, 0.0, 0.0, 0.0, 1.0, 0.0, 0.0, 0.0, 1.0], "bins": [-0.2882809042930603, -0.2794755697250366, -0.27067020535469055, -0.26186487078666687, -0.2530595362186432, -0.2442541867494583, -0.23544883728027344, -0.22664350271224976, -0.21783815324306488, -0.20903280377388, -0.20022746920585632, -0.19142211973667145, -0.18261677026748657, -0.1738114356994629, -0.16500608623027802, -0.15620073676109314, -0.14739540219306946, -0.13859005272388458, -0.1297847181558609, -0.12097936868667603, -0.11217402666807175, -0.10336868464946747, -0.09456333518028259, -0.08575799316167831, -0.07695265114307404, -0.06814730912446976, -0.05934196338057518, -0.0505366176366806, -0.041731275618076324, -0.032925933599472046, -0.02412058785557747, -0.015315242111682892, -0.006509870290756226, 0.002295473590493202, 0.01110081747174263, 0.019906161352992058, 0.028711505234241486, 0.037516847252845764, 0.04632219299674034, 0.05512753874063492, 0.0639328807592392, 0.07273822277784348, 0.08154356479644775, 0.09034891426563263, 0.09915425628423691, 0.10795959830284119, 0.11676494777202606, 0.12557029724121094, 0.13437563180923462, 0.1431809812784195, 0.15198631584644318, 0.16079166531562805, 0.16959699988365173, 0.1784023493528366, 0.18720769882202148, 0.19601303339004517, 0.20481838285923004, 0.21362373232841492, 0.2224290668964386, 0.23123441636562347, 0.24003976583480835, 0.24884510040283203, 0.2576504349708557, 0.2664557993412018, 0.27526113390922546]}, "gradients/graph_23spatial.0.weight": {"_type": "histogram",