{"batch loss": 0.45037809014320374, "_timestamp": 1651828150, "_runtime": 1511, "_step": 604, "epoch": 22, "train/train_loss": 0.460888044834137, "train/train_acc": 0.8183692893401016, "train/train_f1": 0.8177853700649146, "val/val_loss": 1.12504643201828, "val/vaL_acc": 0.603988603988604, "val/val_f1": 0.5949198368129083, "gradients/graph_69fc2.bias": {"_type": "histogram", "values": [1.0, 0.0, 0.0, 0.0, 0.0, 0.0, 0.0, 0.0, 0.0, 0.0, 0.0, 0.0, 0.0, 0.0, 0.0, 0.0, 0.0, 0.0, 0.0, 0.0, 0.0, 0.0, 0.0, 0.0, 0.0, 0.0, 0.0, 0.0, 0.0, 0.0, 0.0, 0.0, 0.0, 0.0, 0.0, 0.0, 0.0, 0.0, 0.0, 1.0, 0.0, 0.0, 0.0, 0.0, 0.0, 0.0, 0.0, 0.0, 0.0, 0.0, 0.0, 0.0, 0.0, 0.0, 0.0, 0.0, 0.0, 0.0, 0.0, 0.0, 0.0, 0.0, 0.0, 1.0], "bins": [-0.0689934566617012, -0.06699062883853912, -0.06498780101537704, -0.06298497319221497, -0.06098214164376259, -0.05897931009531021, -0.05697648227214813, -0.05497365444898605, -0.052970826625823975, -0.050967998802661896, -0.04896516725420952, -0.04696233943104744, -0.04495951160788536, -0.04295668005943298, -0.040953852236270905, -0.038951024413108826, -0.03694819286465645, -0.03494536504149437, -0.03294253349304199, -0.030939705669879913, -0.028936877846717834, -0.026934048160910606, -0.02493121847510338, -0.0229283906519413, -0.020925559103488922, -0.018922729417681694, -0.016919901594519615, -0.014917071908712387, -0.012914243154227734, -0.01091141439974308, -0.008908584713935852, -0.006905755959451199, -0.004902932792901993, -0.0029001038055866957, -0.0008972748182713985, 0.0011055544018745422, 0.0031083831563591957, 0.005111211910843849, 0.007114041596651077, 0.00911687035113573, 0.011119697242975235, 0.013122525997459888, 0.015125354751944542, 0.01712818443775177, 0.01913101226091385, 0.021133841946721077, 0.023136671632528305, 0.025139499455690384, 0.02714233100414276, 0.02914516068994999, 0.031147988513112068, 0.033150818198919296, 0.035153646022081375, 0.03715647757053375, 0.03915930539369583, 0.04116213321685791, 0.04316496104001999, 0.04516778886318207, 0.047170620411634445, 0.049173448234796524, 0.0511762760579586, 0.05317910760641098, 0.05518193542957306, 0.05718476325273514, 0.059187594801187515]}, "gradients/graph_69fc2.weight": {"_type": "histogram", "values": [1.0, 0.0, 0.0, 0.0, 0.0, 0.0, 0.0, 0.0, 1.0, 2.0, 3.0, 2.0, 2.0, 4.0, 6.0, 8.0, 4.0, 8.0, 12.0, 18.0, 18.0, 23.0, 24.0, 31.0, 32.0, 44.0, 54.0, 64.0, 63.0, 63.0, 85.0, 82.0, 95.0, 81.0, 102.0, 114.0, 108.0, 108.0, 105.0, 98.0, 108.0, 90.0, 90.0, 69.0, 69.0, 47.0, 54.0, 34.0, 28.0, 26.0, 28.0, 14.0, 7.0, 8.0, 3.0, 5.0, 1.0, 2.0, 4.0, 2.0, 3.0, 2.0, 0.0, 1.0], "bins": [-0.047492701560258865, -0.04617161676287651, -0.04485052824020386, -0.0435294434428215, -0.04220835864543915, -0.04088727384805679, -0.03956618532538414, -0.038245100528001785, -0.03692401200532913, -0.03560292720794678, -0.034281838685274124, -0.03296075388789177, -0.031639669090509415, -0.03031858243048191, -0.028997495770454407, -0.027676410973072052, -0.026355326175689697, -0.025034239515662193, -0.02371315471827984, -0.022392068058252335, -0.02107098326086998, -0.019749896600842476, -0.018428809940814972, -0.017107725143432617, -0.015786636620759964, -0.014465550892055035, -0.013144465163350105, -0.011823378503322601, -0.010502292774617672, -0.009181207045912743, -0.007860120385885239, -0.006539034657180309, -0.005217954516410828, -0.0038968685548752546, -0.0025757825933396816, -0.001254696398973465, 6.638932973146439e-05, 0.0013874750584363937, 0.0027085617184638977, 0.004029647447168827, 0.005350731313228607, 0.0066718170419335365, 0.007992902770638466, 0.00931398943066597, 0.0106350751593709, 0.011956160888075829, 0.013277247548103333, 0.014598333276808262, 0.01591942086815834, 0.017240507528185844, 0.0185615923255682, 0.019882678985595703, 0.021203763782978058, 0.022524850443005562, 0.023845937103033066, 0.02516702190041542, 0.026488108560442924, 0.02780919522047043, 0.029130280017852783, 0.030451366677880287, 0.03177245333790779, 0.033093538135290146, 0.0344146266579628, 0.035735711455345154, 0.03705679625272751]}, "gradients/graph_69spatial.1.weight": {"_type": "histogram", "values": [1.0, 0.0, 0.0, 1.0, 1.0, 0.0, 0.0, 1.0, 2.0, 1.0, 2.0, 0.0, 2.0, 0.0, 1.0, 1.0, 2.0, 1.0, 0.0, 0.0, 1.0, 0.0, 1.0, 2.0, 1.0, 1.0, 0.0, 0.0, 1.0, 0.0, 0.0, 1.0, 0.0, 2.0, 1.0, 0.0, 0.0, 0.0, 0.0, 2.0, 2.0, 0.0, 0.0, 2.0, 1.0, 0.0, 0.0, 0.0, 2.0, 0.0, 0.0, 0.0, 0.0, 1.0, 0.0, 0.0, 0.0, 0.0, 2.0, 0.0, 0.0, 0.0, 0.0, 1.0], "bins": [-0.07416751235723495, -0.07157325744628906, -0.06897899508476257, -0.06638474017381668, -0.06379048526287079, -0.0611962229013443, -0.05860196799039841, -0.056007709354162216, -0.053413450717926025, -0.050819192081689835, -0.048224933445453644, -0.04563067853450775, -0.04303641989827156, -0.04044216126203537, -0.03784790635108948, -0.03525364771485329, -0.032659389078617096, -0.030065130442380905, -0.027470873668789864, -0.024876616895198822, -0.02228235825896263, -0.01968809962272644, -0.0170938428491354, -0.014499586075544357, -0.011905327439308167, -0.00931106973439455, -0.006716812029480934, -0.004122554324567318, -0.0015282966196537018, 0.0010659610852599144, 0.0036602187901735306, 0.006254475563764572, 0.00884874165058136, 0.011442999355494976, 0.014037257060408592, 0.016631513833999634, 0.019225772470235825, 0.021820031106472015, 0.024414287880063057, 0.0270085446536541, 0.02960280328989029, 0.03219706192612648, 0.03479132056236267, 0.03738557547330856, 0.039979834109544754, 0.042574092745780945, 0.04516834765672684, 0.04776260629296303, 0.05035686492919922, 0.05295112356543541, 0.0555453822016716, 0.05813963711261749, 0.060733895748853683, 0.06332815438508987, 0.06592240929603577, 0.06851667165756226, 0.07111092656850815, 0.07370518147945404, 0.07629944384098053, 0.07889369875192642, 0.08148795366287231, 0.0840822160243988, 0.0866764709353447, 0.08927072584629059, 0.09186498820781708]}, "gradients/graph_69spatial.1.bias": {"_type": "histogram", "values": [1.0, 0.0, 0.0, 1.0, 0.0, 1.0, 0.0, 0.0, 0.0, 0.0, 0.0, 1.0, 2.0, 0.0, 1.0, 1.0, 0.0, 2.0, 0.0, 1.0, 1.0, 2.0, 0.0, 1.0, 1.0, 1.0, 3.0, 1.0, 1.0, 0.0, 2.0, 1.0, 1.0, 0.0, 0.0, 2.0, 0.0, 1.0, 0.0, 0.0, 1.0, 2.0, 1.0, 0.0, 1.0, 1.0, 0.0, 0.0, 0.0, 2.0, 1.0, 0.0, 1.0, 0.0, 0.0, 0.0, 0.0, 0.0, 0.0, 0.0, 0.0, 0.0, 0.0, 1.0], "bins": [-0.19934281706809998, -0.19256491959095, -0.18578702211380005, -0.17900912463665009, -0.17223122715950012, -0.16545334458351135, -0.1586754471063614, -0.15189754962921143, -0.14511965215206146, -0.1383417546749115, -0.13156385719776154, -0.12478596717119217, -0.1180080696940422, -0.11123017221689224, -0.10445228219032288, -0.09767438471317291, -0.09089648723602295, -0.08411858975887299, -0.07734069228172302, -0.07056280225515366, -0.06378490477800369, -0.05700700730085373, -0.050229113548994064, -0.0434512197971344, -0.036673322319984436, -0.029895426705479622, -0.023117531090974808, -0.016339635476469994, -0.00956173986196518, -0.002783842384815216, 0.003994051367044449, 0.010771945118904114, 0.01754985749721527, 0.024327753111720085, 0.0311056487262249, 0.037883542478084564, 0.04466143995523453, 0.05143933743238449, 0.058217231184244156, 0.06499512493610382, 0.07177302241325378, 0.07855091989040375, 0.08532881736755371, 0.09210670739412308, 0.09888460487127304, 0.105662502348423, 0.11244039237499237, 0.11921828985214233, 0.1259961873292923, 0.13277408480644226, 0.13955198228359222, 0.1463298797607422, 0.15310776233673096, 0.15988567471504211, 0.16666355729103088, 0.17344145476818085, 0.1802193522453308, 0.18699724972248077, 0.19377514719963074, 0.2005530446767807, 0.20733094215393066, 0.21410882472991943, 0.2208867222070694, 0.22766461968421936, 0.23444251716136932]}, "gradients/graph_69spatial.0.weight": {"_type": "histogram",