{"batch loss": 0.8145155310630798, "_timestamp": 1651850632, "_runtime": 1127, "_step": 689, "epoch": 29, "train/train_loss": 0.8085873966867273, "train/train_acc": 0.6453093445933541, "train/train_f1": 0.6434225014517718, "val/val_loss": 1.028611421585083, "val/vaL_acc": 0.5118665811417575, "val/val_f1": 0.5072559746136182, "gradients/graph_9fc2.bias": {"_type": "histogram", "values": [1.0, 0.0, 0.0, 0.0, 0.0, 0.0, 0.0, 0.0, 0.0, 0.0, 0.0, 0.0, 0.0, 0.0, 0.0, 0.0, 0.0, 0.0, 0.0, 0.0, 0.0, 0.0, 0.0, 1.0, 0.0, 0.0, 0.0, 0.0, 0.0, 0.0, 0.0, 0.0, 0.0, 0.0, 0.0, 0.0, 0.0, 0.0, 0.0, 0.0, 0.0, 0.0, 0.0, 0.0, 0.0, 0.0, 0.0, 0.0, 0.0, 0.0, 0.0, 0.0, 0.0, 0.0, 0.0, 0.0, 0.0, 0.0, 0.0, 0.0, 0.0, 0.0, 0.0, 1.0], "bins": [-0.03261783346533775, -0.03149561211466789, -0.03037339076399803, -0.02925116941332817, -0.02812894806265831, -0.02700672671198845, -0.02588450349867344, -0.024762282148003578, -0.023640060797333717, -0.022517839446663857, -0.021395618095993996, -0.020273396745324135, -0.019151173532009125, -0.018028952181339264, -0.016906730830669403, -0.015784509479999542, -0.014662288129329681, -0.01354006677865982, -0.01241784542798996, -0.011295623145997524, -0.010173401795327663, -0.009051180444657803, -0.007928958162665367, -0.006806736811995506, -0.0056845154613256454, -0.004562294110655785, -0.0034400722943246365, -0.002317850710824132, -0.0011956291273236275, -7.340777665376663e-05, 0.0010488140396773815, 0.0021710358560085297, 0.003293260931968689, 0.00441548228263855, 0.005537704098969698, 0.006659925915300846, 0.007782147265970707, 0.008904368616640568, 0.010026590898633003, 0.011148812249302864, 0.012271033599972725, 0.013393254950642586, 0.014515476301312447, 0.015637697651982307, 0.016759920865297318, 0.01788214221596718, 0.01900436356663704, 0.0201265849173069, 0.02124880626797676, 0.02237102761864662, 0.023493248969316483, 0.024615470319986343, 0.025737691670656204, 0.026859913021326065, 0.027982136234641075, 0.029104357585310936, 0.030226578935980797, 0.03134880214929581, 0.03247102349996567, 0.03359324485063553, 0.03471546620130539, 0.03583768755197525, 0.03695990890264511, 0.03808213025331497, 0.03920435160398483]}, "gradients/graph_9fc2.weight": {"_type": "histogram", "values": [1.0, 0.0, 0.0, 0.0, 2.0, 0.0, 2.0, 0.0, 1.0, 2.0, 4.0, 1.0, 3.0, 6.0, 9.0, 5.0, 11.0, 22.0, 19.0, 20.0, 19.0, 23.0, 29.0, 28.0, 34.0, 41.0, 34.0, 53.0, 38.0, 49.0, 40.0, 50.0, 29.0, 42.0, 42.0, 37.0, 40.0, 42.0, 41.0, 39.0, 37.0, 29.0, 33.0, 18.0, 14.0, 16.0, 18.0, 24.0, 8.0, 2.0, 7.0, 2.0, 3.0, 3.0, 1.0, 1.0, 0.0, 2.0, 1.0, 0.0, 1.0, 0.0, 1.0, 1.0], "bins": [-0.030103780329227448, -0.029167013242840767, -0.028230246156454086, -0.027293480932712555, -0.026356713846325874, -0.025419946759939194, -0.024483181536197662, -0.023546414449810982, -0.0226096473634243, -0.02167288027703762, -0.02073611319065094, -0.01979934796690941, -0.018862580880522728, -0.017925813794136047, -0.016989048570394516, -0.016052281484007835, -0.015115514397621155, -0.014178747311234474, -0.013241981156170368, -0.012305215001106262, -0.011368447914719582, -0.010431680828332901, -0.009494914673268795, -0.008558148518204689, -0.007621381431818008, -0.006684614811092615, -0.005747848190367222, -0.0048110815696418285, -0.0038743149489164352, -0.002937548328191042, -0.0020007817074656487, -0.0010640150867402554, -0.0001272503286600113, 0.000809516292065382, 0.0017462829127907753, 0.0026830495335161686, 0.003619816154241562, 0.004556582774966955, 0.0054933493956923485, 0.006430116016417742, 0.007366882637143135, 0.008303649723529816, 0.009240415878593922, 0.010177182033658028, 0.011113949120044708, 0.012050716206431389, 0.012987482361495495, 0.0139242485165596, 0.014861015602946281, 0.015797782689332962, 0.016734547913074493, 0.017671314999461174, 0.018608082085847855, 0.019544849172234535, 0.020481616258621216, 0.021418381482362747, 0.022355148568749428, 0.02329191565513611, 0.02422868087887764, 0.02516544796526432, 0.026102215051651, 0.02703898213803768, 0.027975749224424362, 0.028912514448165894, 0.029849281534552574]}, "gradients/graph_9spatial.1.weight": {"_type": "histogram", "values": [1.0, 0.0, 0.0, 0.0, 0.0, 0.0, 1.0, 0.0, 0.0, 1.0, 0.0, 0.0, 2.0, 0.0, 1.0, 0.0, 0.0, 0.0, 0.0, 0.0, 0.0, 0.0, 1.0, 0.0, 0.0, 0.0, 0.0, 0.0, 1.0, 0.0, 2.0, 0.0, 0.0, 0.0, 0.0, 1.0, 1.0, 1.0, 0.0, 0.0, 0.0, 1.0, 2.0, 0.0, 0.0, 0.0, 1.0, 0.0, 0.0, 1.0, 0.0, 0.0, 0.0, 0.0, 0.0, 0.0, 0.0, 0.0, 1.0, 0.0, 0.0, 0.0, 0.0, 1.0], "bins": [-0.03141287341713905, -0.03042166493833065, -0.029430456459522247, -0.028439249843358994, -0.02744804136455059, -0.026456832885742188, -0.025465626269578934, -0.02447441779077053, -0.023483209311962128, -0.022492000833153725, -0.02150079235434532, -0.020509585738182068, -0.019518377259373665, -0.018527168780565262, -0.017535962164402008, -0.016544753685593605, -0.015553545206785202, -0.014562336727976799, -0.01357112918049097, -0.012579921633005142, -0.01158871315419674, -0.010597504675388336, -0.009606297127902508, -0.00861508958041668, -0.007623881101608276, -0.006632673088461161, -0.005641465075314045, -0.004650257062166929, -0.0036590490490198135, -0.002667841035872698, -0.0016766330227255821, -0.0006854250095784664, 0.00030577927827835083, 0.0012969872914254665, 0.0022881953045725822, 0.003279403317719698, 0.004270611330866814, 0.005261819344013929, 0.006253027357161045, 0.007244235370308161, 0.008235443383455276, 0.00922665186226368, 0.010217859409749508, 0.011209066957235336, 0.01220027543604374, 0.013191483914852142, 0.01418269146233797, 0.0151738990098238, 0.016165107488632202, 0.017156315967440605, 0.018147524446249008, 0.019138731062412262, 0.020129939541220665, 0.021121148020029068, 0.022112354636192322, 0.023103563115000725, 0.024094771593809128, 0.02508598007261753, 0.026077188551425934, 0.027068395167589188, 0.02805960364639759, 0.029050812125205994, 0.030042018741369247, 0.03103322722017765, 0.03202443569898605]}, "gradients/graph_9spatial.1.bias": {"_type": "histogram", "values": [1.0, 0.0, 2.0, 0.0, 0.0, 0.0, 0.0, 1.0, 0.0, 0.0, 1.0, 0.0, 0.0, 0.0, 0.0, 0.0, 0.0, 1.0, 0.0, 1.0, 0.0, 0.0, 1.0, 0.0, 0.0, 1.0, 0.0, 0.0, 2.0, 1.0, 0.0, 1.0, 0.0, 0.0, 0.0, 0.0, 0.0, 0.0, 0.0, 0.0, 1.0, 1.0, 0.0, 0.0, 0.0, 1.0, 1.0, 0.0, 0.0, 1.0, 0.0, 0.0, 0.0, 0.0, 0.0, 0.0, 0.0, 0.0, 0.0, 0.0, 0.0, 0.0, 1.0, 1.0], "bins": [-0.06859409064054489, -0.065965935587883, -0.0633377730846405, -0.06070961803197861, -0.05808145925402641, -0.05545330047607422, -0.05282514542341232, -0.05019698664546013, -0.047568827867507935, -0.04494066908955574, -0.042312510311603546, -0.03968435525894165, -0.037056196480989456, -0.03442803770303726, -0.031799882650375366, -0.029171723872423172, -0.026543565094470978, -0.023915406316518784, -0.02128724940121174, -0.018659092485904694, -0.0160309337079525, -0.01340277586132288, -0.01077461801469326, -0.008146461099386215, -0.005518302321434021, -0.0028901444748044014, -0.0002619866281747818, 0.002366171218454838, 0.004994329065084457, 0.007622486911714077, 0.010250644758343697, 0.012878801673650742, 0.015506953001022339, 0.018135111778974533, 0.020763268694281578, 0.023391425609588623, 0.026019584387540817, 0.02864774316549301, 0.03127589821815491, 0.0339040569961071, 0.036532215774059296, 0.03916037455201149, 0.041788533329963684, 0.04441668838262558, 0.047044847160577774, 0.04967300593852997, 0.052301160991191864, 0.05492931976914406, 0.05755747854709625, 0.06018563732504845, 0.06281379610300064, 0.06544195115566254, 0.06807011365890503, 0.07069826871156693, 0.07332642376422882, 0.07595458626747131, 0.07858274132013321, 0.0812108963727951, 0.0838390588760376, 0.0864672139286995, 0.08909536898136139, 0.09172353148460388, 0.09435168653726578, 0.09697984158992767, 0.09960800409317017]}, "gradients/graph_9spatial.0.weight": {"_type": "histogram",