{"batch loss": 0.7071335315704346, "_timestamp": 1651813939, "_runtime": 1212, "_step": 649, "epoch": 24, "train/train_loss": 0.6721590757369995, "train/train_acc": 0.7239847715736041, "train/train_f1": 0.721166012164109, "val/val_loss": 1.0695648988087971, "val/vaL_acc": 0.5398860398860399, "val/val_f1": 0.5443204626122752, "gradients/graph_56fc2.bias": {"_type": "histogram", "values": [1.0, 0.0, 0.0, 0.0, 0.0, 0.0, 0.0, 0.0, 0.0, 0.0, 0.0, 0.0, 0.0, 0.0, 0.0, 0.0, 0.0, 0.0, 0.0, 0.0, 0.0, 0.0, 0.0, 0.0, 0.0, 0.0, 0.0, 0.0, 0.0, 0.0, 0.0, 0.0, 0.0, 0.0, 0.0, 0.0, 0.0, 0.0, 0.0, 0.0, 0.0, 0.0, 0.0, 0.0, 0.0, 1.0, 0.0, 0.0, 0.0, 0.0, 0.0, 0.0, 0.0, 0.0, 0.0, 0.0, 0.0, 0.0, 0.0, 0.0, 0.0, 0.0, 0.0, 1.0], "bins": [-0.09442118555307388, -0.09183394908905029, -0.0892467200756073, -0.0866594910621643, -0.08407225459814072, -0.08148501813411713, -0.07889778912067413, -0.07631056010723114, -0.07372332364320755, -0.07113608717918396, -0.06854885816574097, -0.06596162915229797, -0.06337439268827438, -0.06078715994954109, -0.0581999272108078, -0.05561269447207451, -0.05302546173334122, -0.050438228994607925, -0.047850996255874634, -0.04526376351714134, -0.04267653077840805, -0.04008929803967476, -0.03750206530094147, -0.034914832562208176, -0.032327599823474884, -0.029740367084741592, -0.0271531343460083, -0.02456590160727501, -0.021978668868541718, -0.019391436129808426, -0.016804203391075134, -0.014216970652341843, -0.011629737913608551, -0.00904250517487526, -0.006455272436141968, -0.003868039697408676, -0.0012808069586753845, 0.001306425780057907, 0.0038936585187911987, 0.00648089125752449, 0.009068123996257782, 0.011655356734991074, 0.014242589473724365, 0.016829822212457657, 0.01941705495119095, 0.02200428768992424, 0.024591520428657532, 0.027178753167390823, 0.029765985906124115, 0.03235321864485741, 0.0349404513835907, 0.03752768412232399, 0.04011491686105728, 0.04270214959979057, 0.045289382338523865, 0.047876615077257156, 0.05046384781599045, 0.05305108055472374, 0.05563831329345703, 0.05822554603219032, 0.060812778770923615, 0.0634000152349472, 0.0659872442483902, 0.06857447326183319, 0.07116170972585678]}, "gradients/graph_56fc2.weight": {"_type": "histogram", "values": [2.0, 0.0, 1.0, 1.0, 4.0, 1.0, 4.0, 4.0, 5.0, 6.0, 6.0, 10.0, 3.0, 10.0, 10.0, 14.0, 19.0, 29.0, 28.0, 26.0, 32.0, 50.0, 55.0, 49.0, 54.0, 74.0, 81.0, 72.0, 91.0, 91.0, 84.0, 99.0, 82.0, 89.0, 76.0, 61.0, 68.0, 63.0, 50.0, 45.0, 32.0, 25.0, 23.0, 15.0, 16.0, 12.0, 6.0, 4.0, 4.0, 7.0, 5.0, 1.0, 3.0, 1.0, 1.0, 0.0, 2.0, 1.0, 0.0, 1.0, 0.0, 1.0, 0.0, 1.0], "bins": [-0.039533697068691254, -0.038215912878513336, -0.03689813241362572, -0.0355803482234478, -0.03426256775856018, -0.03294478356838226, -0.031627003103494644, -0.030309218913316727, -0.028991438448429108, -0.02767365612089634, -0.02635587379336357, -0.025038091465830803, -0.023720309138298035, -0.022402526810765266, -0.021084744483232498, -0.01976696029305458, -0.018449177965521812, -0.017131395637989044, -0.015813613310456276, -0.014495830982923508, -0.01317804865539074, -0.011860266327857971, -0.010542483069002628, -0.00922470074146986, -0.007906917482614517, -0.006589135155081749, -0.005271352827548981, -0.003953570034354925, -0.002635787706822157, -0.0013180053792893887, -2.2258609533309937e-07, 0.0013175597414374352, 0.002635341137647629, 0.003953123465180397, 0.005270905792713165, 0.006588688585907221, 0.007906470447778702, 0.00922425277531147, 0.010542036034166813, 0.011859818361699581, 0.013177599757909775, 0.014495382085442543, 0.01581316441297531, 0.01713094674050808, 0.018448729068040848, 0.019766511395573616, 0.021084293723106384, 0.022402077913284302, 0.02371986024081707, 0.025037642568349838, 0.026355424895882607, 0.027673207223415375, 0.028990989550948143, 0.03030877187848091, 0.03162655606865883, 0.03294433653354645, 0.034262120723724365, 0.03557990491390228, 0.0368976853787899, 0.03821546956896782, 0.03953325003385544, 0.040851034224033356, 0.042168814688920975, 0.04348659887909889, 0.04480437934398651]}, "gradients/graph_56spatial.1.weight": {"_type": "histogram", "values": [1.0, 1.0, 0.0, 1.0, 0.0, 0.0, 0.0, 0.0, 0.0, 1.0, 0.0, 0.0, 0.0, 0.0, 0.0, 0.0, 0.0, 2.0, 1.0, 0.0, 0.0, 2.0, 1.0, 0.0, 0.0, 1.0, 0.0, 1.0, 2.0, 2.0, 1.0, 0.0, 1.0, 2.0, 1.0, 1.0, 2.0, 0.0, 1.0, 0.0, 0.0, 0.0, 1.0, 0.0, 0.0, 0.0, 1.0, 0.0, 0.0, 0.0, 0.0, 0.0, 0.0, 0.0, 0.0, 0.0, 0.0, 0.0, 1.0, 0.0, 1.0, 0.0, 0.0, 1.0], "bins": [-0.11963611841201782, -0.11570548266172409, -0.11177484691143036, -0.10784421116113663, -0.1039135754108429, -0.09998293966054916, -0.09605230391025543, -0.0921216681599617, -0.08819103240966797, -0.08426039665937424, -0.0803297609090805, -0.07639912515878677, -0.07246848940849304, -0.06853785365819931, -0.06460721790790558, -0.06067658215761185, -0.056745946407318115, -0.052815310657024384, -0.04888467490673065, -0.04495403915643692, -0.04102340340614319, -0.03709276765584946, -0.033162131905555725, -0.029231496155261993, -0.02530086040496826, -0.02137022465467453, -0.0174395889043808, -0.013508953154087067, -0.009578317403793335, -0.005647681653499603, -0.0017170459032058716, 0.00221358984708786, 0.006144240498542786, 0.010074876248836517, 0.014005511999130249, 0.01793614774942398, 0.021866783499717712, 0.025797419250011444, 0.029728055000305176, 0.03365869075059891, 0.03758932650089264, 0.04151996225118637, 0.0454505980014801, 0.049381233751773834, 0.053311869502067566, 0.0572425052523613, 0.06117314100265503, 0.06510377675294876, 0.06903441250324249, 0.07296504825353622, 0.07689568400382996, 0.08082631975412369, 0.08475695550441742, 0.08868759125471115, 0.09261822700500488, 0.09654886275529861, 0.10047949850559235, 0.10441013425588608, 0.10834077000617981, 0.11227140575647354, 0.11620204150676727, 0.120132677257061, 0.12406331300735474, 0.12799394130706787, 0.1319245845079422]}, "gradients/graph_56spatial.1.bias": {"_type": "histogram", "values": [1.0, 1.0, 0.0, 2.0, 0.0, 0.0, 0.0, 0.0, 0.0, 0.0, 0.0, 1.0, 0.0, 0.0, 2.0, 1.0, 0.0, 1.0, 0.0, 1.0, 0.0, 0.0, 1.0, 1.0, 0.0, 4.0, 0.0, 2.0, 0.0, 0.0, 1.0, 3.0, 1.0, 1.0, 0.0, 1.0, 0.0, 0.0, 1.0, 0.0, 0.0, 0.0, 0.0, 0.0, 1.0, 0.0, 0.0, 0.0, 0.0, 0.0, 0.0, 0.0, 0.0, 0.0, 0.0, 0.0, 0.0, 1.0, 0.0, 0.0, 1.0, 0.0, 0.0, 1.0], "bins": [-0.2558789849281311, -0.24647051095962524, -0.23706205189228058, -0.22765357792377472, -0.21824510395526886, -0.2088366448879242, -0.19942817091941833, -0.19001969695091248, -0.18061122298240662, -0.17120274901390076, -0.1617942899465561, -0.15238581597805023, -0.14297734200954437, -0.1335688829421997, -0.12416040897369385, -0.11475193500518799, -0.10534347593784332, -0.09593500941991806, -0.0865265354514122, -0.07711806893348694, -0.06770959496498108, -0.05830112844705582, -0.048892661929130554, -0.039484187960624695, -0.03007572889328003, -0.02066725865006447, -0.011258790269494057, -0.001850321888923645, 0.007558148354291916, 0.016966618597507477, 0.02637508511543274, 0.0357835590839386, 0.04519203305244446, 0.05460050329566002, 0.06400897353887558, 0.07341744005680084, 0.0828259140253067, 0.09223438054323196, 0.10164284706115723, 0.11105132102966309, 0.12045979499816895, 0.1298682689666748, 0.13927672803401947, 0.14868520200252533, 0.1580936759710312, 0.16750213503837585, 0.1769106090068817, 0.18631908297538757, 0.19572754204273224, 0.2051360160112381, 0.21454447507858276, 0.22395294904708862, 0.23336142301559448, 0.24276989698410034, 0.2521783709526062, 0.26158684492111206, 0.27099528908729553, 0.2804037630558014, 0.28981223702430725, 0.2992206811904907, 0.3086291551589966, 0.31803762912750244, 0.3274461030960083, 0.33685457706451416, 0.34626305103302]}, "gradients/graph_56spatial.0.weight": {"_type": "histogram",