{"batch loss": 0.8227300047874451, "_timestamp": 1651870066, "_runtime": 434, "_step": 689, "epoch": 29, "train/train_loss": 0.7618553232062947, "train/train_acc": 0.6653203598310997, "train/train_f1": 0.6641501784959194, "val/val_loss": 0.9991915396281651, "val/vaL_acc": 0.5349583066067992, "val/val_f1": 0.5573150864927314, "gradients/graph_38fc2.bias": {"_type": "histogram", "values": [1.0, 0.0, 0.0, 0.0, 0.0, 1.0, 0.0, 0.0, 0.0, 0.0, 0.0, 0.0, 0.0, 0.0, 0.0, 0.0, 0.0, 0.0, 0.0, 0.0, 0.0, 0.0, 0.0, 0.0, 0.0, 0.0, 0.0, 0.0, 0.0, 0.0, 0.0, 0.0, 0.0, 0.0, 0.0, 0.0, 0.0, 0.0, 0.0, 0.0, 0.0, 0.0, 0.0, 0.0, 0.0, 0.0, 0.0, 0.0, 0.0, 0.0, 0.0, 0.0, 0.0, 0.0, 0.0, 0.0, 0.0, 0.0, 0.0, 0.0, 0.0, 0.0, 0.0, 1.0], "bins": [-0.00707502756267786, -0.006768743973225355, -0.00646246038377285, -0.006156176328659058, -0.0058498927392065525, -0.005543609149754047, -0.005237325094640255, -0.00493104150518775, -0.004624757915735245, -0.00431847432628274, -0.0040121907368302345, -0.003705906681716442, -0.003399623092263937, -0.003093339502811432, -0.002787055680528283, -0.0024807718582451344, -0.0021744882687926292, -0.0018682045629248023, -0.0015619208570569754, -0.0012556371511891484, -0.0009493534453213215, -0.0006430697394534945, -0.0003367860335856676, -3.0502211302518845e-05, 0.00027578137814998627, 0.0005820650840178132, 0.0008883487898856401, 0.001194632495753467, 0.001500916201621294, 0.001807199907489121, 0.002113483613356948, 0.0024197674356400967, 0.0027260519564151764, 0.0030323355458676815, 0.0033386193681508303, 0.003644903190433979, 0.003951186779886484, 0.004257470369338989, 0.004563754424452782, 0.004870038013905287, 0.005176321603357792, 0.005482605192810297, 0.005788888782262802, 0.0060951728373765945, 0.0064014564268291, 0.006707740016281605, 0.007014024071395397, 0.007320307660847902, 0.007626591250300407, 0.0079328753054142, 0.008239158429205418, 0.00854544248431921, 0.008851725608110428, 0.00915800966322422, 0.009464293718338013, 0.009770577773451805, 0.010076860897243023, 0.010383144952356815, 0.010689428076148033, 0.010995712131261826, 0.011301996186375618, 0.011608279310166836, 0.011914563365280628, 0.012220846489071846, 0.012527130544185638]}, "gradients/graph_38fc2.weight": {"_type": "histogram", "values": [1.0, 1.0, 0.0, 0.0, 3.0, 0.0, 0.0, 1.0, 1.0, 1.0, 2.0, 2.0, 4.0, 2.0, 1.0, 1.0, 0.0, 5.0, 5.0, 7.0, 6.0, 7.0, 5.0, 17.0, 15.0, 13.0, 18.0, 15.0, 19.0, 22.0, 20.0, 26.0, 26.0, 12.0, 26.0, 28.0, 26.0, 23.0, 21.0, 20.0, 25.0, 17.0, 11.0, 20.0, 11.0, 10.0, 4.0, 13.0, 5.0, 4.0, 1.0, 4.0, 4.0, 1.0, 1.0, 2.0, 2.0, 1.0, 0.0, 0.0, 0.0, 1.0, 0.0, 1.0], "bins": [-0.026384679600596428, -0.02560485526919365, -0.02482502907514572, -0.024045204743742943, -0.023265380412340164, -0.022485554218292236, -0.021705729886889458, -0.02092590555548668, -0.02014607936143875, -0.019366255030035973, -0.018586428835988045, -0.017806604504585266, -0.017026780173182487, -0.01624695584177971, -0.015467129647731781, -0.014687305316329002, -0.013907480984926224, -0.01312765572220087, -0.012347831390798092, -0.011568006128072739, -0.01078818179666996, -0.010008356533944607, -0.009228531271219254, -0.008448706939816475, -0.007668880745768547, -0.006889055948704481, -0.006109231151640415, -0.005329405888915062, -0.004549581091850996, -0.00376975629478693, -0.002989931032061577, -0.002210106234997511, -0.0014302823692560196, -0.0006504574557766318, 0.00012936745770275593, 0.0009091924875974655, 0.0016890172846615314, 0.0024688420817255974, 0.0032486673444509506, 0.0040284921415150166, 0.004808316007256508, 0.005588140804320574, 0.00636796560138464, 0.007147790864109993, 0.007927615195512772, 0.008707440458238125, 0.009487265720963478, 0.010267090052366257, 0.011046916246414185, 0.011826741509139538, 0.012606565840542316, 0.01338639110326767, 0.014166215434670448, 0.014946040697395802, 0.015725865960121155, 0.016505690291523933, 0.017285514622926712, 0.01806533895432949, 0.01884516514837742, 0.019624989479780197, 0.020404813811182976, 0.021184638142585754, 0.021964464336633682, 0.02274428866803646, 0.02352411486208439]}, "gradients/graph_38spatial.1.weight": {"_type": "histogram", "values": [1.0, 0.0, 0.0, 0.0, 0.0, 0.0, 0.0, 0.0, 0.0, 0.0, 0.0, 0.0, 0.0, 0.0, 0.0, 0.0, 0.0, 0.0, 0.0, 0.0, 2.0, 0.0, 1.0, 0.0, 0.0, 0.0, 1.0, 0.0, 1.0, 1.0, 1.0, 0.0, 0.0, 0.0, 0.0, 0.0, 0.0, 0.0, 0.0, 1.0, 0.0, 0.0, 0.0, 0.0, 0.0, 0.0, 0.0, 0.0, 0.0, 0.0, 0.0, 0.0, 0.0, 0.0, 0.0, 0.0, 0.0, 0.0, 0.0, 0.0, 0.0, 0.0, 0.0, 1.0], "bins": [-0.07346279919147491, -0.07096230238676071, -0.06846180558204651, -0.0659613087773323, -0.0634608119726181, -0.0609603114426136, -0.0584598146378994, -0.0559593141078949, -0.053458817303180695, -0.05095832049846649, -0.04845782369375229, -0.045957326889038086, -0.043456826359033585, -0.04095632955431938, -0.03845583274960518, -0.03595533221960068, -0.03345483914017677, -0.03095434233546257, -0.028453843668103218, -0.025953346863389015, -0.023452848196029663, -0.02095235139131546, -0.018451854586601257, -0.015951355919241905, -0.013450860977172852, -0.010950363241136074, -0.008449865505099297, -0.005949368700385094, -0.003448870964348316, -0.0009483732283115387, 0.0015521235764026642, 0.004052622243762016, 0.006553120911121368, 0.009053618647158146, 0.011554116383194923, 0.014054613187909126, 0.01655511185526848, 0.01905560865998268, 0.021556105464696884, 0.024056604132056236, 0.02655710279941559, 0.02905759960412979, 0.031558096408843994, 0.0340585932135582, 0.0365590937435627, 0.0390595905482769, 0.041560087352991104, 0.044060587882995605, 0.04656108096241951, 0.04906157776713371, 0.051562074571847916, 0.05406257510185242, 0.05656307190656662, 0.05906356871128082, 0.061564065515995026, 0.06406456232070923, 0.06656505912542343, 0.06906555593013763, 0.07156605273485184, 0.07406654953956604, 0.07656704634428024, 0.07906754314899445, 0.08156804740428925, 0.08406854420900345, 0.08656904101371765]}, "gradients/graph_38spatial.1.bias": {"_type": "histogram", "values": [1.0, 0.0, 0.0, 0.0, 0.0, 0.0, 1.0, 0.0, 0.0, 0.0, 0.0, 1.0, 0.0, 0.0, 1.0, 0.0, 1.0, 0.0, 0.0, 0.0, 0.0, 0.0, 0.0, 0.0, 0.0, 0.0, 0.0, 1.0, 0.0, 1.0, 0.0, 0.0, 1.0, 0.0, 0.0, 0.0, 0.0, 0.0, 0.0, 0.0, 0.0, 0.0, 0.0, 0.0, 0.0, 1.0, 0.0, 0.0, 0.0, 0.0, 0.0, 0.0, 0.0, 0.0, 0.0, 0.0, 0.0, 0.0, 0.0, 0.0, 0.0, 0.0, 0.0, 1.0], "bins": [-0.03360217809677124, -0.032050345093011856, -0.030498508363962173, -0.02894667536020279, -0.027394840493798256, -0.025843005627393723, -0.02429117262363434, -0.022739337757229805, -0.02118750289082527, -0.019635668024420738, -0.018083833158016205, -0.01653200015425682, -0.014980165287852287, -0.013428330421447754, -0.011876496486365795, -0.010324662551283836, -0.008772827684879303, -0.007220993284136057, -0.005669158883392811, -0.004117324482649565, -0.0025654900819063187, -0.0010136556811630726, 0.0005381787195801735, 0.0020900126546621323, 0.0036418475210666656, 0.005193681921809912, 0.006745516322553158, 0.008297350257635117, 0.00984918512403965, 0.011401019990444183, 0.012952853925526142, 0.014504687860608101, 0.016056522727012634, 0.017608357593417168, 0.0191601924598217, 0.020712025463581085, 0.02226386032998562, 0.023815695196390152, 0.025367528200149536, 0.02691936306655407, 0.028471197932958603, 0.030023032799363136, 0.03157486766576767, 0.033126700669527054, 0.03467853367328644, 0.03623037040233612, 0.037782203406095505, 0.03933403640985489, 0.04088587313890457, 0.042437706142663956, 0.04398954287171364, 0.04554137587547302, 0.047093212604522705, 0.04864504560828209, 0.05019687861204147, 0.051748715341091156, 0.05330054834485054, 0.054852381348609924, 0.05640421807765961, 0.05795605108141899, 0.059507884085178375, 0.06105972081422806, 0.06261155754327774, 0.06416338682174683, 0.06571522355079651]}, "gradients/graph_38spatial.0.weight": {"_type": "histogram",