{"batch loss": 0.39097723364830017, "_timestamp": 1651763308, "_runtime": 1651, "_step": 649, "epoch": 24, "train/train_loss": 0.3242408788204193, "train/train_acc": 0.8895939086294417, "train/train_f1": 0.8883630336475505, "val/val_loss": 1.2789080540339153, "val/vaL_acc": 0.5754985754985755, "val/val_f1": 0.5724847761695172, "gradients/graph_2fc2.bias": {"_type": "histogram", "values": [1.0, 0.0, 0.0, 0.0, 0.0, 0.0, 0.0, 0.0, 0.0, 0.0, 0.0, 0.0, 0.0, 0.0, 0.0, 0.0, 0.0, 0.0, 0.0, 0.0, 0.0, 0.0, 0.0, 0.0, 0.0, 0.0, 0.0, 0.0, 0.0, 0.0, 0.0, 0.0, 0.0, 0.0, 0.0, 0.0, 0.0, 0.0, 0.0, 0.0, 0.0, 0.0, 0.0, 0.0, 0.0, 0.0, 0.0, 0.0, 0.0, 0.0, 0.0, 0.0, 0.0, 0.0, 0.0, 0.0, 0.0, 0.0, 1.0, 0.0, 0.0, 0.0, 0.0, 1.0], "bins": [-0.048429135233163834, -0.04723859205842018, -0.04604804515838623, -0.04485750198364258, -0.043666958808898926, -0.042476411908864975, -0.04128586873412132, -0.04009532183408737, -0.03890477865934372, -0.03771423548460007, -0.036523688584566116, -0.035333145409822464, -0.03414260223507881, -0.03295205533504486, -0.03176151216030121, -0.030570967122912407, -0.029380423948168755, -0.028189878910779953, -0.0269993357360363, -0.0258087906986475, -0.024618245661258698, -0.023427702486515045, -0.022237157449126244, -0.021046612411737442, -0.01985606923699379, -0.018665524199604988, -0.017474981024861336, -0.016284435987472534, -0.015093890950083733, -0.013903346844017506, -0.012712802737951279, -0.011522257700562477, -0.010331714525818825, -0.009141170419752598, -0.007950625382363796, -0.006760081276297569, -0.005569536704570055, -0.004378992132842541, -0.0031884480267763138, -0.001997902989387512, -0.0008073579519987106, 0.0003831865033134818, 0.0015737309586256742, 0.002764275297522545, 0.003954819869250059, 0.005145364440977573, 0.0063359085470438, 0.007526453584432602, 0.008716996759176254, 0.009907540865242481, 0.011098085902631283, 0.01228863000869751, 0.013479175046086311, 0.014669719152152538, 0.015860263258218765, 0.017050808295607567, 0.01824135333299637, 0.01943189837038517, 0.020622441545128822, 0.021812986582517624, 0.023003531619906425, 0.024194076657295227, 0.02538461983203888, 0.02657516486942768, 0.027765708044171333]}, "gradients/graph_2fc2.weight": {"_type": "histogram", "values": [1.0, 1.0, 4.0, 0.0, 2.0, 3.0, 7.0, 6.0, 8.0, 5.0, 7.0, 8.0, 14.0, 21.0, 22.0, 27.0, 30.0, 45.0, 33.0, 34.0, 42.0, 45.0, 60.0, 62.0, 65.0, 79.0, 90.0, 96.0, 90.0, 86.0, 90.0, 83.0, 94.0, 94.0, 101.0, 74.0, 86.0, 80.0, 62.0, 59.0, 42.0, 48.0, 49.0, 24.0, 37.0, 26.0, 20.0, 21.0, 16.0, 8.0, 7.0, 8.0, 13.0, 9.0, 4.0, 2.0, 4.0, 1.0, 2.0, 1.0, 0.0, 0.0, 1.0, 1.0], "bins": [-0.027120843529701233, -0.026241933926939964, -0.025363024324178696, -0.024484114721417427, -0.02360520511865616, -0.02272629551589489, -0.02184738591313362, -0.020968478173017502, -0.020089566707611084, -0.019210657104849815, -0.018331747502088547, -0.017452837899327278, -0.01657392829656601, -0.01569501869380474, -0.014816110022366047, -0.013937200419604778, -0.013058291748166084, -0.012179382145404816, -0.011300472542643547, -0.010421562939882278, -0.00954265333712101, -0.008663743734359741, -0.007784835062921047, -0.006905925460159779, -0.006027016788721085, -0.005148107185959816, -0.004269197583198547, -0.003390288446098566, -0.0025113788433372974, -0.0016324692405760288, -0.0007535601034760475, 0.0001253494992852211, 0.001004258170723915, 0.0018831676570698619, 0.0027620771434158087, 0.0036409865133464336, 0.004519896116107702, 0.005398805718868971, 0.006277714855968952, 0.007156624458730221, 0.008035534992814064, 0.008914444595575333, 0.009793354198336601, 0.01067226380109787, 0.011551173403859138, 0.012430083006620407, 0.013308991678059101, 0.01418790128082037, 0.015066809952259064, 0.015945719555020332, 0.0168246291577816, 0.01770353876054287, 0.018582448363304138, 0.019461357966065407, 0.020340267568826675, 0.021219175308942795, 0.022098086774349213, 0.02297699637711048, 0.02385590597987175, 0.02473481558263302, 0.025613725185394287, 0.026492634788155556, 0.027371544390916824, 0.028250452131032944, 0.029129361733794212]}, "gradients/graph_2spatial.1.weight": {"_type": "histogram", "values": [1.0, 0.0, 0.0, 1.0, 1.0, 0.0, 0.0, 1.0, 0.0, 0.0, 0.0, 0.0, 0.0, 1.0, 0.0, 1.0, 0.0, 0.0, 0.0, 0.0, 0.0, 0.0, 2.0, 0.0, 1.0, 2.0, 1.0, 1.0, 2.0, 1.0, 0.0, 2.0, 1.0, 4.0, 0.0, 1.0, 2.0, 1.0, 0.0, 1.0, 1.0, 0.0, 0.0, 2.0, 1.0, 0.0, 1.0, 1.0, 0.0, 1.0, 0.0, 1.0, 1.0, 0.0, 0.0, 0.0, 0.0, 1.0, 1.0, 0.0, 0.0, 0.0, 0.0, 1.0], "bins": [-0.07024708390235901, -0.0682041198015213, -0.0661611557006836, -0.06411819159984589, -0.06207522377371788, -0.06003225967288017, -0.057989295572042465, -0.05594633147120476, -0.05390336364507675, -0.051860399544239044, -0.04981743544340134, -0.04777447134256363, -0.04573150351643562, -0.043688539415597916, -0.04164557531476021, -0.0396026112139225, -0.03755964711308479, -0.035516683012247086, -0.03347371891140938, -0.03143075108528137, -0.029387786984443665, -0.027344822883605957, -0.02530185878276825, -0.023258894681930542, -0.021215930581092834, -0.019172966480255127, -0.01713000051677227, -0.015087036415934563, -0.01304407138377428, -0.011001106351613998, -0.008958142250776291, -0.006915177218616009, -0.004872214049100876, -0.0028292492497712374, -0.0007862844504415989, 0.001256680116057396, 0.003299645148217678, 0.00534261018037796, 0.007385574281215668, 0.00942853931337595, 0.011471506208181381, 0.013514471240341663, 0.015557436272501945, 0.017600400373339653, 0.01964336633682251, 0.021686330437660217, 0.023729294538497925, 0.025772258639335632, 0.02781522274017334, 0.029858186841011047, 0.031901150941848755, 0.03394411504268646, 0.03598708286881447, 0.038030046969652176, 0.04007301107048988, 0.04211597517132759, 0.0441589429974556, 0.046201907098293304, 0.04824487119913101, 0.05028783529996872, 0.052330803126096725, 0.05437376722693443, 0.05641673132777214, 0.05845969542860985, 0.060502659529447556]}, "gradients/graph_2spatial.1.bias": {"_type": "histogram", "values": [2.0, 0.0, 1.0, 0.0, 0.0, 0.0, 0.0, 0.0, 0.0, 0.0, 0.0, 0.0, 0.0, 1.0, 0.0, 0.0, 0.0, 2.0, 0.0, 0.0, 1.0, 2.0, 1.0, 1.0, 2.0, 0.0, 0.0, 3.0, 2.0, 2.0, 2.0, 2.0, 1.0, 0.0, 0.0, 2.0, 1.0, 2.0, 0.0, 0.0, 0.0, 1.0, 0.0, 1.0, 0.0, 1.0, 2.0, 0.0, 0.0, 1.0, 0.0, 0.0, 0.0, 0.0, 0.0, 2.0, 0.0, 0.0, 0.0, 1.0, 0.0, 0.0, 0.0, 1.0], "bins": [-0.1485319584608078, -0.1437426060438156, -0.13895325362682343, -0.13416390120983124, -0.12937454879283905, -0.12458519637584686, -0.11979583650827408, -0.11500648409128189, -0.1102171316742897, -0.10542777925729752, -0.10063842684030533, -0.09584907442331314, -0.09105971455574036, -0.08627036213874817, -0.08148100972175598, -0.0766916573047638, -0.0719023048877716, -0.06711295247077942, -0.06232360005378723, -0.057534243911504745, -0.05274489149451256, -0.04795553907752037, -0.043166182935237885, -0.0383768305182457, -0.03358747810125351, -0.028798125684261322, -0.024008771404623985, -0.01921941712498665, -0.014430064707994461, -0.009640712291002274, -0.004851358011364937, -6.20037317276001e-05, 0.0047273337841033936, 0.009516687132418156, 0.014306040480732918, 0.019095394760370255, 0.023884747177362442, 0.02867409959435463, 0.033463455736637115, 0.0382528081536293, 0.04304216057062149, 0.04783151298761368, 0.052620865404605865, 0.05741022154688835, 0.06219957396388054, 0.06698893010616302, 0.07177828252315521, 0.0765676349401474, 0.08135698735713959, 0.08614633977413177, 0.09093569219112396, 0.09572504460811615, 0.10051439702510834, 0.10530374944210052, 0.11009310930967331, 0.1148824617266655, 0.11967181414365768, 0.12446116656064987, 0.12925052642822266, 0.13403987884521484, 0.13882923126220703, 0.14361858367919922, 0.1484079360961914, 0.1531972885131836, 0.15798664093017578]}, "gradients/graph_2spatial.0.weight": {"_type": "histogram",