{"batch loss": 0.7142333388328552, "_timestamp": 1651861973, "_runtime": 905, "_step": 689, "epoch": 29, "train/train_loss": 0.6125550215894525, "train/train_acc": 0.7382045162474756, "train/train_f1": 0.735433440847046, "val/val_loss": 1.226432476724897, "val/vaL_acc": 0.514432328415651, "val/val_f1": 0.5088664748225412, "gradients/graph_25fc2.bias": {"_type": "histogram", "values": [1.0, 0.0, 0.0, 0.0, 0.0, 0.0, 0.0, 0.0, 0.0, 0.0, 0.0, 0.0, 0.0, 0.0, 0.0, 0.0, 0.0, 0.0, 0.0, 0.0, 0.0, 0.0, 0.0, 0.0, 0.0, 0.0, 1.0, 0.0, 0.0, 0.0, 0.0, 0.0, 0.0, 0.0, 0.0, 0.0, 0.0, 0.0, 0.0, 0.0, 0.0, 0.0, 0.0, 0.0, 0.0, 0.0, 0.0, 0.0, 0.0, 0.0, 0.0, 0.0, 0.0, 0.0, 0.0, 0.0, 0.0, 0.0, 0.0, 0.0, 0.0, 0.0, 0.0, 1.0], "bins": [-0.04182741045951843, -0.040438249707221985, -0.03904908895492554, -0.03765992820262909, -0.03627076745033264, -0.03488161042332649, -0.033492449671030045, -0.0321032889187336, -0.03071412816643715, -0.0293249674141407, -0.027935806661844254, -0.026546647772192955, -0.025157487019896507, -0.02376832626760006, -0.02237916737794876, -0.020990006625652313, -0.019600845873355865, -0.018211685121059418, -0.01682252436876297, -0.015433365479111671, -0.014044204726815224, -0.012655043974518776, -0.011265884153544903, -0.00987672433257103, -0.008487563580274582, -0.0070984032936394215, -0.005709243007004261, -0.004320082720369101, -0.00293092243373394, -0.0015417621470987797, -0.00015260186046361923, 0.001236557960510254, 0.002625714987516403, 0.004014875274151564, 0.005404035560786724, 0.0067931958474218845, 0.008182356134057045, 0.009571516886353493, 0.010960676707327366, 0.012349836528301239, 0.013738997280597687, 0.015128158032894135, 0.016517318785190582, 0.01790647767484188, 0.01929563842713833, 0.020684799179434776, 0.022073958069086075, 0.023463118821382523, 0.02485227957367897, 0.026241440325975418, 0.027630601078271866, 0.029019759967923164, 0.030408920720219612, 0.03179807960987091, 0.03318724036216736, 0.034576401114463806, 0.035965561866760254, 0.0373547226190567, 0.03874388337135315, 0.0401330441236496, 0.041522204875946045, 0.042911361902952194, 0.04430052265524864, 0.04568968340754509, 0.04707884415984154]}, "gradients/graph_25fc2.weight": {"_type": "histogram", "values": [2.0, 0.0, 1.0, 2.0, 2.0, 1.0, 3.0, 2.0, 2.0, 1.0, 5.0, 8.0, 7.0, 5.0, 11.0, 5.0, 15.0, 11.0, 20.0, 16.0, 25.0, 28.0, 26.0, 41.0, 47.0, 44.0, 62.0, 50.0, 48.0, 78.0, 60.0, 63.0, 80.0, 64.0, 88.0, 84.0, 77.0, 70.0, 69.0, 68.0, 63.0, 65.0, 69.0, 39.0, 46.0, 41.0, 36.0, 36.0, 19.0, 28.0, 26.0, 21.0, 13.0, 8.0, 18.0, 7.0, 8.0, 8.0, 3.0, 3.0, 4.0, 3.0, 3.0, 2.0], "bins": [-0.03327585756778717, -0.03232484310865402, -0.031373828649520874, -0.030422810465097427, -0.02947179600596428, -0.02852078154683113, -0.027569765225052834, -0.026618748903274536, -0.025667734444141388, -0.02471671998500824, -0.023765703663229942, -0.022814687341451645, -0.021863672882318497, -0.02091265842318535, -0.01996164210140705, -0.019010625779628754, -0.018059611320495605, -0.017108596861362457, -0.01615758053958416, -0.015206565149128437, -0.014255549758672714, -0.013304534368216991, -0.012353518977761269, -0.011402503587305546, -0.010451488196849823, -0.0095004728063941, -0.008549457415938377, -0.007598442025482655, -0.006647426635026932, -0.005696411244571209, -0.004745395854115486, -0.0037943804636597633, -0.0028433650732040405, -0.0018923496827483177, -0.0009413342922925949, 9.6810981631279e-06, 0.0009606964886188507, 0.0019117118790745735, 0.0028627272695302963, 0.003813742659986019, 0.004764758050441742, 0.005715773440897465, 0.0066667888313531876, 0.00761780422180891, 0.008568819612264633, 0.009519835002720356, 0.010470850393176079, 0.011421865783631802, 0.012372881174087524, 0.013323896564543247, 0.01427491195499897, 0.015225927345454693, 0.016176942735910416, 0.017127957195043564, 0.01807897351682186, 0.01902998983860016, 0.019981004297733307, 0.020932018756866455, 0.021883035078644753, 0.02283405140042305, 0.023785065859556198, 0.024736080318689346, 0.025687096640467644, 0.02663811296224594, 0.02758912742137909]}, "gradients/graph_25spatial.1.weight": {"_type": "histogram", "values": [1.0, 1.0, 0.0, 0.0, 0.0, 0.0, 0.0, 3.0, 0.0, 1.0, 0.0, 2.0, 0.0, 0.0, 0.0, 2.0, 2.0, 0.0, 1.0, 1.0, 0.0, 0.0, 0.0, 0.0, 0.0, 1.0, 0.0, 0.0, 0.0, 1.0, 0.0, 0.0, 2.0, 0.0, 0.0, 0.0, 0.0, 1.0, 0.0, 0.0, 0.0, 0.0, 0.0, 0.0, 0.0, 0.0, 0.0, 0.0, 0.0, 0.0, 0.0, 0.0, 0.0, 0.0, 0.0, 0.0, 0.0, 0.0, 0.0, 0.0, 0.0, 0.0, 0.0, 1.0], "bins": [-0.052854426205158234, -0.049663230776786804, -0.046472035348415375, -0.04328083619475365, -0.04008964076638222, -0.03689844533801079, -0.03370724618434906, -0.03051605075597763, -0.0273248553276062, -0.02413365989923477, -0.020942462608218193, -0.017751265317201614, -0.014560069888830185, -0.011368874460458755, -0.008177677169442177, -0.004986479878425598, -0.0017952844500541687, 0.0013959119096398354, 0.004587108269333839, 0.0077783046290278435, 0.010969500988721848, 0.014160696417093277, 0.017351893708109856, 0.020543090999126434, 0.023734286427497864, 0.026925481855869293, 0.030116679146885872, 0.03330787643790245, 0.03649907186627388, 0.03969026729464531, 0.04288146644830704, 0.04607266187667847, 0.0492638498544693, 0.05245504528284073, 0.05564624071121216, 0.058837439864873886, 0.062028635293245316, 0.06521983444690704, 0.06841102987527847, 0.0716022253036499, 0.07479342073202133, 0.07798461616039276, 0.08117581158876419, 0.08436700701713562, 0.08755820989608765, 0.09074939787387848, 0.0939406007528305, 0.09713179618120193, 0.10032299160957336, 0.1035141870379448, 0.10670538246631622, 0.10989657789468765, 0.11308777332305908, 0.11627897620201111, 0.11947017163038254, 0.12266136705875397, 0.1258525550365448, 0.12904375791549683, 0.13223494589328766, 0.13542614877223969, 0.13861733675003052, 0.14180853962898254, 0.14499972760677338, 0.1481909304857254, 0.15138213336467743]}, "gradients/graph_25spatial.1.bias": {"_type": "histogram", "values": [1.0, 0.0, 0.0, 2.0, 0.0, 0.0, 0.0, 1.0, 0.0, 0.0, 0.0, 0.0, 1.0, 0.0, 0.0, 2.0, 1.0, 0.0, 1.0, 0.0, 2.0, 0.0, 0.0, 1.0, 1.0, 0.0, 0.0, 1.0, 1.0, 0.0, 2.0, 0.0, 0.0, 1.0, 0.0, 0.0, 0.0, 0.0, 0.0, 0.0, 0.0, 0.0, 0.0, 0.0, 0.0, 0.0, 0.0, 0.0, 0.0, 0.0, 0.0, 0.0, 0.0, 0.0, 0.0, 0.0, 0.0, 0.0, 0.0, 0.0, 0.0, 1.0, 0.0, 1.0], "bins": [-0.16001802682876587, -0.15164969861507416, -0.14328137040138245, -0.13491304218769073, -0.12654471397399902, -0.11817638576030731, -0.1098080575466156, -0.10143972933292389, -0.09307140111923218, -0.08470307290554047, -0.07633474469184875, -0.06796641647815704, -0.05959808826446533, -0.05122976005077362, -0.04286143183708191, -0.0344931036233902, -0.026124775409698486, -0.017756447196006775, -0.009388118982315063, -0.001019790768623352, 0.007348537445068359, 0.01571686565876007, 0.024085193872451782, 0.032453522086143494, 0.040821850299835205, 0.049190178513526917, 0.05755850672721863, 0.06592683494091034, 0.07429516315460205, 0.08266349136829376, 0.09103181958198547, 0.09940014779567719, 0.10776844620704651, 0.11613677442073822, 0.12450510263442993, 0.13287343084812164, 0.14124175906181335, 0.14961008727550507, 0.15797841548919678, 0.1663467437028885, 0.1747150719165802, 0.1830834001302719, 0.19145172834396362, 0.19982005655765533, 0.20818838477134705, 0.21655671298503876, 0.22492504119873047, 0.23329336941242218, 0.2416616976261139, 0.2500300407409668, 0.2583983540534973, 0.26676666736602783, 0.27513501048088074, 0.28350335359573364, 0.29187166690826416, 0.3002399802207947, 0.3086083233356476, 0.3169766664505005, 0.325344979763031, 0.3337132930755615, 0.34208163619041443, 0.35044997930526733, 0.35881829261779785, 0.36718660593032837, 0.3755549490451813]}, "gradients/graph_25spatial.0.weight": {"_type": "histogram",