{"batch loss": 0.9749011993408203, "_timestamp": 1651751654, "_runtime": 23, "_step": 194, "gradients/fc2.bias": {"_type": "histogram", "values": [1.0, 0.0, 0.0, 0.0, 0.0, 0.0, 0.0, 0.0, 0.0, 0.0, 0.0, 0.0, 0.0, 0.0, 0.0, 0.0, 0.0, 0.0, 0.0, 0.0, 0.0, 0.0, 0.0, 0.0, 0.0, 0.0, 0.0, 0.0, 0.0, 0.0, 0.0, 0.0, 0.0, 0.0, 0.0, 0.0, 0.0, 0.0, 0.0, 0.0, 0.0, 0.0, 0.0, 0.0, 0.0, 0.0, 0.0, 0.0, 0.0, 0.0, 1.0, 0.0, 0.0, 0.0, 0.0, 0.0, 0.0, 0.0, 0.0, 0.0, 0.0, 0.0, 0.0, 1.0], "bins": [-0.08016843348741531, -0.07806947082281113, -0.07597051560878754, -0.07387155294418335, -0.07177259027957916, -0.06967362761497498, -0.06757467240095139, -0.0654757097363472, -0.06337675452232361, -0.06127779558300972, -0.05917883291840553, -0.057079873979091644, -0.05498091131448746, -0.05288195237517357, -0.05078299343585968, -0.04868403077125549, -0.046585068106651306, -0.04448610916733742, -0.04238714650273323, -0.04028818756341934, -0.038189224898815155, -0.036090265959501266, -0.03399130702018738, -0.03189234435558319, -0.029793385416269302, -0.027694424614310265, -0.025595463812351227, -0.023496504873037338, -0.0213975440710783, -0.019298583269119263, -0.017199624329805374, -0.015100663527846336, -0.013001710176467896, -0.010902749374508858, -0.008803789503872395, -0.006704829167574644, -0.004605868831276894, -0.002506908029317856, -0.00040794815868139267, 0.0016910117119550705, 0.0037899725139141083, 0.005888932850211859, 0.00798789318650961, 0.010086853057146072, 0.01218581385910511, 0.014284774661064148, 0.016383733600378036, 0.018482694402337074, 0.020581655204296112, 0.02268061600625515, 0.024779576808214188, 0.026878535747528076, 0.028977496549487114, 0.03107645735144615, 0.03317541629076004, 0.03527437895536423, 0.037373337894678116, 0.039472296833992004, 0.04157125949859619, 0.04367021843791008, 0.04576917737722397, 0.047868140041828156, 0.049967098981142044, 0.05206605792045593, 0.05416502058506012]}, "gradients/fc2.weight": {"_type": "histogram", "values": [1.0, 0.0, 0.0, 1.0, 2.0, 0.0, 1.0, 1.0, 1.0, 1.0, 1.0, 2.0, 5.0, 0.0, 5.0, 6.0, 9.0, 5.0, 21.0, 13.0, 19.0, 23.0, 20.0, 14.0, 23.0, 26.0, 19.0, 34.0, 33.0, 37.0, 30.0, 38.0, 30.0, 41.0, 30.0, 40.0, 29.0, 24.0, 30.0, 38.0, 26.0, 25.0, 25.0, 20.0, 19.0, 14.0, 16.0, 9.0, 4.0, 6.0, 3.0, 6.0, 2.0, 2.0, 3.0, 2.0, 3.0, 1.0, 0.0, 0.0, 0.0, 0.0, 0.0, 1.0], "bins": [-0.05920429900288582, -0.05739497393369675, -0.05558564513921738, -0.053776320070028305, -0.05196699500083923, -0.05015766620635986, -0.04834834113717079, -0.04653901606798172, -0.04472968727350235, -0.04292036220431328, -0.04111103340983391, -0.039301708340644836, -0.037492383271455765, -0.03568305820226669, -0.03387372940778732, -0.03206440433859825, -0.03025507926940918, -0.02844575233757496, -0.026636427268385887, -0.024827100336551666, -0.023017775267362595, -0.021208448335528374, -0.019399121403694153, -0.01758979633450508, -0.01578046754002571, -0.013971141539514065, -0.012161815539002419, -0.010352488607168198, -0.008543162606656551, -0.006733836606144905, -0.004924509674310684, -0.003115183673799038, -0.0013058632612228394, 0.0005034629721194506, 0.0023127892054617405, 0.004122115671634674, 0.00593144167214632, 0.007740767672657967, 0.009550094604492188, 0.011359420605003834, 0.01316874474287033, 0.014978070743381977, 0.016787396743893623, 0.018596723675727844, 0.020406048744916916, 0.022215375676751137, 0.024024702608585358, 0.02583402767777443, 0.0276433564722538, 0.02945268340408802, 0.03126201033592224, 0.03307133540511131, 0.034880660474300385, 0.036689989268779755, 0.038499314337968826, 0.0403086394071579, 0.04211796820163727, 0.04392729327082634, 0.04573662206530571, 0.04754594713449478, 0.04935527220368385, 0.051164597272872925, 0.052973926067352295, 0.05478325113654137, 0.05659257620573044]}, "gradients/spatial.1.weight": {"_type": "histogram", "values": [1.0, 0.0, 1.0, 0.0, 0.0, 0.0, 0.0, 1.0, 0.0, 0.0, 1.0, 0.0, 0.0, 0.0, 0.0, 0.0, 0.0, 0.0, 0.0, 0.0, 0.0, 0.0, 0.0, 2.0, 0.0, 0.0, 0.0, 0.0, 0.0, 0.0, 0.0, 1.0, 0.0, 1.0, 0.0, 0.0, 0.0, 0.0, 0.0, 0.0, 0.0, 1.0, 0.0, 0.0, 0.0, 0.0, 0.0, 0.0, 0.0, 0.0, 0.0, 0.0, 0.0, 0.0, 0.0, 0.0, 0.0, 0.0, 0.0, 0.0, 0.0, 0.0, 0.0, 1.0], "bins": [-0.05909840762615204, -0.056343890726566315, -0.05358937382698059, -0.05083485692739487, -0.04808034002780914, -0.04532582312822342, -0.042571306228637695, -0.03981678932905197, -0.03706227242946625, -0.034307755529880524, -0.0315532386302948, -0.028798721730709076, -0.026044204831123352, -0.023289687931537628, -0.020535171031951904, -0.01778065413236618, -0.015026137232780457, -0.012271620333194733, -0.009517103433609009, -0.006762586534023285, -0.004008069634437561, -0.0012535527348518372, 0.0015009641647338867, 0.004255481064319611, 0.0070099979639053345, 0.009764514863491058, 0.012519031763076782, 0.015273548662662506, 0.01802806556224823, 0.020782582461833954, 0.023537099361419678, 0.0262916162610054, 0.02904612571001053, 0.03180064260959625, 0.034555159509181976, 0.0373096764087677, 0.040064193308353424, 0.04281871020793915, 0.04557322710752487, 0.048327744007110596, 0.05108226090669632, 0.05383677780628204, 0.05659129470586777, 0.05934581160545349, 0.062100328505039215, 0.06485484540462494, 0.06760936230421066, 0.07036387920379639, 0.07311839610338211, 0.07587291300296783, 0.07862742990255356, 0.08138194680213928, 0.084136463701725, 0.08689098060131073, 0.08964549750089645, 0.09240001440048218, 0.0951545313000679, 0.09790904819965363, 0.10066356509923935, 0.10341808199882507, 0.1061725988984108, 0.10892711579799652, 0.11168163269758224, 0.11443614959716797, 0.11719066649675369]}, "gradients/spatial.1.bias": {"_type": "histogram", "values": [2.0, 0.0, 0.0, 0.0, 0.0, 0.0, 0.0, 0.0, 0.0, 1.0, 0.0, 0.0, 0.0, 0.0, 0.0, 0.0, 0.0, 1.0, 0.0, 0.0, 0.0, 0.0, 0.0, 0.0, 0.0, 1.0, 1.0, 0.0, 0.0, 1.0, 0.0, 0.0, 1.0, 0.0, 0.0, 0.0, 0.0, 0.0, 0.0, 1.0, 0.0, 0.0, 0.0, 0.0, 0.0, 0.0, 0.0, 0.0, 0.0, 0.0, 0.0, 0.0, 0.0, 0.0, 0.0, 0.0, 0.0, 0.0, 0.0, 0.0, 0.0, 0.0, 0.0, 1.0], "bins": [-0.13348954916000366, -0.12790410220623016, -0.12231867015361786, -0.11673322319984436, -0.11114778369665146, -0.10556234419345856, -0.09997689723968506, -0.09439145773649216, -0.08880601823329926, -0.08322057873010635, -0.07763513922691345, -0.07204969227313995, -0.06646425276994705, -0.06087881326675415, -0.05529337003827095, -0.04970792680978775, -0.04412248730659485, -0.03853704780340195, -0.03295160457491875, -0.027366163209080696, -0.021780721843242645, -0.016195280477404594, -0.010609839111566544, -0.0050243958830833435, 0.0005610436201095581, 0.006146484985947609, 0.01173192635178566, 0.01731736771762371, 0.02290280908346176, 0.028488250449299812, 0.03407369181513786, 0.03965913504362106, 0.045244574546813965, 0.050830014050006866, 0.056415457278490067, 0.06200090050697327, 0.06758634001016617, 0.07317177951335907, 0.07875722646713257, 0.08434266597032547, 0.08992810547351837, 0.09551354497671127, 0.10109898447990417, 0.10668443143367767, 0.11226987093687057, 0.11785531044006348, 0.12344075739383698, 0.12902620434761047, 0.13461163640022278, 0.14019708335399628, 0.14578251540660858, 0.15136796236038208, 0.15695339441299438, 0.16253884136676788, 0.16812428832054138, 0.1737097203731537, 0.17929516732692719, 0.18488061428070068, 0.190466046333313, 0.1960514932870865, 0.20163694024085999, 0.2072223722934723, 0.2128078192472458, 0.2183932662010193, 0.2239786982536316]}, "gradients/spatial.0.weight": {"_type": "histogram", "values": [1.0, 0.0, 2.0, 0.0, 0.0, 0.0, 0.0, 0.0, 0.0, 2.0, 1.0, 1.0, 0.0, 1.0, 0.0, 1.0, 4.0, 4.0, 1.0, 3.0, 4.0, 6.0, 10.0, 6.0, 16.0, 18.0, 19.0, 39.0, 46.0, 61.0, 79.0, 91.0, 99.0, 57.0, 31.0, 29.0, 23.0, 26.0, 12.0, 15.0, 7.0, 11.0, 15.0, 11.0, 8.0, 2.0, 8.0, 4.0, 8.0, 2.0, 2.0, 0.0, 2.0, 1.0, 2.0, 2.0, 1.0, 2.0, 1.0, 0.0, 0.0, 1.0, 1.0, 1.0],