{"batch loss": 0.8936344385147095, "_timestamp": 1651826619, "_runtime": 462, "_step": 649, "epoch": 24, "train/train_loss": 0.7706355094909668, "train/train_acc": 0.6565672588832487, "train/train_f1": 0.6543708986413073, "val/val_loss": 0.9748145937919617, "val/vaL_acc": 0.5398860398860399, "val/val_f1": 0.537600671386918, "gradients/graph_68fc2.bias": {"_type": "histogram", "values": [1.0, 0.0, 0.0, 0.0, 0.0, 0.0, 0.0, 0.0, 0.0, 0.0, 0.0, 0.0, 0.0, 0.0, 0.0, 0.0, 0.0, 0.0, 0.0, 0.0, 1.0, 0.0, 0.0, 0.0, 0.0, 0.0, 0.0, 0.0, 0.0, 0.0, 0.0, 0.0, 0.0, 0.0, 0.0, 0.0, 0.0, 0.0, 0.0, 0.0, 0.0, 0.0, 0.0, 0.0, 0.0, 0.0, 0.0, 0.0, 0.0, 0.0, 0.0, 0.0, 0.0, 0.0, 0.0, 0.0, 0.0, 0.0, 0.0, 0.0, 0.0, 0.0, 0.0, 1.0], "bins": [-0.029077110812067986, -0.028040308505296707, -0.02700350619852543, -0.02596670389175415, -0.024929901584982872, -0.023893099278211594, -0.022856296971440315, -0.021819494664669037, -0.02078269235789776, -0.01974589005112648, -0.0187090877443552, -0.017672285437583923, -0.016635483130812645, -0.015598680824041367, -0.014561878517270088, -0.01352507621049881, -0.012488273903727531, -0.011451471596956253, -0.010414669290184975, -0.009377866983413696, -0.008341064676642418, -0.0073042623698711395, -0.006267460063099861, -0.005230657756328583, -0.004193855449557304, -0.003157053142786026, -0.0021202508360147476, -0.0010834485292434692, -4.664622247219086e-05, 0.0009901560842990875, 0.002026958391070366, 0.0030637606978416443, 0.004100564867258072, 0.00513736717402935, 0.006174169480800629, 0.007210971787571907, 0.008247774094343185, 0.009284576401114464, 0.010321378707885742, 0.01135818101465702, 0.012394983321428299, 0.013431785628199577, 0.014468587934970856, 0.015505390241742134, 0.016542192548513412, 0.01757899485528469, 0.01861579716205597, 0.019652599468827248, 0.020689401775598526, 0.021726204082369804, 0.022763006389141083, 0.02379980869591236, 0.02483661100268364, 0.025873413309454918, 0.026910215616226196, 0.027947017922997475, 0.028983820229768753, 0.03002062253654003, 0.03105742484331131, 0.03209422528743744, 0.03313102945685387, 0.034167833626270294, 0.03520463407039642, 0.03624143451452255, 0.03727823868393898]}, "gradients/graph_68fc2.weight": {"_type": "histogram", "values": [1.0, 0.0, 0.0, 0.0, 0.0, 0.0, 2.0, 0.0, 0.0, 0.0, 0.0, 3.0, 1.0, 4.0, 2.0, 2.0, 4.0, 1.0, 2.0, 3.0, 6.0, 5.0, 7.0, 6.0, 15.0, 14.0, 16.0, 15.0, 11.0, 19.0, 14.0, 22.0, 28.0, 30.0, 24.0, 19.0, 25.0, 15.0, 19.0, 19.0, 26.0, 19.0, 24.0, 9.0, 18.0, 12.0, 11.0, 14.0, 6.0, 10.0, 4.0, 9.0, 5.0, 5.0, 3.0, 1.0, 2.0, 2.0, 2.0, 3.0, 0.0, 0.0, 0.0, 1.0], "bins": [-0.03383469209074974, -0.03289182856678963, -0.031948965042829514, -0.0310061015188694, -0.030063237994909286, -0.029120374470949173, -0.02817751094698906, -0.027234647423028946, -0.026291783899068832, -0.02534892037510872, -0.024406056851148605, -0.023463193327188492, -0.02252032980322838, -0.021577466279268265, -0.02063460275530815, -0.019691739231348038, -0.018748873844742775, -0.01780601032078266, -0.016863146796822548, -0.015920283272862434, -0.01497741974890232, -0.014034556224942207, -0.01309169176965952, -0.012148828245699406, -0.011205963790416718, -0.010263100266456604, -0.00932023674249649, -0.008377373218536377, -0.007434509228914976, -0.006491645704954863, -0.005548781715333462, -0.004605918191373348, -0.0036630574613809586, -0.002720193937420845, -0.0017773301806300879, -0.0008344664238393307, 0.00010839710012078285, 0.0010512606240808964, 0.001994124613702297, 0.0029369881376624107, 0.0038798507302999496, 0.004822714254260063, 0.005765577778220177, 0.0067084417678415775, 0.007651305291801691, 0.008594168350100517, 0.009537032805383205, 0.010479896329343319, 0.011422760784626007, 0.01236562430858612, 0.013308487832546234, 0.014251351356506348, 0.015194214880466461, 0.016137078404426575, 0.017079941928386688, 0.018022805452346802, 0.018965668976306915, 0.01990853250026703, 0.020851396024227142, 0.021794259548187256, 0.02273712307214737, 0.023679986596107483, 0.024622850120067596, 0.02556571364402771, 0.026508579030632973]}, "gradients/graph_68spatial.1.weight": {"_type": "histogram", "values": [1.0, 0.0, 0.0, 0.0, 0.0, 0.0, 0.0, 0.0, 0.0, 0.0, 0.0, 0.0, 1.0, 1.0, 1.0, 0.0, 0.0, 0.0, 0.0, 0.0, 1.0, 0.0, 0.0, 0.0, 1.0, 0.0, 0.0, 0.0, 0.0, 0.0, 0.0, 0.0, 0.0, 1.0, 0.0, 1.0, 0.0, 0.0, 0.0, 0.0, 0.0, 0.0, 0.0, 0.0, 0.0, 0.0, 0.0, 0.0, 0.0, 0.0, 0.0, 0.0, 0.0, 0.0, 0.0, 0.0, 0.0, 1.0, 0.0, 0.0, 0.0, 0.0, 0.0, 1.0], "bins": [-0.040845103561878204, -0.03953605145215988, -0.03822699934244156, -0.03691794350743294, -0.035608891397714615, -0.03429983928799629, -0.03299078345298767, -0.03168173134326935, -0.030372679233551025, -0.029063627123832703, -0.02775457315146923, -0.02644551917910576, -0.025136467069387436, -0.023827414959669113, -0.02251836098730564, -0.02120930701494217, -0.019900254905223846, -0.018591202795505524, -0.01728214882314205, -0.01597309485077858, -0.014664042741060257, -0.01335498970001936, -0.012045936658978462, -0.010736883617937565, -0.009427830576896667, -0.00811877753585577, -0.006809724494814873, -0.005500671453773975, -0.004191618412733078, -0.0028825653716921806, -0.0015735123306512833, -0.0002644592896103859, 0.00104459747672081, 0.0023536505177617073, 0.0036627035588026047, 0.004971756599843502, 0.006280809640884399, 0.007589862681925297, 0.008898915722966194, 0.010207968764007092, 0.011517021805047989, 0.012826074846088886, 0.014135127887129784, 0.015444180928170681, 0.01675323396921158, 0.0180622860789299, 0.019371340051293373, 0.020680394023656845, 0.021989446133375168, 0.02329849824309349, 0.024607552215456963, 0.025916606187820435, 0.027225658297538757, 0.02853471040725708, 0.029843764379620552, 0.031152818351984024, 0.03246187046170235, 0.03377092257142067, 0.03507997840642929, 0.036389030516147614, 0.037698082625865936, 0.03900713473558426, 0.04031618684530258, 0.0416252426803112, 0.042934294790029526]}, "gradients/graph_68spatial.1.bias": {"_type": "histogram", "values": [1.0, 0.0, 0.0, 0.0, 0.0, 0.0, 0.0, 0.0, 0.0, 0.0, 1.0, 1.0, 0.0, 0.0, 0.0, 0.0, 0.0, 0.0, 0.0, 0.0, 1.0, 0.0, 0.0, 0.0, 0.0, 0.0, 0.0, 0.0, 0.0, 0.0, 0.0, 0.0, 0.0, 0.0, 0.0, 0.0, 0.0, 1.0, 0.0, 0.0, 2.0, 0.0, 0.0, 1.0, 0.0, 0.0, 0.0, 1.0, 0.0, 0.0, 0.0, 0.0, 0.0, 0.0, 0.0, 0.0, 0.0, 0.0, 0.0, 0.0, 0.0, 0.0, 0.0, 1.0], "bins": [-0.20551589131355286, -0.19970695674419403, -0.1938980221748352, -0.18808910250663757, -0.18228016793727875, -0.17647123336791992, -0.1706623136997223, -0.16485337913036346, -0.15904444456100464, -0.1532355099916458, -0.147426575422287, -0.14161765575408936, -0.13580872118473053, -0.1299997866153717, -0.12419085949659348, -0.11838193237781525, -0.11257299780845642, -0.1067640632390976, -0.10095513612031937, -0.09514620900154114, -0.08933727443218231, -0.08352833986282349, -0.07771941274404526, -0.07191048562526703, -0.0661015510559082, -0.060292620211839676, -0.05448368936777115, -0.04867475852370262, -0.042865827679634094, -0.03705689683556557, -0.03124796599149704, -0.025439035147428513, -0.01963011920452118, -0.013821188360452652, -0.008012257516384125, -0.0022033266723155975, 0.0036056041717529297, 0.009414535015821457, 0.015223465859889984, 0.02103239670395851, 0.02684132754802704, 0.032650258392095566, 0.03845918923616409, 0.04426812008023262, 0.05007705092430115, 0.055885981768369675, 0.0616949126124382, 0.06750383973121643, 0.07331277430057526, 0.07912170886993408, 0.08493063598871231, 0.09073956310749054, 0.09654849767684937, 0.10235743224620819, 0.10816635936498642, 0.11397528648376465, 0.11978422105312347, 0.1255931556224823, 0.13140207529067993, 0.13721100986003876, 0.14301994442939758, 0.1488288789987564, 0.15463781356811523, 0.16044673323631287, 0.1662556678056717]}, "gradients/graph_68spatial.0.weight": {"_type": "histogram",