{"batch loss": 0.8584411144256592, "_timestamp": 1651844223, "_runtime": 482, "_step": 689, "epoch": 29, "train/train_loss": 0.8962820253588937, "train/train_acc": 0.5610427758399119, "train/train_f1": 0.5622756593574475, "val/val_loss": 0.9411725997924805, "val/vaL_acc": 0.5452212957023733, "val/val_f1": 0.5591796793585853, "gradients/graph_1fc2.bias": {"_type": "histogram", "values": [1.0, 0.0, 0.0, 0.0, 0.0, 0.0, 0.0, 0.0, 0.0, 0.0, 0.0, 0.0, 0.0, 0.0, 0.0, 0.0, 0.0, 0.0, 0.0, 0.0, 0.0, 0.0, 0.0, 0.0, 0.0, 0.0, 0.0, 0.0, 0.0, 0.0, 0.0, 0.0, 0.0, 0.0, 0.0, 0.0, 0.0, 0.0, 0.0, 0.0, 0.0, 0.0, 0.0, 0.0, 0.0, 0.0, 0.0, 0.0, 0.0, 0.0, 0.0, 0.0, 0.0, 0.0, 0.0, 0.0, 0.0, 0.0, 0.0, 0.0, 1.0, 0.0, 0.0, 1.0], "bins": [-0.03955516964197159, -0.03860385715961456, -0.03765254095196724, -0.036701228469610214, -0.03574991226196289, -0.034798599779605865, -0.03384728357195854, -0.03289597108960152, -0.03194465488195419, -0.03099334053695202, -0.030042026191949844, -0.02909071184694767, -0.028139397501945496, -0.02718808501958847, -0.026236770674586296, -0.02528545632958412, -0.024334143847227097, -0.023382829502224922, -0.022431515157222748, -0.021480200812220573, -0.0205288864672184, -0.019577573984861374, -0.0186262596398592, -0.017674945294857025, -0.01672363094985485, -0.015772316604852676, -0.014821002259850502, -0.013869688846170902, -0.012918374501168728, -0.011967060156166553, -0.011015746742486954, -0.01006443239748478, -0.009113119915127754, -0.00816180557012558, -0.007210491690784693, -0.006259177811443806, -0.005307863466441631, -0.004356549121439457, -0.00340523524209857, -0.002453921362757683, -0.0015026070177555084, -0.0005512929055839777, 0.000400021206587553, 0.0013513353187590837, 0.0023026494309306145, 0.003253963775932789, 0.004205277655273676, 0.005156591534614563, 0.006107905879616737, 0.007059220224618912, 0.008010534569621086, 0.008961847983300686, 0.00991316232830286, 0.010864476673305035, 0.011815790086984634, 0.012767104431986809, 0.013718418776988983, 0.014669733121991158, 0.015621047466993332, 0.016572361811995506, 0.01752367615699768, 0.018474988639354706, 0.01942630298435688, 0.020377617329359055, 0.02132893167436123]}, "gradients/graph_1fc2.weight": {"_type": "histogram", "values": [2.0, 1.0, 0.0, 2.0, 2.0, 1.0, 4.0, 2.0, 2.0, 3.0, 4.0, 7.0, 16.0, 11.0, 11.0, 5.0, 7.0, 7.0, 6.0, 15.0, 12.0, 14.0, 14.0, 7.0, 10.0, 5.0, 4.0, 5.0, 5.0, 8.0, 5.0, 5.0, 6.0, 7.0, 7.0, 12.0, 16.0, 16.0, 14.0, 22.0, 20.0, 19.0, 25.0, 24.0, 29.0, 17.0, 15.0, 12.0, 13.0, 16.0, 20.0, 12.0, 7.0, 11.0, 2.0, 9.0, 1.0, 5.0, 1.0, 3.0, 3.0, 1.0, 1.0, 2.0], "bins": [-0.038252513855695724, -0.0371696762740612, -0.03608683869242668, -0.03500400111079216, -0.03392115980386734, -0.03283832222223282, -0.0317554846405983, -0.030672647058963776, -0.029589809477329254, -0.028506971895694733, -0.02742413431406021, -0.02634129486978054, -0.02525845728814602, -0.024175619706511497, -0.023092780262231827, -0.022009942680597305, -0.020927105098962784, -0.019844267517328262, -0.01876142993569374, -0.01767859049141407, -0.01659575290977955, -0.015512915328145027, -0.014430076815187931, -0.013347238302230835, -0.012264400720596313, -0.011181563138961792, -0.010098724626004696, -0.0090158861130476, -0.007933048531413078, -0.0068502104841172695, -0.005767372436821461, -0.004684534389525652, -0.0036017000675201416, -0.002518862020224333, -0.001436023972928524, -0.0003531859256327152, 0.0007296521216630936, 0.0018124901689589024, 0.002895328216254711, 0.00397816626355052, 0.005061004310846329, 0.0061438423581421375, 0.007226680405437946, 0.008309518918395042, 0.009392356500029564, 0.010475194081664085, 0.011558032594621181, 0.012640871107578278, 0.013723708689212799, 0.01480654627084732, 0.015889383852481842, 0.016972223296761513, 0.018055060878396034, 0.019137898460030556, 0.020220737904310226, 0.021303575485944748, 0.02238641306757927, 0.02346925064921379, 0.024552088230848312, 0.025634927675127983, 0.026717765256762505, 0.027800602838397026, 0.028883442282676697, 0.029966279864311218, 0.03104911744594574]}, "gradients/graph_1spatial.1.weight": {"_type": "histogram", "values": [1.0, 0.0, 0.0, 0.0, 0.0, 0.0, 0.0, 0.0, 0.0, 0.0, 0.0, 0.0, 0.0, 0.0, 0.0, 0.0, 0.0, 0.0, 0.0, 1.0, 0.0, 0.0, 0.0, 0.0, 0.0, 0.0, 1.0, 0.0, 0.0, 0.0, 0.0, 0.0, 0.0, 0.0, 0.0, 1.0, 0.0, 0.0, 0.0, 2.0, 0.0, 0.0, 0.0, 0.0, 0.0, 0.0, 0.0, 0.0, 0.0, 0.0, 0.0, 0.0, 1.0, 1.0, 0.0, 1.0, 0.0, 0.0, 0.0, 0.0, 0.0, 0.0, 0.0, 1.0], "bins": [-0.06654992699623108, -0.06476277112960815, -0.06297562271356583, -0.0611884705722332, -0.059401318430900574, -0.05761416628956795, -0.05582701414823532, -0.054039862006902695, -0.05225270986557007, -0.05046555772423744, -0.048678405582904816, -0.04689125344157219, -0.04510410130023956, -0.04331694915890694, -0.04152979701757431, -0.039742644876241684, -0.03795549273490906, -0.03616834059357643, -0.034381188452243805, -0.03259403631091118, -0.030806884169578552, -0.029019732028245926, -0.0272325798869133, -0.025445427745580673, -0.02365827187895775, -0.021871119737625122, -0.020083967596292496, -0.01829681545495987, -0.016509663313627243, -0.014722510240972042, -0.012935358099639416, -0.01114820595830679, -0.009361054748296738, -0.007573902606964111, -0.005786750465631485, -0.003999597858637571, -0.002212445717304945, -0.00042529311031103134, 0.001361859031021595, 0.0031490111723542213, 0.004936162382364273, 0.006723314523696899, 0.008510466665029526, 0.010297618806362152, 0.012084770947694778, 0.01387192402034998, 0.01565907523036003, 0.017446227371692657, 0.019233381375670433, 0.02102053351700306, 0.022807685658335686, 0.024594837799668312, 0.02638198994100094, 0.028169143944978714, 0.02995629608631134, 0.03174344822764397, 0.03353060036897659, 0.03531775251030922, 0.037104904651641846, 0.03889205679297447, 0.0406792089343071, 0.042466361075639725, 0.04425351321697235, 0.04604066535830498, 0.047827817499637604]}, "gradients/graph_1spatial.1.bias": {"_type": "histogram", "values": [1.0, 0.0, 0.0, 0.0, 0.0, 0.0, 0.0, 1.0, 1.0, 0.0, 0.0, 0.0, 0.0, 0.0, 0.0, 0.0, 1.0, 0.0, 0.0, 1.0, 0.0, 0.0, 0.0, 0.0, 0.0, 0.0, 0.0, 0.0, 0.0, 0.0, 0.0, 0.0, 0.0, 0.0, 0.0, 1.0, 0.0, 0.0, 0.0, 0.0, 1.0, 1.0, 0.0, 0.0, 0.0, 0.0, 1.0, 0.0, 0.0, 0.0, 0.0, 0.0, 0.0, 0.0, 0.0, 0.0, 0.0, 0.0, 0.0, 0.0, 0.0, 0.0, 0.0, 1.0], "bins": [-0.04687458649277687, -0.04502851143479347, -0.043182432651519775, -0.04133635759353638, -0.03949027881026268, -0.03764420375227928, -0.035798124969005585, -0.033952049911022186, -0.03210597485303879, -0.03025989793241024, -0.028413821011781693, -0.026567745953798294, -0.024721667170524597, -0.0228755921125412, -0.02102951519191265, -0.019183438271284103, -0.017337359488010406, -0.015491282567381859, -0.013645205646753311, -0.011799129657447338, -0.00995305273681879, -0.008106975816190243, -0.00626089982688427, -0.004414822906255722, -0.0025687478482723236, -0.0007226711604744196, 0.0011234055273234844, 0.0029694819822907448, 0.0048155589029192924, 0.00666163582354784, 0.008507711812853813, 0.01035378873348236, 0.012199871242046356, 0.014045948162674904, 0.01589202508330345, 0.01773810014128685, 0.019584178924560547, 0.021430253982543945, 0.023276330903172493, 0.02512240782380104, 0.026968486607074738, 0.028814563527703285, 0.030660640448331833, 0.03250671550631523, 0.03435279428958893, 0.03619886934757233, 0.038044944405555725, 0.03989102318882942, 0.04173709824681282, 0.04358317330479622, 0.045429252088069916, 0.047275327146053314, 0.04912140592932701, 0.05096748098731041, 0.052813559770584106, 0.054659634828567505, 0.0565057098865509, 0.0583517849445343, 0.060197863727808, 0.0620439387857914, 0.0638900175690651, 0.06573609262704849, 0.06758216768503189, 0.06942825019359589, 0.07127432525157928]}, "gradients/graph_1spatial.0.weight": {"_type": "histogram",