{"batch loss": 0.816857635974884, "_timestamp": 1651857310, "_runtime": 477, "_step": 689, "epoch": 29, "train/train_loss": 0.769202782349153, "train/train_acc": 0.6539379474940334, "train/train_f1": 0.651592052006346, "val/val_loss": 1.0877571531704493, "val/vaL_acc": 0.5086593970493907, "val/val_f1": 0.5032263696400102, "gradients/graph_18fc2.bias": {"_type": "histogram", "values": [1.0, 0.0, 1.0, 0.0, 0.0, 0.0, 0.0, 0.0, 0.0, 0.0, 0.0, 0.0, 0.0, 0.0, 0.0, 0.0, 0.0, 0.0, 0.0, 0.0, 0.0, 0.0, 0.0, 0.0, 0.0, 0.0, 0.0, 0.0, 0.0, 0.0, 0.0, 0.0, 0.0, 0.0, 0.0, 0.0, 0.0, 0.0, 0.0, 0.0, 0.0, 0.0, 0.0, 0.0, 0.0, 0.0, 0.0, 0.0, 0.0, 0.0, 0.0, 0.0, 0.0, 0.0, 0.0, 0.0, 0.0, 0.0, 0.0, 0.0, 0.0, 0.0, 0.0, 1.0], "bins": [-0.01392759382724762, -0.013299227692186832, -0.012670861557126045, -0.012042496353387833, -0.011414130218327045, -0.010785764083266258, -0.010157398879528046, -0.009529032744467258, -0.008900666609406471, -0.008272300474345684, -0.007643934804946184, -0.007015569135546684, -0.006387203000485897, -0.00575883686542511, -0.00513047119602561, -0.00450210552662611, -0.003873739391565323, -0.0032453734893351793, -0.0026170075871050358, -0.0019886416848748922, -0.0013602757826447487, -0.0007319098804146051, -0.0001035439781844616, 0.0005248216912150383, 0.0011531878262758255, 0.001781553728505969, 0.0024099196307361126, 0.003038285532966256, 0.0036666514351963997, 0.004295017570257187, 0.004923383239656687, 0.005551748909056187, 0.006180116906762123, 0.00680848304182291, 0.00743684871122241, 0.00806521438062191, 0.008693580515682697, 0.009321946650743484, 0.009950311854481697, 0.010578677989542484, 0.011207044124603271, 0.011835410259664059, 0.012463776394724846, 0.013092141598463058, 0.013720507733523846, 0.014348873868584633, 0.014977239072322845, 0.015605605207383633, 0.01623397134244442, 0.016862336546182632, 0.017490703612565994, 0.018119068816304207, 0.01874743402004242, 0.01937580108642578, 0.020004166290163994, 0.020632531493902206, 0.021260898560285568, 0.02188926376402378, 0.022517630830407143, 0.023145996034145355, 0.023774363100528717, 0.02440272830426693, 0.025031093508005142, 0.025659460574388504, 0.026287825778126717]}, "gradients/graph_18fc2.weight": {"_type": "histogram", "values": [1.0, 0.0, 0.0, 0.0, 0.0, 0.0, 0.0, 0.0, 1.0, 1.0, 2.0, 1.0, 1.0, 3.0, 1.0, 2.0, 5.0, 8.0, 5.0, 6.0, 8.0, 6.0, 5.0, 6.0, 14.0, 11.0, 11.0, 13.0, 16.0, 13.0, 26.0, 19.0, 18.0, 21.0, 9.0, 26.0, 20.0, 16.0, 26.0, 26.0, 29.0, 16.0, 17.0, 13.0, 13.0, 14.0, 18.0, 8.0, 11.0, 8.0, 8.0, 4.0, 6.0, 7.0, 6.0, 2.0, 3.0, 6.0, 0.0, 2.0, 1.0, 0.0, 0.0, 1.0], "bins": [-0.03709027171134949, -0.036062903702259064, -0.03503553569316864, -0.03400816395878792, -0.032980795949697495, -0.03195342794060707, -0.030926059931516647, -0.029898691922426224, -0.02887132205069065, -0.027843954041600227, -0.026816584169864655, -0.02578921616077423, -0.024761848151683807, -0.023734478279948235, -0.02270711027085781, -0.021679740399122238, -0.020652372390031815, -0.01962500438094139, -0.018597634509205818, -0.017570266500115395, -0.016542896628379822, -0.015515528619289398, -0.014488160610198975, -0.013460791669785976, -0.012433422729372978, -0.01140605378895998, -0.010378684848546982, -0.009351316839456558, -0.00832394789904356, -0.007296578958630562, -0.006269210483878851, -0.00524184200912714, -0.004214474931359291, -0.0031871062237769365, -0.002159737516194582, -0.0011323688086122274, -0.0001050001010298729, 0.0009223688393831253, 0.0019497373141348362, 0.002977105788886547, 0.004004474729299545, 0.0050318436697125435, 0.006059212144464254, 0.007086580619215965, 0.008113949559628963, 0.009141318500041962, 0.010168686509132385, 0.011196055449545383, 0.012223424389958382, 0.01325079333037138, 0.014278162270784378, 0.015305530279874802, 0.016332898288965225, 0.017360268160700798, 0.01838763616979122, 0.019415006041526794, 0.020442374050617218, 0.02146974205970764, 0.022497111931443214, 0.023524479940533638, 0.02455184981226921, 0.025579217821359634, 0.026606585830450058, 0.02763395383954048, 0.028661323711276054]}, "gradients/graph_18spatial.1.weight": {"_type": "histogram", "values": [1.0, 0.0, 0.0, 0.0, 0.0, 0.0, 0.0, 0.0, 0.0, 0.0, 1.0, 0.0, 0.0, 0.0, 0.0, 0.0, 0.0, 1.0, 0.0, 0.0, 1.0, 0.0, 0.0, 0.0, 0.0, 0.0, 0.0, 0.0, 0.0, 0.0, 0.0, 0.0, 0.0, 0.0, 0.0, 0.0, 0.0, 1.0, 0.0, 0.0, 0.0, 0.0, 0.0, 1.0, 0.0, 0.0, 0.0, 0.0, 0.0, 0.0, 0.0, 0.0, 1.0, 0.0, 1.0, 0.0, 0.0, 0.0, 0.0, 0.0, 0.0, 0.0, 0.0, 2.0], "bins": [-0.07435709238052368, -0.07236567884683609, -0.0703742653131485, -0.06838285177946091, -0.06639143824577332, -0.06440001726150513, -0.062408603727817535, -0.060417190194129944, -0.05842577666044235, -0.05643436312675476, -0.05444294959306717, -0.05245153233408928, -0.05046011880040169, -0.048468705266714096, -0.046477288007736206, -0.044485874474048615, -0.04249446094036102, -0.04050304740667343, -0.03851163387298584, -0.03652021661400795, -0.03452880308032036, -0.03253738954663277, -0.030545974150300026, -0.028554558753967285, -0.026563145220279694, -0.024571731686592102, -0.02258031629025936, -0.02058890089392662, -0.01859748736023903, -0.016606073826551437, -0.014614658430218697, -0.01262324396520853, -0.010631836950778961, -0.008640422485768795, -0.006649008020758629, -0.004657593555748463, -0.0026661790907382965, -0.0006747646257281303, 0.0013166498392820358, 0.003308064304292202, 0.005299478769302368, 0.007290893234312534, 0.0092823076993227, 0.011273722164332867, 0.013265136629343033, 0.015256551094353199, 0.017247965559363365, 0.019239380955696106, 0.021230794489383698, 0.02322220802307129, 0.02521362341940403, 0.02720503881573677, 0.029196452349424362, 0.031187865883111954, 0.033179283142089844, 0.035170696675777435, 0.03716211020946503, 0.03915352374315262, 0.04114493727684021, 0.0431363545358181, 0.04512776806950569, 0.04711918160319328, 0.04911059886217117, 0.051102012395858765, 0.053093425929546356]}, "gradients/graph_18spatial.1.bias": {"_type": "histogram", "values": [2.0, 0.0, 0.0, 0.0, 0.0, 1.0, 0.0, 0.0, 0.0, 0.0, 0.0, 0.0, 0.0, 0.0, 0.0, 0.0, 0.0, 0.0, 0.0, 0.0, 0.0, 0.0, 2.0, 0.0, 0.0, 0.0, 0.0, 0.0, 1.0, 1.0, 0.0, 0.0, 0.0, 0.0, 0.0, 0.0, 0.0, 0.0, 0.0, 0.0, 0.0, 0.0, 0.0, 1.0, 0.0, 0.0, 1.0, 0.0, 0.0, 0.0, 0.0, 0.0, 0.0, 0.0, 0.0, 0.0, 0.0, 0.0, 0.0, 0.0, 0.0, 0.0, 0.0, 1.0], "bins": [-0.104074627161026, -0.10033206641674042, -0.09658950567245483, -0.09284694492816925, -0.08910438418388367, -0.08536182343959808, -0.0816192701458931, -0.07787670940160751, -0.07413414865732193, -0.07039158791303635, -0.06664902716875076, -0.06290646642446518, -0.059163909405469894, -0.05542134866118431, -0.051678791642189026, -0.04793623089790344, -0.04419367015361786, -0.040451109409332275, -0.03670854866504669, -0.03296599164605141, -0.029223430901765823, -0.02548087015748024, -0.021738311275839806, -0.01799575239419937, -0.014253191649913788, -0.010510631836950779, -0.00676807202398777, -0.003025512211024761, 0.0007170476019382477, 0.004459608346223831, 0.008202167227864265, 0.0119447261095047, 0.015687286853790283, 0.019429847598075867, 0.0231724064797163, 0.026914965361356735, 0.03065752610564232, 0.0344000868499279, 0.03814264386892319, 0.04188520461320877, 0.045627765357494354, 0.04937032610177994, 0.05311288684606552, 0.056855443865060806, 0.06059800460934639, 0.06434056162834167, 0.06808312237262726, 0.07182568311691284, 0.07556824386119843, 0.07931080460548401, 0.08305336534976959, 0.08679592609405518, 0.09053848683834076, 0.09428104758262634, 0.09802360087633133, 0.10176616162061691, 0.1055087223649025, 0.10925128310918808, 0.11299384385347366, 0.11673640459775925, 0.12047895789146423, 0.12422151863574982, 0.1279640793800354, 0.13170664012432098, 0.13544920086860657]}, "gradients/graph_18spatial.0.weight": {"_type": "histogram",