{"batch loss": 0.5841684341430664, "_timestamp": 1651788412, "_runtime": 1316, "_step": 649, "epoch": 24, "train/train_loss": 0.635913257598877, "train/train_acc": 0.7477791878172588, "train/train_f1": 0.7475907588631989, "val/val_loss": 0.8584785660107931, "val/vaL_acc": 0.5954415954415955, "val/val_f1": 0.5950610464028879, "gradients/graph_28fc2.bias": {"_type": "histogram", "values": [1.0, 0.0, 0.0, 0.0, 0.0, 0.0, 0.0, 0.0, 0.0, 0.0, 0.0, 0.0, 0.0, 0.0, 0.0, 0.0, 0.0, 0.0, 0.0, 0.0, 0.0, 0.0, 0.0, 0.0, 0.0, 0.0, 0.0, 0.0, 0.0, 0.0, 0.0, 0.0, 1.0, 0.0, 0.0, 0.0, 0.0, 0.0, 0.0, 0.0, 0.0, 0.0, 0.0, 0.0, 0.0, 0.0, 0.0, 0.0, 0.0, 0.0, 0.0, 0.0, 0.0, 0.0, 0.0, 0.0, 0.0, 0.0, 0.0, 0.0, 0.0, 0.0, 0.0, 1.0], "bins": [-0.009789351373910904, -0.00948388408869505, -0.009178416803479195, -0.008872948586940765, -0.00856748130172491, -0.008262014016509056, -0.007956545799970627, -0.007651078514754772, -0.0073456112295389175, -0.007040143944323063, -0.006734676193445921, -0.006429208442568779, -0.006123741157352924, -0.00581827387213707, -0.005512806121259928, -0.005207338370382786, -0.004901871085166931, -0.0045964037999510765, -0.0042909360490739346, -0.003985468298196793, -0.003680001012980938, -0.0033745334949344397, -0.0030690659768879414, -0.002763598458841443, -0.0024581309407949448, -0.0021526634227484465, -0.0018471959047019482, -0.0015417283866554499, -0.0012362608686089516, -0.0009307933505624533, -0.000625325832515955, -0.00031985831446945667, -1.4389865100383759e-05, 0.00029107765294611454, 0.0005965451709926128, 0.0009020126890391111, 0.0012074802070856094, 0.0015129477251321077, 0.001818415243178606, 0.0021238827612251043, 0.0024293502792716026, 0.002734817797318101, 0.0030402853153645992, 0.0033457528334110975, 0.003651220351457596, 0.0039566876366734505, 0.004262155387550592, 0.004567623138427734, 0.004873090423643589, 0.005178557708859444, 0.005484025459736586, 0.005789493210613728, 0.006094960495829582, 0.006400427781045437, 0.006705895531922579, 0.007011363282799721, 0.007316830568015575, 0.00762229785323143, 0.00792776606976986, 0.008233233354985714, 0.008538700640201569, 0.008844167925417423, 0.009149635210633278, 0.009455103427171707, 0.009760570712387562]}, "gradients/graph_28fc2.weight": {"_type": "histogram", "values": [2.0, 0.0, 3.0, 0.0, 0.0, 1.0, 1.0, 0.0, 0.0, 1.0, 2.0, 2.0, 3.0, 8.0, 6.0, 4.0, 17.0, 12.0, 21.0, 28.0, 37.0, 39.0, 52.0, 62.0, 78.0, 86.0, 109.0, 112.0, 132.0, 124.0, 137.0, 138.0, 162.0, 129.0, 126.0, 112.0, 102.0, 84.0, 64.0, 67.0, 56.0, 47.0, 25.0, 27.0, 12.0, 16.0, 9.0, 2.0, 7.0, 2.0, 5.0, 2.0, 0.0, 0.0, 2.0, 0.0, 0.0, 1.0, 0.0, 2.0, 1.0, 0.0, 0.0, 1.0], "bins": [-0.04093024134635925, -0.03962244838476181, -0.03831465542316437, -0.037006866186857224, -0.03569907322525978, -0.03439128026366234, -0.033083491027355194, -0.03177569806575775, -0.03046790510416031, -0.029160112142562866, -0.027852321043610573, -0.02654452994465828, -0.025236736983060837, -0.023928944021463394, -0.0226211529225111, -0.021313361823558807, -0.020005568861961365, -0.018697775900363922, -0.01738998480141163, -0.016082193702459335, -0.014774400740861893, -0.013466608710587025, -0.012158816680312157, -0.010851024650037289, -0.00954323261976242, -0.008235440589487553, -0.006927648559212685, -0.005619856528937817, -0.004312064498662949, -0.0030042724683880806, -0.0016964804381132126, -0.0003886884078383446, 0.0009191036224365234, 0.0022268956527113914, 0.0035346876829862595, 0.0048424797132611275, 0.0061502717435359955, 0.0074580637738108635, 0.008765855804085732, 0.0100736478343606, 0.011381439864635468, 0.012689231894910336, 0.013997023925185204, 0.015304815955460072, 0.01661260798573494, 0.017920400947332382, 0.019228192046284676, 0.02053598314523697, 0.02184377610683441, 0.023151569068431854, 0.024459360167384148, 0.02576715126633644, 0.027074944227933884, 0.028382737189531326, 0.02969052828848362, 0.030998319387435913, 0.032306112349033356, 0.0336139053106308, 0.03492169827222824, 0.036229487508535385, 0.03753728047013283, 0.03884507343173027, 0.040152862668037415, 0.04146065562963486, 0.0427684485912323]}, "gradients/graph_28spatial.1.weight": {"_type": "histogram", "values": [1.0, 1.0, 0.0, 0.0, 1.0, 0.0, 1.0, 0.0, 1.0, 0.0, 1.0, 0.0, 0.0, 0.0, 0.0, 3.0, 2.0, 0.0, 0.0, 1.0, 0.0, 2.0, 0.0, 2.0, 1.0, 1.0, 1.0, 1.0, 0.0, 0.0, 2.0, 0.0, 1.0, 1.0, 2.0, 0.0, 1.0, 0.0, 3.0, 0.0, 0.0, 1.0, 1.0, 1.0, 1.0, 1.0, 2.0, 0.0, 0.0, 0.0, 0.0, 0.0, 0.0, 1.0, 0.0, 1.0, 0.0, 0.0, 0.0, 0.0, 0.0, 0.0, 0.0, 1.0], "bins": [-0.015588723123073578, -0.015169782564043999, -0.014750842936336994, -0.014331902377307415, -0.013912961818277836, -0.013494022190570831, -0.013075081631541252, -0.012656141072511673, -0.012237201444804668, -0.01181826088577509, -0.011399321258068085, -0.010980380699038506, -0.010561440140008926, -0.010142500512301922, -0.009723559953272343, -0.009304620325565338, -0.008885679766535759, -0.00846673920750618, -0.008047799579799175, -0.007628859020769596, -0.007209918927401304, -0.006790978834033012, -0.006372038275003433, -0.005953098181635141, -0.005534157156944275, -0.005115217063575983, -0.004696276504546404, -0.004277336411178112, -0.00385839631780982, -0.0034394559916108847, -0.003020515665411949, -0.0026015755720436573, -0.0021826354786753654, -0.0017636952688917518, -0.001344755059108138, -0.0009258147329092026, -0.0005068745231255889, -8.793431334197521e-05, 0.0003310060128569603, 0.0007499461062252522, 0.001168886199593544, 0.0015878264093771577, 0.0020067666191607714, 0.002425706945359707, 0.0028446470387279987, 0.0032635873649269342, 0.0036825276911258698, 0.004101467784494162, 0.004520408343523741, 0.004939348436892033, 0.005358288995921612, 0.005777229089289904, 0.0061961691826581955, 0.006615109741687775, 0.0070340498350560665, 0.007452989928424358, 0.007871930487453938, 0.008290871046483517, 0.008709810674190521, 0.0091287512332201, 0.00954769179224968, 0.009966631419956684, 0.010385571978986263, 0.010804511606693268, 0.011223452165722847]}, "gradients/graph_28spatial.1.bias": {"_type": "histogram", "values": [1.0, 0.0, 0.0, 0.0, 0.0, 0.0, 0.0, 0.0, 0.0, 0.0, 0.0, 2.0, 0.0, 0.0, 2.0, 2.0, 1.0, 0.0, 2.0, 2.0, 3.0, 2.0, 0.0, 0.0, 0.0, 3.0, 0.0, 0.0, 0.0, 0.0, 0.0, 1.0, 1.0, 0.0, 0.0, 1.0, 3.0, 1.0, 1.0, 0.0, 2.0, 1.0, 0.0, 2.0, 0.0, 1.0, 1.0, 1.0, 1.0, 0.0, 2.0, 0.0, 0.0, 0.0, 0.0, 0.0, 0.0, 0.0, 0.0, 0.0, 0.0, 0.0, 0.0, 1.0], "bins": [-0.014844815246760845, -0.014387007802724838, -0.013929199427366257, -0.01347139198333025, -0.013013584539294243, -0.012555776163935661, -0.012097968719899654, -0.011640161275863647, -0.011182352900505066, -0.010724545456469059, -0.010266737081110477, -0.00980892963707447, -0.009351122193038464, -0.008893314749002457, -0.008435506373643875, -0.007977698929607868, -0.007519891485571861, -0.007062083575874567, -0.00660427613183856, -0.006146468222141266, -0.005688660778105259, -0.005230852868407965, -0.0047730449587106705, -0.0043152375146746635, -0.003857429139316082, -0.0033996214624494314, -0.002941813785582781, -0.0024840058758854866, -0.002026198199018836, -0.0015683905221521854, -0.0011105826124548912, -0.0006527749355882406, -0.00019496772438287735, 0.00026284001069143414, 0.0007206477457657456, 0.001178455539047718, 0.0016362632159143686, 0.002094070892781019, 0.0025518788024783134, 0.003009686479344964, 0.0034674936905503273, 0.0039253016002476215, 0.0043831090442836285, 0.004840916953980923, 0.00529872439801693, 0.005756532307714224, 0.006214340217411518, 0.006672147661447525, 0.007129956036806107, 0.007587763946503401, 0.008045571856200695, 0.008503379300236702, 0.008961186744272709, 0.009418994188308716, 0.009876802563667297, 0.010334610007703304, 0.010792417451739311, 0.011250224895775318, 0.0117080332711339, 0.012165840715169907, 0.012623648159205914, 0.01308145560324192, 0.013539263978600502, 0.013997071422636509, 0.01445487979799509]}, "gradients/graph_28spatial.0.weight": {"_type": "histogram",