{"batch loss": 0.7481734156608582, "_timestamp": 1651848060, "_runtime": 928, "_step": 689, "epoch": 29, "train/train_loss": 0.7264708145098253, "train/train_acc": 0.6879015972094731, "train/train_f1": 0.6884577388300266, "val/val_loss": 0.9757556659834725, "val/vaL_acc": 0.5426555484284797, "val/val_f1": 0.5342211731367542, "gradients/graph_6fc2.bias": {"_type": "histogram", "values": [1.0, 0.0, 0.0, 0.0, 0.0, 0.0, 0.0, 0.0, 0.0, 0.0, 0.0, 0.0, 0.0, 0.0, 0.0, 0.0, 0.0, 0.0, 0.0, 0.0, 0.0, 0.0, 0.0, 0.0, 0.0, 0.0, 0.0, 0.0, 0.0, 0.0, 0.0, 0.0, 0.0, 0.0, 0.0, 0.0, 0.0, 0.0, 0.0, 1.0, 0.0, 0.0, 0.0, 0.0, 0.0, 0.0, 0.0, 0.0, 0.0, 0.0, 0.0, 0.0, 0.0, 0.0, 0.0, 0.0, 0.0, 0.0, 0.0, 0.0, 0.0, 0.0, 0.0, 1.0], "bins": [-0.03961460292339325, -0.038461145013570786, -0.03730768337845802, -0.03615422546863556, -0.035000767558813095, -0.03384730964899063, -0.03269384801387787, -0.031540390104055405, -0.03038693219423294, -0.029233472421765327, -0.028080014511942863, -0.02692655473947525, -0.025773096829652786, -0.024619637057185173, -0.02346617728471756, -0.022312719374895096, -0.021159259602427483, -0.02000579982995987, -0.018852341920137405, -0.017698882147669792, -0.016545424237847328, -0.015391964465379715, -0.014238505624234676, -0.013085046783089638, -0.011931587010622025, -0.010778128169476986, -0.009624669328331947, -0.008471209555864334, -0.007317751180380583, -0.006164292339235544, -0.005010833032429218, -0.0038573741912841797, -0.0027039162814617157, -0.0015504573239013553, -0.00039699836634099483, 0.0007564607076346874, 0.001909919548779726, 0.0030633783899247646, 0.0042168376967310905, 0.005370296537876129, 0.006523754447698593, 0.007677213288843632, 0.00883067212998867, 0.009984131902456284, 0.011137589812278748, 0.01229104958474636, 0.0134445084258914, 0.014597967267036438, 0.01575142703950405, 0.016904886811971664, 0.01805834472179413, 0.01921180449426174, 0.020365262404084206, 0.02151872217655182, 0.022672180086374283, 0.023825639858841896, 0.02497909963130951, 0.026132559403777122, 0.027286017313599586, 0.0284394770860672, 0.029592934995889664, 0.030746394768357277, 0.03189985454082489, 0.033053312450647354, 0.03420677036046982]}, "gradients/graph_6fc2.weight": {"_type": "histogram", "values": [2.0, 0.0, 2.0, 2.0, 1.0, 2.0, 3.0, 5.0, 5.0, 7.0, 9.0, 12.0, 15.0, 25.0, 23.0, 22.0, 36.0, 38.0, 35.0, 48.0, 52.0, 43.0, 60.0, 60.0, 69.0, 73.0, 67.0, 87.0, 70.0, 69.0, 65.0, 70.0, 62.0, 79.0, 67.0, 76.0, 52.0, 53.0, 58.0, 39.0, 44.0, 41.0, 30.0, 25.0, 18.0, 35.0, 19.0, 17.0, 14.0, 14.0, 7.0, 7.0, 6.0, 9.0, 4.0, 0.0, 1.0, 1.0, 0.0, 1.0, 1.0, 1.0, 1.0, 1.0], "bins": [-0.03462296724319458, -0.033471643924713135, -0.03232031688094139, -0.031168993562459946, -0.03001766838133335, -0.028866343200206757, -0.02771501988172531, -0.026563694700598717, -0.025412369519472122, -0.024261044338345528, -0.023109719157218933, -0.021958395838737488, -0.020807070657610893, -0.0196557454764843, -0.018504422158002853, -0.01735309697687626, -0.016201771795749664, -0.01505044661462307, -0.01389912236481905, -0.01274779811501503, -0.011596472933888435, -0.01044514775276184, -0.009293823502957821, -0.008142499253153801, -0.006991174072027206, -0.005839849356561899, -0.004688524641096592, -0.0035371999256312847, -0.0023858752101659775, -0.0012345504947006702, -8.3225779235363e-05, 0.001068098470568657, 0.0022194236516952515, 0.0033707483671605587, 0.004522073082625866, 0.005673397798091173, 0.00682472251355648, 0.007976047694683075, 0.009127371944487095, 0.010278696194291115, 0.01143002137541771, 0.012581346556544304, 0.013732670806348324, 0.014883995056152344, 0.01603532023727894, 0.017186645418405533, 0.018337968736886978, 0.019489293918013573, 0.020640619099140167, 0.021791944280266762, 0.022943269461393356, 0.0240945927798748, 0.025245917961001396, 0.02639724314212799, 0.027548566460609436, 0.02869989164173603, 0.029851216822862625, 0.03100254200398922, 0.032153867185115814, 0.03330519050359726, 0.034456513822078705, 0.03560784086585045, 0.036759164184331894, 0.03791049122810364, 0.03906181454658508]}, "gradients/graph_6spatial.1.weight": {"_type": "histogram", "values": [1.0, 0.0, 0.0, 0.0, 1.0, 1.0, 0.0, 0.0, 0.0, 0.0, 0.0, 0.0, 2.0, 0.0, 0.0, 0.0, 0.0, 0.0, 0.0, 1.0, 0.0, 0.0, 0.0, 1.0, 0.0, 0.0, 1.0, 0.0, 0.0, 2.0, 0.0, 1.0, 0.0, 1.0, 0.0, 2.0, 0.0, 1.0, 1.0, 0.0, 1.0, 0.0, 0.0, 0.0, 0.0, 0.0, 0.0, 1.0, 0.0, 0.0, 0.0, 0.0, 0.0, 0.0, 0.0, 0.0, 1.0, 0.0, 0.0, 0.0, 0.0, 0.0, 0.0, 1.0], "bins": [-0.04455491155385971, -0.04312710836529732, -0.04169930890202522, -0.04027150571346283, -0.038843702524900436, -0.03741589933633804, -0.03598809987306595, -0.034560296684503555, -0.03313249349594116, -0.03170469030737877, -0.030276888981461525, -0.02884908765554428, -0.027421284466981888, -0.025993483141064644, -0.0245656818151474, -0.023137878626585007, -0.021710079163312912, -0.020282277837395668, -0.018854474648833275, -0.01742667332291603, -0.015998870134353638, -0.014571068808436394, -0.01314326748251915, -0.011715465225279331, -0.010287664830684662, -0.008859862573444843, -0.007432060781866312, -0.006004258990287781, -0.004576456733047962, -0.0031486544758081436, -0.0017208531498908997, -0.0002930508926510811, 0.0011347495019435883, 0.002562551526352763, 0.003990353550761938, 0.005418155342340469, 0.006845957599580288, 0.008273759856820107, 0.00970156118273735, 0.011129363439977169, 0.012557167559862137, 0.013984969817101955, 0.015412772074341774, 0.016840573400259018, 0.01826837658882141, 0.019696177914738655, 0.0211239792406559, 0.022551782429218292, 0.023979581892490387, 0.02540738321840763, 0.026835186406970024, 0.028262987732887268, 0.02969079092144966, 0.031118592247366905, 0.03254639357328415, 0.03397419676184654, 0.035401999950408936, 0.03682980313897133, 0.03825760260224342, 0.03968540579080582, 0.04111320897936821, 0.0425410121679306, 0.0439688116312027, 0.04539661481976509, 0.046824414283037186]}, "gradients/graph_6spatial.1.bias": {"_type": "histogram", "values": [1.0, 0.0, 1.0, 0.0, 0.0, 1.0, 1.0, 0.0, 0.0, 0.0, 0.0, 1.0, 0.0, 2.0, 0.0, 1.0, 2.0, 0.0, 1.0, 0.0, 0.0, 0.0, 0.0, 0.0, 0.0, 0.0, 1.0, 2.0, 1.0, 0.0, 0.0, 0.0, 1.0, 0.0, 0.0, 0.0, 0.0, 0.0, 1.0, 0.0, 0.0, 0.0, 1.0, 0.0, 0.0, 0.0, 0.0, 0.0, 0.0, 0.0, 0.0, 0.0, 0.0, 0.0, 0.0, 0.0, 0.0, 0.0, 0.0, 0.0, 0.0, 1.0, 0.0, 1.0], "bins": [-0.10426511615514755, -0.09981908649206161, -0.09537304937839508, -0.09092701971530914, -0.0864809900522232, -0.08203496038913727, -0.07758893072605133, -0.0731428936123848, -0.06869686394929886, -0.06425083428621292, -0.059804800897836685, -0.05535876750946045, -0.05091273784637451, -0.046466708183288574, -0.04202067479491234, -0.0375746414065361, -0.033128611743450165, -0.028682580217719078, -0.02423654869198799, -0.019790517166256905, -0.015344485640525818, -0.010898454114794731, -0.006452422589063644, -0.0020063910633325577, 0.002439640462398529, 0.006885671988129616, 0.011331703513860703, 0.01577773503959179, 0.020223766565322876, 0.024669798091053963, 0.02911582961678505, 0.033561863005161285, 0.03800790011882782, 0.04245392978191376, 0.04689996317028999, 0.05134599655866623, 0.05579202622175217, 0.060238055884838104, 0.06468409299850464, 0.06913012266159058, 0.07357615232467651, 0.07802218198776245, 0.08246821165084839, 0.08691424876451492, 0.09136027842760086, 0.0958063080906868, 0.10025234520435333, 0.10469837486743927, 0.10914440453052521, 0.11359043419361115, 0.11803646385669708, 0.12248250097036362, 0.12692853808403015, 0.1313745677471161, 0.13582059741020203, 0.14026662707328796, 0.1447126567363739, 0.14915868639945984, 0.15360471606254578, 0.1580507457256317, 0.16249677538871765, 0.16694281995296478, 0.17138884961605072, 0.17583487927913666, 0.1802809089422226]}, "gradients/graph_6spatial.0.weight": {"_type": "histogram",