{"batch loss": 0.8392635583877563, "_timestamp": 1651760922, "_runtime": 514, "_step": 649, "epoch": 24, "train/train_loss": 0.8279647850990295, "train/train_acc": 0.6240482233502538, "train/train_f1": 0.6230253360063749, "val/val_loss": 0.940019408861796, "val/vaL_acc": 0.5598290598290598, "val/val_f1": 0.5631798999387666, "gradients/fc2.bias": {"_type": "histogram", "values": [1.0, 0.0, 0.0, 0.0, 0.0, 0.0, 0.0, 0.0, 0.0, 0.0, 0.0, 0.0, 0.0, 0.0, 0.0, 0.0, 0.0, 0.0, 0.0, 0.0, 0.0, 0.0, 0.0, 0.0, 0.0, 0.0, 0.0, 0.0, 0.0, 0.0, 0.0, 0.0, 0.0, 0.0, 0.0, 0.0, 0.0, 0.0, 0.0, 0.0, 0.0, 0.0, 0.0, 0.0, 0.0, 0.0, 0.0, 0.0, 0.0, 0.0, 0.0, 0.0, 0.0, 0.0, 0.0, 0.0, 1.0, 0.0, 0.0, 0.0, 0.0, 0.0, 0.0, 1.0], "bins": [-0.04848676919937134, -0.04728398472070694, -0.04608120396733284, -0.04487841948866844, -0.043675635010004044, -0.042472854256629944, -0.041270069777965546, -0.04006728529930115, -0.03886450082063675, -0.03766171634197235, -0.03645893558859825, -0.03525615110993385, -0.034053366631269455, -0.032850585877895355, -0.03164780139923096, -0.03044501692056656, -0.02924223616719246, -0.02803945355117321, -0.026836669072508812, -0.025633886456489563, -0.024431101977825165, -0.023228319361805916, -0.022025536745786667, -0.02082275226712227, -0.01961996965110302, -0.01841718703508377, -0.017214402556419373, -0.016011619940400124, -0.0148088363930583, -0.013606052845716476, -0.012403270229697227, -0.011200486682355404, -0.009997706860303879, -0.008794923312962055, -0.007592140231281519, -0.006389357149600983, -0.005186573602259159, -0.0039837900549173355, -0.0027810069732367992, -0.001578223891556263, -0.0003754403442144394, 0.0008273429702967405, 0.0020301262848079205, 0.0032329095993191004, 0.00443569291383028, 0.005638476461172104, 0.00684125954285264, 0.008044042624533176, 0.009246826171875, 0.010449609719216824, 0.011652393266558647, 0.012855175882577896, 0.01405795942991972, 0.015260742977261543, 0.016463525593280792, 0.01766631007194519, 0.01886909268796444, 0.02007187530398369, 0.021274659782648087, 0.022477442398667336, 0.023680225014686584, 0.024883009493350983, 0.02608579210937023, 0.02728857472538948, 0.02849135920405388]}, "gradients/fc2.weight": {"_type": "histogram", "values": [2.0, 1.0, 0.0, 1.0, 1.0, 2.0, 3.0, 7.0, 3.0, 7.0, 4.0, 11.0, 11.0, 13.0, 7.0, 7.0, 22.0, 21.0, 26.0, 34.0, 29.0, 41.0, 41.0, 40.0, 42.0, 48.0, 39.0, 37.0, 44.0, 49.0, 40.0, 34.0, 34.0, 40.0, 36.0, 24.0, 21.0, 21.0, 11.0, 13.0, 15.0, 8.0, 4.0, 9.0, 10.0, 2.0, 2.0, 2.0, 1.0, 1.0, 1.0, 3.0, 1.0, 0.0, 0.0, 0.0, 0.0, 0.0, 2.0, 0.0, 0.0, 1.0, 0.0, 1.0], "bins": [-0.0391228012740612, -0.03768110275268555, -0.03623940050601959, -0.03479769825935364, -0.03335599973797798, -0.031914301216602325, -0.03047259896993637, -0.029030898585915565, -0.02758919820189476, -0.026147497817873955, -0.02470579743385315, -0.023264097049832344, -0.02182239666581154, -0.020380696281790733, -0.018938995897769928, -0.017497295513749123, -0.016055595129728317, -0.014613894745707512, -0.013172194361686707, -0.011730493977665901, -0.010288793593645096, -0.00884709320962429, -0.007405392825603485, -0.00596369244158268, -0.004521992057561874, -0.003080291673541069, -0.0016385912895202637, -0.0001968909054994583, 0.001244809478521347, 0.0026865098625421524, 0.004128210246562958, 0.005569910630583763, 0.00701160728931427, 0.008453307673335075, 0.00989500805735588, 0.011336708441376686, 0.012778408825397491, 0.014220109209418297, 0.015661809593439102, 0.017103509977459908, 0.018545210361480713, 0.019986910745501518, 0.021428611129522324, 0.02287031151354313, 0.024312011897563934, 0.02575371228158474, 0.027195412665605545, 0.02863711304962635, 0.030078813433647156, 0.03152051568031311, 0.032962214201688766, 0.03440391272306442, 0.03584561496973038, 0.03728731721639633, 0.03872901573777199, 0.040170714259147644, 0.0416124165058136, 0.04305411875247955, 0.04449581727385521, 0.045937515795230865, 0.04737921804189682, 0.048820920288562775, 0.05026261880993843, 0.05170431733131409, 0.05314601957798004]}, "gradients/spatial.1.weight": {"_type": "histogram", "values": [1.0, 0.0, 0.0, 0.0, 1.0, 0.0, 0.0, 0.0, 0.0, 0.0, 0.0, 0.0, 1.0, 0.0, 0.0, 0.0, 0.0, 1.0, 0.0, 0.0, 0.0, 0.0, 0.0, 0.0, 0.0, 0.0, 1.0, 0.0, 0.0, 0.0, 0.0, 0.0, 0.0, 0.0, 1.0, 0.0, 1.0, 0.0, 0.0, 0.0, 0.0, 0.0, 0.0, 0.0, 0.0, 0.0, 1.0, 0.0, 1.0, 0.0, 0.0, 0.0, 0.0, 0.0, 0.0, 0.0, 0.0, 0.0, 0.0, 0.0, 0.0, 0.0, 0.0, 1.0], "bins": [-0.08426591753959656, -0.08195619285106659, -0.07964646816253662, -0.07733675092458725, -0.07502702623605728, -0.07271730154752731, -0.07040757685899734, -0.06809785962104797, -0.065788134932518, -0.06347841024398804, -0.06116868928074837, -0.0588589645922184, -0.05654924362897873, -0.05423951894044876, -0.05192979425191879, -0.04962007328867912, -0.047310348600149155, -0.045000623911619186, -0.04269090294837952, -0.04038117825984955, -0.03807145729660988, -0.03576173260807991, -0.03345201164484024, -0.031142286956310272, -0.028832562267780304, -0.026522839441895485, -0.024213116616010666, -0.021903391927480698, -0.019593670964241028, -0.01728394627571106, -0.01497422344982624, -0.012664500623941422, -0.010354779660701752, -0.008045056834816933, -0.005735333543270826, -0.00342561025172472, -0.001115887425839901, 0.001193835400044918, 0.0035035591572523117, 0.005813281983137131, 0.0081230029463768, 0.01043272577226162, 0.012742448598146439, 0.015052172355353832, 0.017361894249916077, 0.019671618938446045, 0.021981341764330864, 0.024291064590215683, 0.02660078927874565, 0.02891051210463047, 0.03122023493051529, 0.03352995961904526, 0.03583968058228493, 0.038149405270814896, 0.040459126234054565, 0.042768850922584534, 0.0450785756111145, 0.04738830029964447, 0.04969802126288414, 0.05200774595141411, 0.05431746691465378, 0.056627191603183746, 0.058936916291713715, 0.061246637254953384, 0.06355635821819305]}, "gradients/spatial.1.bias": {"_type": "histogram", "values": [1.0, 0.0, 0.0, 0.0, 0.0, 0.0, 1.0, 0.0, 0.0, 0.0, 0.0, 1.0, 0.0, 0.0, 0.0, 0.0, 0.0, 1.0, 1.0, 0.0, 0.0, 0.0, 0.0, 0.0, 0.0, 0.0, 0.0, 1.0, 0.0, 0.0, 0.0, 0.0, 0.0, 0.0, 0.0, 0.0, 0.0, 0.0, 1.0, 0.0, 0.0, 0.0, 0.0, 0.0, 0.0, 0.0, 0.0, 0.0, 1.0, 1.0, 0.0, 0.0, 0.0, 0.0, 0.0, 0.0, 0.0, 0.0, 0.0, 0.0, 0.0, 0.0, 0.0, 1.0], "bins": [-0.1940048784017563, -0.188339501619339, -0.1826741248369217, -0.1770087480545044, -0.1713433563709259, -0.1656779795885086, -0.1600126028060913, -0.154347226023674, -0.1486818492412567, -0.14301647245883942, -0.13735109567642212, -0.13168570399284363, -0.12602032721042633, -0.12035495042800903, -0.11468957364559174, -0.10902419686317444, -0.10335880517959595, -0.09769342839717865, -0.09202804416418076, -0.08636266738176346, -0.08069728314876556, -0.07503190636634827, -0.06936652958393097, -0.06370115280151367, -0.058035776019096375, -0.05237039551138878, -0.04670501500368118, -0.041039638221263885, -0.03537425771355629, -0.029708877205848694, -0.024043500423431396, -0.0183781199157238, -0.012712746858596802, -0.0070473672822117805, -0.0013819877058267593, 0.004283390939235687, 0.009948771446943283, 0.015614151954650879, 0.021279528737068176, 0.026944909244775772, 0.032610297203063965, 0.03827567771077156, 0.043941058218479156, 0.049606435000896454, 0.05527181550860405, 0.060937196016311646, 0.06660257279872894, 0.07226794958114624, 0.07793332636356354, 0.08359870314598083, 0.08926408737897873, 0.09492946416139603, 0.10059484839439392, 0.10626022517681122, 0.11192560195922852, 0.11759097874164581, 0.12325636297464371, 0.1289217472076416, 0.1345871239900589, 0.1402525007724762, 0.1459178775548935, 0.1515832543373108, 0.15724864602088928, 0.16291402280330658, 0.16857939958572388]}, "gradients/spatial.0.weight": {"_type": "histogram",