{"batch loss": 0.7508572340011597, "_timestamp": 1651845560, "_runtime": 861, "_step": 689, "epoch": 29, "train/train_loss": 0.6795433949340474, "train/train_acc": 0.711217183770883, "train/train_f1": 0.706062874499902, "val/val_loss": 1.1934395347322737, "val/vaL_acc": 0.5073765234124439, "val/val_f1": 0.5189750961766937, "gradients/graph_3fc2.bias": {"_type": "histogram", "values": [1.0, 0.0, 0.0, 0.0, 0.0, 0.0, 0.0, 1.0, 0.0, 0.0, 0.0, 0.0, 0.0, 0.0, 0.0, 0.0, 0.0, 0.0, 0.0, 0.0, 0.0, 0.0, 0.0, 0.0, 0.0, 0.0, 0.0, 0.0, 0.0, 0.0, 0.0, 0.0, 0.0, 0.0, 0.0, 0.0, 0.0, 0.0, 0.0, 0.0, 0.0, 0.0, 0.0, 0.0, 0.0, 0.0, 0.0, 0.0, 0.0, 0.0, 0.0, 0.0, 0.0, 0.0, 0.0, 0.0, 0.0, 0.0, 0.0, 0.0, 0.0, 0.0, 0.0, 1.0], "bins": [-0.047856707125902176, -0.045841243118047714, -0.04382578283548355, -0.04181031882762909, -0.03979485481977463, -0.037779390811920166, -0.035763926804065704, -0.03374846652150154, -0.03173300251364708, -0.029717538505792618, -0.027702076360583305, -0.025686614215373993, -0.02367115020751953, -0.02165568619966507, -0.019640224054455757, -0.017624761909246445, -0.015609297901391983, -0.013593834824860096, -0.011578371748328209, -0.009562908671796322, -0.007547445595264435, -0.005531982518732548, -0.0035165194422006607, -0.0015010563656687737, 0.0005144067108631134, 0.0025298697873950005, 0.0045453328639268875, 0.006560795940458775, 0.008576259016990662, 0.010591722093522549, 0.012607185170054436, 0.014622648246586323, 0.01663811504840851, 0.01865357905626297, 0.020669041201472282, 0.022684503346681595, 0.024699967354536057, 0.026715431362390518, 0.02873089350759983, 0.030746355652809143, 0.032761819660663605, 0.034777283668518066, 0.03679274767637253, 0.03880820795893669, 0.04082367196679115, 0.042839135974645615, 0.04485459625720978, 0.04687006026506424, 0.0488855242729187, 0.05090098828077316, 0.052916452288627625, 0.05493191257119179, 0.05694737657904625, 0.05896284058690071, 0.060978300869464874, 0.06299376487731934, 0.0650092288851738, 0.06702469289302826, 0.06904015690088272, 0.07105562090873718, 0.07307107746601105, 0.07508654147386551, 0.07710200548171997, 0.07911746948957443, 0.0811329334974289]}, "gradients/graph_3fc2.weight": {"_type": "histogram", "values": [2.0, 0.0, 0.0, 0.0, 0.0, 1.0, 0.0, 0.0, 1.0, 1.0, 1.0, 3.0, 5.0, 2.0, 6.0, 7.0, 11.0, 14.0, 35.0, 30.0, 39.0, 58.0, 52.0, 91.0, 90.0, 95.0, 111.0, 113.0, 104.0, 98.0, 73.0, 55.0, 32.0, 33.0, 24.0, 21.0, 15.0, 21.0, 18.0, 28.0, 30.0, 36.0, 54.0, 43.0, 45.0, 48.0, 52.0, 51.0, 40.0, 24.0, 39.0, 28.0, 24.0, 11.0, 13.0, 14.0, 3.0, 6.0, 4.0, 1.0, 2.0, 0.0, 1.0, 1.0], "bins": [-0.03684022277593613, -0.03572683036327362, -0.034613437950611115, -0.03350004553794861, -0.0323866531252861, -0.031273260712623596, -0.03015986829996109, -0.029046475887298584, -0.027933083474636078, -0.026819691061973572, -0.025706298649311066, -0.02459290623664856, -0.023479513823986053, -0.022366121411323547, -0.02125272899866104, -0.020139336585998535, -0.01902594417333603, -0.017912551760673523, -0.016799159348011017, -0.01568576693534851, -0.014572374522686005, -0.013458982110023499, -0.012345589697360992, -0.011232197284698486, -0.01011880487203598, -0.009005412459373474, -0.007892020046710968, -0.006778627634048462, -0.005665235221385956, -0.00455184280872345, -0.0034384503960609436, -0.0023250579833984375, -0.0012116655707359314, -9.827315807342529e-05, 0.0010151192545890808, 0.002128511667251587, 0.003241904079914093, 0.004355296492576599, 0.005468688905239105, 0.006582081317901611, 0.007695473730564117, 0.008808866143226624, 0.00992225855588913, 0.011035650968551636, 0.012149043381214142, 0.013262435793876648, 0.014375828206539154, 0.01548922061920166, 0.016602613031864166, 0.017716005444526672, 0.01882939785718918, 0.019942790269851685, 0.02105618268251419, 0.022169575095176697, 0.023282967507839203, 0.02439635992050171, 0.025509752333164215, 0.02662314474582672, 0.027736537158489227, 0.028849929571151733, 0.02996332198381424, 0.031076714396476746, 0.03219010680913925, 0.03330349922180176, 0.034416891634464264]}, "gradients/graph_3spatial.1.weight": {"_type": "histogram", "values": [1.0, 1.0, 0.0, 0.0, 0.0, 0.0, 0.0, 1.0, 0.0, 1.0, 0.0, 0.0, 1.0, 0.0, 0.0, 0.0, 0.0, 0.0, 1.0, 0.0, 1.0, 0.0, 0.0, 0.0, 0.0, 1.0, 0.0, 0.0, 0.0, 0.0, 0.0, 0.0, 0.0, 1.0, 0.0, 2.0, 0.0, 0.0, 0.0, 0.0, 0.0, 0.0, 0.0, 0.0, 0.0, 1.0, 0.0, 1.0, 0.0, 0.0, 0.0, 1.0, 2.0, 0.0, 0.0, 1.0, 1.0, 0.0, 0.0, 0.0, 1.0, 0.0, 0.0, 1.0], "bins": [-0.1586909294128418, -0.15391629934310913, -0.14914166927337646, -0.144367054104805, -0.13959242403507233, -0.13481779396533966, -0.1300431787967682, -0.12526854872703552, -0.12049391865730286, -0.11571928858757019, -0.11094466596841812, -0.10617004334926605, -0.10139541327953339, -0.09662078320980072, -0.09184616059064865, -0.08707153797149658, -0.08229690790176392, -0.07752227783203125, -0.07274765521287918, -0.06797303259372711, -0.06319840252399445, -0.05842377617955208, -0.05364914983510971, -0.04887452349066734, -0.044099897146224976, -0.03932527080178261, -0.03455064445734024, -0.029776018112897873, -0.025001391768455505, -0.020226765424013138, -0.01545213907957077, -0.010677512735128403, -0.005902871489524841, -0.0011282451450824738, 0.003646381199359894, 0.008421007543802261, 0.013195633888244629, 0.017970260232686996, 0.022744886577129364, 0.02751951292157173, 0.0322941392660141, 0.03706876561045647, 0.041843391954898834, 0.0466180182993412, 0.05139264464378357, 0.05616727098822594, 0.060941897332668304, 0.06571651995182037, 0.07049115002155304, 0.0752657800912857, 0.08004040271043777, 0.08481502532958984, 0.08958965539932251, 0.09436428546905518, 0.09913890808820724, 0.10391353070735931, 0.10868816077709198, 0.11346279084682465, 0.11823741346597672, 0.12301203608512878, 0.12778666615486145, 0.13256129622459412, 0.13733592629432678, 0.14211054146289825, 0.14688517153263092]}, "gradients/graph_3spatial.1.bias": {"_type": "histogram", "values": [1.0, 0.0, 0.0, 0.0, 1.0, 1.0, 0.0, 0.0, 0.0, 0.0, 0.0, 0.0, 1.0, 0.0, 0.0, 1.0, 0.0, 0.0, 0.0, 2.0, 0.0, 0.0, 0.0, 0.0, 1.0, 0.0, 0.0, 0.0, 0.0, 0.0, 0.0, 1.0, 0.0, 1.0, 0.0, 0.0, 1.0, 0.0, 0.0, 0.0, 0.0, 0.0, 1.0, 0.0, 0.0, 0.0, 1.0, 1.0, 0.0, 1.0, 0.0, 2.0, 0.0, 1.0, 0.0, 0.0, 0.0, 0.0, 0.0, 1.0, 0.0, 0.0, 0.0, 1.0], "bins": [-0.19712969660758972, -0.1909291297197342, -0.18472856283187866, -0.17852798104286194, -0.1723274141550064, -0.16612684726715088, -0.15992626547813416, -0.15372569859027863, -0.1475251317024231, -0.14132456481456757, -0.13512399792671204, -0.1289234161376953, -0.12272284924983978, -0.11652228236198425, -0.11032170802354813, -0.104121133685112, -0.09792056679725647, -0.09171999990940094, -0.08551942557096481, -0.07931885123252869, -0.07311828434467316, -0.06691771745681763, -0.0607171431183815, -0.05451657250523567, -0.048316001892089844, -0.042115431278944016, -0.03591486066579819, -0.02971429005265236, -0.02351371943950653, -0.017313148826360703, -0.011112578213214874, -0.004912007600069046, 0.001288577914237976, 0.007489148527383804, 0.013689719140529633, 0.01989028975367546, 0.02609086036682129, 0.03229143097996712, 0.038492001593112946, 0.044692572206258774, 0.0508931428194046, 0.05709371343255043, 0.06329428404569626, 0.06949485838413239, 0.07569542527198792, 0.08189599215984344, 0.08809656649827957, 0.0942971408367157, 0.10049770772457123, 0.10669827461242676, 0.11289884895086288, 0.11909942328929901, 0.12529999017715454, 0.13150055706501007, 0.1377011239528656, 0.14390170574188232, 0.15010227262973785, 0.15630283951759338, 0.1625034213066101, 0.16870398819446564, 0.17490455508232117, 0.1811051219701767, 0.18730568885803223, 0.19350627064704895, 0.19970683753490448]}, "gradients/graph_3spatial.0.weight": {"_type": "histogram",