{"batch loss": 0.740460216999054, "_timestamp": 1651803636, "_runtime": 1299, "_step": 649, "epoch": 24, "train/train_loss": 0.6967755150794983, "train/train_acc": 0.7135152284263959, "train/train_f1": 0.7123739799151961, "val/val_loss": 0.829220692316691, "val/vaL_acc": 0.6225071225071225, "val/val_f1": 0.6262955075533849, "gradients/graph_46fc2.bias": {"_type": "histogram", "values": [1.0, 0.0, 0.0, 0.0, 0.0, 0.0, 0.0, 0.0, 0.0, 0.0, 0.0, 0.0, 0.0, 0.0, 0.0, 0.0, 0.0, 0.0, 0.0, 0.0, 0.0, 0.0, 0.0, 0.0, 0.0, 0.0, 0.0, 0.0, 0.0, 0.0, 0.0, 0.0, 0.0, 1.0, 0.0, 0.0, 0.0, 0.0, 0.0, 0.0, 0.0, 0.0, 0.0, 0.0, 0.0, 0.0, 0.0, 0.0, 0.0, 0.0, 0.0, 0.0, 0.0, 0.0, 0.0, 0.0, 0.0, 0.0, 0.0, 0.0, 0.0, 0.0, 0.0, 1.0], "bins": [-0.032732702791690826, -0.031720634549856186, -0.030708566308021545, -0.029696498066186905, -0.028684431686997414, -0.027672363445162773, -0.026660295203328133, -0.025648226961493492, -0.024636160582304, -0.02362409234046936, -0.02261202409863472, -0.02159995585680008, -0.020587889477610588, -0.019575821235775948, -0.018563752993941307, -0.017551684752106667, -0.016539616510272026, -0.015527548268437386, -0.01451548095792532, -0.01350341271609068, -0.012491345405578613, -0.011479277163743973, -0.010467208921909332, -0.009455140680074692, -0.008443072438240051, -0.007431004662066698, -0.006418936885893345, -0.005406868644058704, -0.004394800867885351, -0.003382733091711998, -0.0023706648498773575, -0.0013585970737040043, -0.0003465302288532257, 0.0006655376637354493, 0.0016776055563241243, 0.002689673565328121, 0.0037017413415014744, 0.004713809117674828, 0.005725877359509468, 0.006737945135682821, 0.0077500119805336, 0.00876208022236824, 0.009774147532880306, 0.010786215774714947, 0.011798283085227013, 0.012810351327061653, 0.013822419568896294, 0.014834487810730934, 0.015846556052565575, 0.016858624294400215, 0.017870692536234856, 0.018882758915424347, 0.019894827157258987, 0.020906895399093628, 0.02191896364092827, 0.02293103188276291, 0.02394310012459755, 0.02495516836643219, 0.02596723660826683, 0.02697930485010147, 0.027991371229290962, 0.029003439471125603, 0.030015507712960243, 0.031027575954794884, 0.032039642333984375]}, "gradients/graph_46fc2.weight": {"_type": "histogram", "values": [1.0, 0.0, 0.0, 1.0, 3.0, 4.0, 4.0, 7.0, 8.0, 6.0, 16.0, 14.0, 13.0, 19.0, 22.0, 20.0, 29.0, 35.0, 23.0, 35.0, 32.0, 38.0, 30.0, 22.0, 28.0, 20.0, 34.0, 38.0, 27.0, 33.0, 24.0, 21.0, 26.0, 22.0, 27.0, 26.0, 27.0, 35.0, 33.0, 37.0, 32.0, 41.0, 24.0, 28.0, 22.0, 18.0, 18.0, 16.0, 9.0, 12.0, 6.0, 2.0, 6.0, 0.0, 2.0, 1.0, 1.0, 1.0, 0.0, 0.0, 0.0, 0.0, 0.0, 1.0], "bins": [-0.03613187372684479, -0.03491124138236046, -0.03369060903787613, -0.0324699766933918, -0.03124934434890747, -0.03002871200442314, -0.028808079659938812, -0.027587447315454483, -0.026366814970970154, -0.025146182626485825, -0.023925550282001495, -0.022704917937517166, -0.021484285593032837, -0.020263653248548508, -0.01904302090406418, -0.01782238855957985, -0.01660175621509552, -0.01538112387061119, -0.014160491526126862, -0.012939859181642532, -0.011719226837158203, -0.010498594492673874, -0.009277962148189545, -0.008057329803705215, -0.006836697459220886, -0.005616065114736557, -0.004395432770252228, -0.0031748004257678986, -0.0019541680812835693, -0.0007335357367992401, 0.0004870966076850891, 0.0017077289521694183, 0.002928357571363449, 0.004148989915847778, 0.0053696222603321075, 0.006590254604816437, 0.007810886949300766, 0.009031519293785095, 0.010252151638269424, 0.011472783982753754, 0.012693416327238083, 0.013914048671722412, 0.015134681016206741, 0.01635531336069107, 0.0175759457051754, 0.01879657804965973, 0.020017210394144058, 0.021237842738628387, 0.022458475083112717, 0.023679107427597046, 0.024899739772081375, 0.026120372116565704, 0.027341004461050034, 0.028561636805534363, 0.029782269150018692, 0.03100290149450302, 0.03222353383898735, 0.03344416618347168, 0.03466479852795601, 0.03588543087244034, 0.03710606321692467, 0.038326695561409, 0.039547327905893326, 0.040767960250377655, 0.041988592594861984]}, "gradients/graph_46spatial.1.weight": {"_type": "histogram", "values": [1.0, 0.0, 0.0, 0.0, 1.0, 0.0, 1.0, 0.0, 1.0, 0.0, 0.0, 1.0, 1.0, 2.0, 2.0, 0.0, 0.0, 2.0, 0.0, 1.0, 0.0, 0.0, 0.0, 1.0, 0.0, 2.0, 0.0, 1.0, 1.0, 0.0, 3.0, 1.0, 1.0, 0.0, 0.0, 0.0, 1.0, 1.0, 2.0, 0.0, 0.0, 1.0, 0.0, 0.0, 0.0, 1.0, 0.0, 1.0, 1.0, 1.0, 0.0, 1.0, 1.0, 0.0, 0.0, 1.0, 0.0, 1.0, 2.0, 1.0, 0.0, 0.0, 0.0, 1.0], "bins": [-0.028943201526999474, -0.028133561834692955, -0.027323922142386436, -0.026514284312725067, -0.02570464462041855, -0.02489500492811203, -0.02408536523580551, -0.023275725543498993, -0.022466085851192474, -0.021656446158885956, -0.020846806466579437, -0.02003716677427292, -0.01922752894461155, -0.01841788925230503, -0.017608249559998512, -0.016798609867691994, -0.015988972038030624, -0.015179332345724106, -0.014369693584740162, -0.013560053892433643, -0.012750414200127125, -0.01194077543914318, -0.011131135746836662, -0.010321496054530144, -0.009511856362223625, -0.008702216669917107, -0.007892577908933163, -0.007082938216626644, -0.006273298524320126, -0.005463659297674894, -0.004654020071029663, -0.0038443803787231445, -0.003034740686416626, -0.002225101226940751, -0.001415461883880198, -0.0006058225408196449, 0.00020381691865622997, 0.0010134563781321049, 0.0018230956047773361, 0.0026327352970838547, 0.0034423749893903732, 0.0042520142160356045, 0.005061653908342123, 0.005871293134987354, 0.006680932827293873, 0.007490572053939104, 0.008300211280584335, 0.009109850972890854, 0.009919489733874798, 0.010729129426181316, 0.01153876818716526, 0.012348407879471779, 0.013158047571778297, 0.013967687264084816, 0.01477732602506876, 0.015586965717375278, 0.016396604478359222, 0.01720624417066574, 0.01801588386297226, 0.018825523555278778, 0.019635161384940147, 0.020444801077246666, 0.021254440769553185, 0.022064080461859703, 0.02287372015416622]}, "gradients/graph_46spatial.1.bias": {"_type": "histogram", "values": [1.0, 0.0, 0.0, 0.0, 0.0, 0.0, 0.0, 0.0, 0.0, 1.0, 0.0, 1.0, 1.0, 0.0, 1.0, 2.0, 1.0, 0.0, 2.0, 0.0, 1.0, 2.0, 0.0, 0.0, 0.0, 1.0, 0.0, 1.0, 1.0, 2.0, 1.0, 2.0, 1.0, 0.0, 1.0, 0.0, 2.0, 0.0, 0.0, 1.0, 1.0, 0.0, 0.0, 0.0, 0.0, 1.0, 0.0, 0.0, 1.0, 1.0, 1.0, 1.0, 1.0, 0.0, 0.0, 0.0, 0.0, 1.0, 1.0, 1.0, 0.0, 2.0, 0.0, 2.0], "bins": [-0.037918571382761, -0.036838632076978683, -0.035758696496486664, -0.034678757190704346, -0.03359881788492203, -0.03251888230443001, -0.03143894299864769, -0.03035900555551052, -0.029279068112373352, -0.028199130669236183, -0.027119193226099014, -0.026039253920316696, -0.024959316477179527, -0.02387937903404236, -0.02279943972826004, -0.02171950228512287, -0.020639564841985703, -0.019559627398848534, -0.018479689955711365, -0.017399750649929047, -0.016319813206791878, -0.015239875763654709, -0.014159937389194965, -0.013079999014735222, -0.012000061571598053, -0.010920124128460884, -0.00984018575400114, -0.008760247379541397, -0.007680309936404228, -0.006600372027605772, -0.005520434118807316, -0.00444049621000886, -0.003360554575920105, -0.002280616667121649, -0.0012006787583231926, -0.0001207408495247364, 0.0009591970592737198, 0.002039134968072176, 0.003119072876870632, 0.004199010785669088, 0.0052789486944675446, 0.006358886603266001, 0.007438824512064457, 0.0085187628865242, 0.00959870032966137, 0.010678637772798538, 0.011758576147258282, 0.012838514521718025, 0.013918451964855194, 0.014998389407992363, 0.016078326851129532, 0.01715826615691185, 0.01823820360004902, 0.019318141043186188, 0.020398080348968506, 0.021478017792105675, 0.022557955235242844, 0.023637892678380013, 0.02471783012151718, 0.0257977694272995, 0.02687770687043667, 0.027957644313573837, 0.029037583619356155, 0.030117521062493324, 0.031197458505630493]}, "gradients/graph_46spatial.0.weight": {"_type": "histogram",