{"batch loss": 0.8122721910476685, "_timestamp": 1651750285, "_runtime": 320, "_step": 3919, "gradients/fc2.bias": {"_type": "histogram", "values": [1.0, 0.0, 0.0, 0.0, 0.0, 0.0, 0.0, 0.0, 0.0, 0.0, 0.0, 0.0, 0.0, 0.0, 0.0, 0.0, 0.0, 0.0, 0.0, 0.0, 0.0, 0.0, 0.0, 0.0, 0.0, 0.0, 0.0, 0.0, 0.0, 0.0, 0.0, 0.0, 0.0, 0.0, 0.0, 0.0, 0.0, 0.0, 0.0, 0.0, 0.0, 0.0, 0.0, 0.0, 0.0, 0.0, 0.0, 0.0, 0.0, 0.0, 0.0, 0.0, 0.0, 0.0, 0.0, 0.0, 0.0, 0.0, 0.0, 0.0, 0.0, 1.0, 0.0, 1.0], "bins": [-0.0381733775138855, -0.03725729137659073, -0.03634120523929596, -0.03542511910200119, -0.03450902923941612, -0.03359294310212135, -0.032676856964826584, -0.031760770827531815, -0.030844684690237045, -0.029928598552942276, -0.029012510553002357, -0.028096424415707588, -0.02718033827841282, -0.0262642502784729, -0.02534816414117813, -0.024432078003883362, -0.023515990003943443, -0.022599903866648674, -0.021683815866708755, -0.020767729729413986, -0.019851643592119217, -0.018935557454824448, -0.01801946945488453, -0.01710338331758976, -0.01618729531764984, -0.015271208249032497, -0.014355122111737728, -0.013439035043120384, -0.012522948905825615, -0.011606861837208271, -0.010690774768590927, -0.009774688631296158, -0.008858602494001389, -0.007942515425384045, -0.007026429288089275, -0.0061103422194719315, -0.005194255616515875, -0.004278169013559818, -0.0033620819449424744, -0.0024459953419864178, -0.0015299096703529358, -0.0006138229509815574, 0.00030226376838982105, 0.0012183506041765213, 0.002134437207132578, 0.0030505238100886345, 0.003966610878705978, 0.004882697481662035, 0.005798785015940666, 0.006714871618896723, 0.007630958221852779, 0.008547045290470123, 0.009463131427764893, 0.010379218496382236, 0.01129530556499958, 0.01221139170229435, 0.013127478770911694, 0.014043565839529037, 0.014959651976823807, 0.015875738114118576, 0.016791826114058495, 0.017707912251353264, 0.018624000251293182, 0.01954008638858795, 0.02045617252588272]}, "gradients/fc2.weight": {"_type": "histogram", "values": [1.0, 0.0, 0.0, 1.0, 0.0, 0.0, 1.0, 1.0, 1.0, 1.0, 0.0, 0.0, 2.0, 2.0, 7.0, 4.0, 4.0, 3.0, 4.0, 9.0, 13.0, 12.0, 10.0, 11.0, 21.0, 18.0, 17.0, 18.0, 14.0, 37.0, 38.0, 34.0, 36.0, 36.0, 39.0, 36.0, 31.0, 46.0, 40.0, 35.0, 33.0, 34.0, 20.0, 18.0, 23.0, 26.0, 23.0, 13.0, 11.0, 16.0, 6.0, 4.0, 11.0, 7.0, 2.0, 3.0, 3.0, 1.0, 2.0, 0.0, 0.0, 0.0, 0.0, 1.0], "bins": [-0.11341547220945358, -0.1102173700928688, -0.10701926797628403, -0.10382116585969925, -0.10062306374311447, -0.0974249616265297, -0.09422685205936432, -0.09102874994277954, -0.08783064782619476, -0.08463254570960999, -0.08143444359302521, -0.07823634147644043, -0.07503823935985565, -0.07184013724327087, -0.0686420351266861, -0.06544393301010132, -0.06224583089351654, -0.05904772877693176, -0.055849626660346985, -0.05265152454376221, -0.04945342242717743, -0.04625532031059265, -0.043057214468717575, -0.0398591123521328, -0.03666100651025772, -0.03346290439367294, -0.030264802277088165, -0.027066698297858238, -0.02386859618127346, -0.020670494064688683, -0.017472390085458755, -0.014274287968873978, -0.011076182126998901, -0.007878080010414124, -0.004679976962506771, -0.0014818739145994186, 0.0017162282019853592, 0.004914330318570137, 0.008112434297800064, 0.011310536414384842, 0.014508634805679321, 0.0177067369222641, 0.020904839038848877, 0.024102943018078804, 0.027301045134663582, 0.03049914725124836, 0.03369725123047829, 0.036895353347063065, 0.04009345918893814, 0.04329156130552292, 0.0464896634221077, 0.049687765538692474, 0.05288586765527725, 0.05608396977186203, 0.059282075613737106, 0.062480177730321884, 0.06567828357219696, 0.06887638568878174, 0.07207448780536652, 0.0752725899219513, 0.07847069203853607, 0.08166879415512085, 0.08486689627170563, 0.0880649983882904, 0.09126310050487518]}, "gradients/spatial.1.weight": {"_type": "histogram", "values": [1.0, 0.0, 0.0, 0.0, 0.0, 0.0, 0.0, 0.0, 0.0, 0.0, 0.0, 0.0, 0.0, 0.0, 0.0, 0.0, 0.0, 0.0, 0.0, 0.0, 0.0, 0.0, 2.0, 0.0, 0.0, 0.0, 0.0, 0.0, 0.0, 0.0, 0.0, 0.0, 0.0, 0.0, 0.0, 0.0, 1.0, 0.0, 0.0, 0.0, 0.0, 0.0, 0.0, 0.0, 0.0, 0.0, 0.0, 0.0, 1.0, 0.0, 0.0, 0.0, 1.0, 1.0, 0.0, 0.0, 0.0, 0.0, 0.0, 0.0, 0.0, 0.0, 1.0, 2.0], "bins": [-0.05880335718393326, -0.057615701109170914, -0.05642804875969887, -0.05524039268493652, -0.05405273661017418, -0.052865080535411835, -0.05167742818593979, -0.050489772111177444, -0.0493021160364151, -0.048114459961652756, -0.04692680761218071, -0.045739151537418365, -0.04455149546265602, -0.04336383938789368, -0.04217618703842163, -0.040988530963659286, -0.03980087488889694, -0.0386132188141346, -0.03742556646466255, -0.03623791038990021, -0.03505025431513786, -0.03386259824037552, -0.03267494589090347, -0.03148728981614113, -0.030299637466669083, -0.029111983254551888, -0.027924327179789543, -0.026736672967672348, -0.025549016892910004, -0.02436136268079281, -0.023173708468675613, -0.02198605239391327, -0.020798398181796074, -0.01961074396967888, -0.018423087894916534, -0.01723543368279934, -0.016047777608036995, -0.0148601233959198, -0.01367246825248003, -0.01248481310904026, -0.011297157034277916, -0.010109501890838146, -0.008921846747398376, -0.007734192069619894, -0.006546536926180124, -0.0053588817827403545, -0.004171227104961872, -0.0029835719615221024, -0.0017959177494049072, -0.0006082627223804593, 0.0005793923046439886, 0.0017670472152531147, 0.0029547023586928844, 0.004142357502132654, 0.005330012179911137, 0.006517667323350906, 0.007705322466790676, 0.008892977610230446, 0.010080632753670216, 0.011268287897109985, 0.01245594210922718, 0.013643598183989525, 0.01483125239610672, 0.016018908470869064, 0.01720656268298626]}, "gradients/spatial.1.bias": {"_type": "histogram", "values": [1.0, 0.0, 0.0, 0.0, 0.0, 0.0, 0.0, 0.0, 0.0, 0.0, 0.0, 0.0, 0.0, 0.0, 0.0, 0.0, 0.0, 0.0, 1.0, 0.0, 0.0, 0.0, 0.0, 0.0, 0.0, 0.0, 0.0, 1.0, 1.0, 2.0, 0.0, 0.0, 0.0, 0.0, 0.0, 0.0, 0.0, 1.0, 0.0, 0.0, 1.0, 0.0, 0.0, 0.0, 0.0, 0.0, 0.0, 0.0, 0.0, 0.0, 0.0, 0.0, 0.0, 0.0, 0.0, 0.0, 0.0, 0.0, 0.0, 0.0, 0.0, 0.0, 0.0, 2.0], "bins": [-0.03625186160206795, -0.0352206714451313, -0.034189481288194656, -0.03315829113125801, -0.03212709724903107, -0.03109590895473957, -0.030064716935157776, -0.02903352677822113, -0.028002336621284485, -0.02697114646434784, -0.025939956307411194, -0.0249087642878294, -0.023877574130892754, -0.022846383973956108, -0.021815191954374313, -0.020784001797437668, -0.019752811640501022, -0.018721621483564377, -0.01769043132662773, -0.016659239307045937, -0.01562804915010929, -0.014596858993172646, -0.013565667904913425, -0.012534476816654205, -0.01150328665971756, -0.010472096502780914, -0.009440905414521694, -0.008409714326262474, -0.0073785241693258286, -0.006347333546727896, -0.005316142924129963, -0.00428495230153203, -0.003253759816288948, -0.0022225691936910152, -0.0011913785710930824, -0.0001601879484951496, 0.0008710026741027832, 0.001902193296700716, 0.002933383919298649, 0.003964574541896582, 0.0049957651644945145, 0.006026955787092447, 0.00705814640969038, 0.0080893374979496, 0.009120527654886246, 0.010151717811822891, 0.011182908900082111, 0.012214099988341331, 0.013245290145277977, 0.014276480302214622, 0.015307671390473843, 0.016338862478733063, 0.017370052635669708, 0.018401242792606354, 0.019432432949543, 0.020463624969124794, 0.02149481512606144, 0.022526005282998085, 0.02355719730257988, 0.024588387459516525, 0.02561957761645317, 0.026650767773389816, 0.027681957930326462, 0.028713149949908257, 0.029744340106844902]}, "gradients/spatial.0.weight": {"_type": "histogram", "values": [1.0, 0.0, 0.0, 2.0, 0.0, 0.0, 2.0, 1.0, 1.0, 2.0, 6.0, 2.0, 3.0, 6.0, 4.0, 4.0, 8.0, 11.0, 8.0, 7.0, 8.0, 19.0, 10.0, 30.0, 32.0, 22.0, 31.0, 35.0, 26.0, 45.0, 53.0, 43.0, 52.0, 54.0, 52.0, 32.0, 32.0, 20.0, 34.0, 17.0, 16.0, 12.0, 9.0, 12.0, 6.0, 1.0, 2.0, 7.0, 1.0, 4.0, 3.0, 3.0, 0.0, 1.0, 2.0, 1.0, 0.0, 1.0, 1.0, 1.0, 0.0, 0.0, 1.0, 1.0],