{"batch loss": 0.6969857811927795, "_timestamp": 1651849495, "_runtime": 936, "_step": 689, "epoch": 29, "train/train_loss": 0.683446924794804, "train/train_acc": 0.697448136588948, "train/train_f1": 0.6957831927309104, "val/val_loss": 1.0665929743221827, "val/vaL_acc": 0.5426555484284797, "val/val_f1": 0.5270429486116956, "gradients/graph_8fc2.bias": {"_type": "histogram", "values": [1.0, 0.0, 0.0, 0.0, 0.0, 0.0, 0.0, 0.0, 0.0, 0.0, 0.0, 0.0, 0.0, 0.0, 0.0, 0.0, 0.0, 0.0, 0.0, 0.0, 0.0, 1.0, 0.0, 0.0, 0.0, 0.0, 0.0, 0.0, 0.0, 0.0, 0.0, 0.0, 0.0, 0.0, 0.0, 0.0, 0.0, 0.0, 0.0, 0.0, 0.0, 0.0, 0.0, 0.0, 0.0, 0.0, 0.0, 0.0, 0.0, 0.0, 0.0, 0.0, 0.0, 0.0, 0.0, 0.0, 0.0, 0.0, 0.0, 0.0, 0.0, 0.0, 0.0, 1.0], "bins": [-0.043998152017593384, -0.04244973137974739, -0.0409013107419014, -0.039352890104055405, -0.03780446946620941, -0.03625604882836342, -0.034707628190517426, -0.033159203827381134, -0.03161078691482544, -0.030062366276979446, -0.028513945639133453, -0.02696552500128746, -0.025417104363441467, -0.023868683725595474, -0.022320261225104332, -0.02077184058725834, -0.019223418086767197, -0.017674997448921204, -0.01612657681107521, -0.014578155241906643, -0.01302973460406065, -0.011481313966214657, -0.00993289239704609, -0.008384471759200096, -0.006836049258708954, -0.005287628620862961, -0.0037392075173556805, -0.0021907864138484, -0.0006423657760024071, 0.000906054861843586, 0.0024544764310121536, 0.004002897068858147, 0.0055513158440589905, 0.0070997364819049835, 0.008648157119750977, 0.010196578688919544, 0.011744999326765537, 0.01329341996461153, 0.014841841533780098, 0.01639026217162609, 0.017938680946826935, 0.019487101584672928, 0.02103552222251892, 0.022583942860364914, 0.024132363498210907, 0.0256807841360569, 0.027229206636548042, 0.028777627274394035, 0.030326049774885178, 0.03187447041273117, 0.033422891050577164, 0.03497131168842316, 0.03651973232626915, 0.03806815296411514, 0.039616577327251434, 0.04116499423980713, 0.04271341860294342, 0.04426183924078941, 0.045810259878635406, 0.0473586805164814, 0.04890710115432739, 0.050455521792173386, 0.05200394243001938, 0.05355236679315567, 0.055100783705711365]}, "gradients/graph_8fc2.weight": {"_type": "histogram", "values": [1.0, 0.0, 0.0, 0.0, 0.0, 0.0, 0.0, 0.0, 0.0, 1.0, 2.0, 0.0, 0.0, 0.0, 2.0, 1.0, 5.0, 4.0, 3.0, 5.0, 11.0, 13.0, 17.0, 19.0, 30.0, 37.0, 42.0, 40.0, 51.0, 61.0, 90.0, 93.0, 89.0, 90.0, 105.0, 106.0, 100.0, 112.0, 93.0, 104.0, 84.0, 74.0, 78.0, 63.0, 46.0, 34.0, 38.0, 28.0, 19.0, 21.0, 10.0, 16.0, 3.0, 8.0, 4.0, 2.0, 0.0, 2.0, 0.0, 1.0, 1.0, 0.0, 0.0, 1.0], "bins": [-0.05384070798754692, -0.052347805351018906, -0.05085490643978119, -0.049362003803253174, -0.04786910116672516, -0.046376198530197144, -0.04488329589366913, -0.04339039698243141, -0.0418974943459034, -0.04040459170937538, -0.038911692798137665, -0.03741879016160965, -0.035925887525081635, -0.03443298488855362, -0.032940082252025604, -0.03144718334078789, -0.029954280704259872, -0.028461378067731857, -0.02696847729384899, -0.025475576519966125, -0.02398267388343811, -0.022489771246910095, -0.02099687047302723, -0.019503969699144363, -0.01801106706261635, -0.016518164426088333, -0.015025263652205467, -0.013532361947000027, -0.012039460241794586, -0.010546558536589146, -0.009053656831383705, -0.007560755126178265, -0.0060678571462631226, -0.004574955441057682, -0.0030820537358522415, -0.001589152030646801, -9.625032544136047e-05, 0.00139665137976408, 0.0028895530849695206, 0.004382454790174961, 0.005875356495380402, 0.007368258200585842, 0.008861159905791283, 0.010354061610996723, 0.011846963316202164, 0.013339865021407604, 0.014832766726613045, 0.01632566750049591, 0.017818570137023926, 0.01931147277355194, 0.020804373547434807, 0.022297274321317673, 0.023790176957845688, 0.025283079594373703, 0.02677598036825657, 0.028268881142139435, 0.02976178377866745, 0.031254686415195465, 0.03274758905172348, 0.0342404879629612, 0.03573339059948921, 0.03722629323601723, 0.038719192147254944, 0.04021209478378296, 0.041704997420310974]}, "gradients/graph_8spatial.1.weight": {"_type": "histogram", "values": [1.0, 0.0, 0.0, 0.0, 0.0, 0.0, 0.0, 0.0, 0.0, 0.0, 0.0, 0.0, 0.0, 0.0, 0.0, 0.0, 0.0, 0.0, 0.0, 0.0, 0.0, 1.0, 0.0, 0.0, 0.0, 0.0, 0.0, 0.0, 1.0, 1.0, 0.0, 0.0, 0.0, 1.0, 1.0, 1.0, 2.0, 1.0, 1.0, 1.0, 1.0, 0.0, 0.0, 1.0, 0.0, 1.0, 0.0, 0.0, 0.0, 0.0, 0.0, 1.0, 0.0, 0.0, 0.0, 0.0, 1.0, 0.0, 0.0, 2.0, 0.0, 0.0, 0.0, 1.0], "bins": [-0.16508883237838745, -0.1608637273311615, -0.15663862228393555, -0.1524135321378708, -0.14818842709064484, -0.14396332204341888, -0.13973823189735413, -0.13551312685012817, -0.13128802180290222, -0.12706291675567627, -0.12283781915903091, -0.11861272156238556, -0.1143876165151596, -0.11016251146793365, -0.1059374138712883, -0.10171231627464294, -0.09748721122741699, -0.09326210618019104, -0.08903700858354568, -0.08481191098690033, -0.08058680593967438, -0.07636170089244843, -0.07213660329580307, -0.06791150569915771, -0.06368640065193176, -0.05946129932999611, -0.055236198008060455, -0.0510110966861248, -0.04678599536418915, -0.042560894042253494, -0.03833579272031784, -0.03411069139838219, -0.029885590076446533, -0.02566048875451088, -0.021435387432575226, -0.017210286110639572, -0.012985184788703918, -0.008760083466768265, -0.004534982144832611, -0.0003098808228969574, 0.003915220499038696, 0.00814032182097435, 0.012365423142910004, 0.016590524464845657, 0.02081562578678131, 0.025040727108716965, 0.02926582843065262, 0.03349092975258827, 0.037716031074523926, 0.04194113239645958, 0.04616623371839523, 0.05039133504033089, 0.05461643636226654, 0.058841537684202194, 0.06306663900613785, 0.0672917366027832, 0.07151684165000916, 0.07574194669723511, 0.07996704429388046, 0.08419214189052582, 0.08841724693775177, 0.09264235198497772, 0.09686744958162308, 0.10109254717826843, 0.10531765222549438]}, "gradients/graph_8spatial.1.bias": {"_type": "histogram", "values": [1.0, 0.0, 0.0, 0.0, 0.0, 0.0, 0.0, 0.0, 0.0, 0.0, 0.0, 0.0, 0.0, 0.0, 1.0, 0.0, 0.0, 0.0, 1.0, 0.0, 0.0, 1.0, 0.0, 1.0, 0.0, 1.0, 0.0, 0.0, 0.0, 1.0, 1.0, 1.0, 1.0, 0.0, 0.0, 1.0, 2.0, 0.0, 1.0, 0.0, 0.0, 1.0, 1.0, 0.0, 0.0, 0.0, 0.0, 0.0, 0.0, 0.0, 1.0, 0.0, 0.0, 0.0, 0.0, 0.0, 0.0, 0.0, 1.0, 1.0, 0.0, 0.0, 0.0, 1.0], "bins": [-0.2698412239551544, -0.26178571581840515, -0.2537302076816559, -0.24567469954490662, -0.23761917650699615, -0.2295636683702469, -0.22150816023349762, -0.21345265209674835, -0.2053971290588379, -0.19734162092208862, -0.18928611278533936, -0.1812306046485901, -0.17317508161067963, -0.16511957347393036, -0.1570640653371811, -0.14900855720043182, -0.14095304906368256, -0.1328975409269333, -0.12484202533960342, -0.11678651720285416, -0.10873100161552429, -0.10067549347877502, -0.09261998534202576, -0.08456447720527649, -0.07650896906852722, -0.06845346093177795, -0.06039794534444809, -0.05234243720769882, -0.044286925345659256, -0.03623141348361969, -0.028175905346870422, -0.020120393484830856, -0.012064889073371887, -0.004009378142654896, 0.004046132788062096, 0.012101642787456512, 0.02015715464949608, 0.028212666511535645, 0.03626817464828491, 0.04432368651032448, 0.05237920582294464, 0.06043471768498421, 0.06849022954702377, 0.07654573768377304, 0.0846012532711029, 0.09265676140785217, 0.10071226954460144, 0.10876777768135071, 0.11682328581809998, 0.12487879395484924, 0.1329343020915985, 0.14098981022834778, 0.14904533326625824, 0.1571008414030075, 0.16515634953975677, 0.17321185767650604, 0.1812673807144165, 0.18932288885116577, 0.19737839698791504, 0.2054339051246643, 0.21348942816257477, 0.22154493629932404, 0.2296004444360733, 0.23765595257282257, 0.24571146070957184]}, "gradients/graph_8spatial.0.weight": {"_type": "histogram",