{"batch loss": 0.6902471780776978, "_timestamp": 1651870974, "_runtime": 897, "_step": 689, "epoch": 29, "train/train_loss": 0.7429812875660983, "train/train_acc": 0.6752340738020929, "train/train_f1": 0.6756165567390299, "val/val_loss": 1.0551657932145255, "val/vaL_acc": 0.50096215522771, "val/val_f1": 0.513249434973884, "gradients/graph_39fc2.bias": {"_type": "histogram", "values": [1.0, 0.0, 0.0, 0.0, 0.0, 0.0, 0.0, 0.0, 0.0, 0.0, 0.0, 0.0, 0.0, 0.0, 0.0, 0.0, 0.0, 0.0, 0.0, 0.0, 0.0, 0.0, 0.0, 0.0, 0.0, 0.0, 0.0, 0.0, 0.0, 0.0, 0.0, 0.0, 0.0, 0.0, 0.0, 0.0, 0.0, 0.0, 0.0, 0.0, 1.0, 0.0, 0.0, 0.0, 0.0, 0.0, 0.0, 0.0, 0.0, 0.0, 0.0, 0.0, 0.0, 0.0, 0.0, 0.0, 0.0, 0.0, 0.0, 0.0, 0.0, 0.0, 0.0, 1.0], "bins": [-0.017149100080132484, -0.016654973849654198, -0.01616084761917591, -0.015666721388697624, -0.015172595158219337, -0.01467846892774105, -0.014184343628585339, -0.013690217398107052, -0.013196091167628765, -0.012701964937150478, -0.012207838706672192, -0.011713712476193905, -0.011219587177038193, -0.010725460946559906, -0.01023133471608162, -0.009737208485603333, -0.009243082255125046, -0.008748956024646759, -0.008254829794168472, -0.007760704029351473, -0.007266577798873186, -0.006772451568394899, -0.0062783258035779, -0.005784199573099613, -0.0052900733426213264, -0.00479594711214304, -0.004301820881664753, -0.0038076951168477535, -0.0033135688863694668, -0.00281944265589118, -0.002325316658243537, -0.0018311906605958939, -0.0013370625674724579, -0.000842936453409493, -0.00034881033934652805, 0.00014531577471643686, 0.0006394418887794018, 0.0011335681192576885, 0.0016276941169053316, 0.0021218201145529747, 0.0026159463450312614, 0.003110072575509548, 0.0036041985731571913, 0.004098324570804834, 0.004592450801283121, 0.005086577031761408, 0.005580702796578407, 0.006074829027056694, 0.006568955257534981, 0.0070630814880132675, 0.007557207718491554, 0.008051333948969841, 0.008545460179448128, 0.009039586409926414, 0.009533711709082127, 0.010027837939560413, 0.0105219641700387, 0.011016090400516987, 0.011510216630995274, 0.01200434286147356, 0.012498468160629272, 0.01299259439110756, 0.013486720621585846, 0.013980846852064133, 0.01447497308254242]}, "gradients/graph_39fc2.weight": {"_type": "histogram", "values": [1.0, 2.0, 2.0, 2.0, 2.0, 2.0, 3.0, 7.0, 2.0, 6.0, 12.0, 13.0, 19.0, 13.0, 19.0, 34.0, 31.0, 32.0, 32.0, 51.0, 53.0, 53.0, 64.0, 74.0, 67.0, 69.0, 84.0, 96.0, 86.0, 91.0, 79.0, 81.0, 73.0, 77.0, 61.0, 57.0, 53.0, 54.0, 47.0, 35.0, 27.0, 21.0, 21.0, 20.0, 10.0, 15.0, 9.0, 13.0, 7.0, 3.0, 4.0, 2.0, 0.0, 2.0, 2.0, 0.0, 0.0, 1.0, 1.0, 0.0, 1.0, 0.0, 1.0, 1.0], "bins": [-0.03749506548047066, -0.03618549928069115, -0.034875936806201935, -0.033566370606422424, -0.032256804406642914, -0.030947241932153702, -0.02963767573237419, -0.02832811139523983, -0.02701854705810547, -0.025708982720971107, -0.024399418383836746, -0.023089852184057236, -0.021780287846922874, -0.020470723509788513, -0.019161157310009003, -0.01785159297287464, -0.01654202863574028, -0.015232464298605919, -0.013922899030148983, -0.012613333761692047, -0.011303769424557686, -0.009994205087423325, -0.008684639818966389, -0.007375074550509453, -0.0060655102133750916, -0.004755945410579443, -0.0034463806077837944, -0.002136815804988146, -0.0008272510021924973, 0.0004823138006031513, 0.0017918786033988, 0.0031014438718557358, 0.004411008208990097, 0.005720573011785746, 0.007030137814581394, 0.00833970308303833, 0.009649267420172691, 0.010958831757307053, 0.012268397025763988, 0.013577962294220924, 0.014887526631355286, 0.016197090968489647, 0.017506655305624008, 0.01881622150540352, 0.02012578584253788, 0.02143535017967224, 0.02274491637945175, 0.024054480716586113, 0.025364045053720474, 0.026673609390854836, 0.027983173727989197, 0.029292739927768707, 0.03060230426490307, 0.03191186860203743, 0.03322143480181694, 0.03453099727630615, 0.03584056347608566, 0.03715012967586517, 0.038459692150354385, 0.039769258350133896, 0.04107882082462311, 0.04238838702440262, 0.04369795322418213, 0.04500751942396164, 0.04631708189845085]}, "gradients/graph_39spatial.1.weight": {"_type": "histogram", "values": [1.0, 0.0, 0.0, 0.0, 0.0, 0.0, 0.0, 0.0, 0.0, 0.0, 0.0, 0.0, 0.0, 0.0, 1.0, 0.0, 1.0, 0.0, 2.0, 0.0, 0.0, 0.0, 0.0, 0.0, 0.0, 0.0, 0.0, 0.0, 1.0, 1.0, 0.0, 1.0, 1.0, 2.0, 0.0, 0.0, 0.0, 0.0, 2.0, 0.0, 0.0, 1.0, 0.0, 0.0, 0.0, 1.0, 1.0, 0.0, 0.0, 0.0, 0.0, 0.0, 0.0, 0.0, 1.0, 1.0, 0.0, 0.0, 1.0, 0.0, 0.0, 0.0, 0.0, 1.0], "bins": [-0.018866531550884247, -0.01845439337193966, -0.01804225519299507, -0.017630115151405334, -0.017217976972460747, -0.01680583879351616, -0.01639370061457157, -0.015981562435626984, -0.015569424256682396, -0.015157286077737808, -0.014745146967470646, -0.014333008788526058, -0.01392087060958147, -0.013508731499314308, -0.01309659332036972, -0.012684455141425133, -0.01227231603115797, -0.011860177852213383, -0.01144803874194622, -0.011035900563001633, -0.010623762384057045, -0.010211624205112457, -0.009799485094845295, -0.009387346915900707, -0.008975207805633545, -0.008563069626688957, -0.008150930516421795, -0.007738792337477207, -0.0073266541585326195, -0.0069145155139267445, -0.0065023768693208694, -0.006090238690376282, -0.005678099580109119, -0.005265960935503244, -0.004853822756558657, -0.004441684111952782, -0.004029545933008194, -0.003617407288402319, -0.003205268643796444, -0.0027931302320212126, -0.0023809922859072685, -0.001968853874132037, -0.001556715345941484, -0.0011445768177509308, -0.0007324384059756994, -0.00032029999420046806, 9.183865040540695e-05, 0.0005039770621806383, 0.000916115939617157, 0.0013282543513923883, 0.0017403928795829415, 0.0021525314077734947, 0.002564669819548726, 0.0029768082313239574, 0.0033889468759298325, 0.003801085287705064, 0.004213223699480295, 0.00462536234408617, 0.005037500523030758, 0.005449639167636633, 0.005861777812242508, 0.006273915991187096, 0.006686054635792971, 0.007098193280398846, 0.007510331459343433]}, "gradients/graph_39spatial.1.bias": {"_type": "histogram", "values": [1.0, 0.0, 0.0, 0.0, 0.0, 0.0, 0.0, 0.0, 0.0, 1.0, 0.0, 0.0, 0.0, 0.0, 2.0, 1.0, 1.0, 0.0, 0.0, 0.0, 3.0, 0.0, 1.0, 0.0, 0.0, 0.0, 0.0, 0.0, 0.0, 0.0, 0.0, 1.0, 0.0, 0.0, 0.0, 0.0, 1.0, 1.0, 2.0, 0.0, 1.0, 1.0, 0.0, 0.0, 0.0, 1.0, 0.0, 0.0, 0.0, 0.0, 0.0, 1.0, 0.0, 0.0, 0.0, 0.0, 0.0, 0.0, 0.0, 0.0, 0.0, 0.0, 0.0, 1.0], "bins": [-0.0573086254298687, -0.0554337240755558, -0.053558822721242905, -0.05168392136693001, -0.04980902001261711, -0.047934118658304214, -0.04605921730399132, -0.04418431594967842, -0.042309414595365524, -0.04043451324105263, -0.03855961188673973, -0.036684710532426834, -0.03480980917811394, -0.03293490782380104, -0.031060006469488144, -0.029185105115175247, -0.02731020376086235, -0.025435302406549454, -0.023560401052236557, -0.02168549969792366, -0.019810598343610764, -0.017935696989297867, -0.01606079563498497, -0.014185894280672073, -0.012310992926359177, -0.01043609157204628, -0.008561190217733383, -0.0066862888634204865, -0.00481138750910759, -0.002936486154794693, -0.0010615848004817963, 0.0008133165538311005, 0.0026882216334342957, 0.004563122987747192, 0.006438024342060089, 0.008312925696372986, 0.010187827050685883, 0.01206272840499878, 0.013937629759311676, 0.015812531113624573, 0.01768743246793747, 0.019562333822250366, 0.021437235176563263, 0.02331213653087616, 0.025187037885189056, 0.027061939239501953, 0.02893684059381485, 0.030811741948127747, 0.03268664330244064, 0.03456154465675354, 0.03643644601106644, 0.038311347365379333, 0.04018624871969223, 0.04206115007400513, 0.043936051428318024, 0.04581095278263092, 0.04768585413694382, 0.049560755491256714, 0.05143565684556961, 0.05331055819988251, 0.055185459554195404, 0.0570603609085083, 0.0589352622628212, 0.060810163617134094, 0.06268506497144699]}, "gradients/graph_39spatial.0.weight": {"_type": "histogram",