{"batch loss": 0.6309227347373962, "_timestamp": 1651761648, "_runtime": 716, "_step": 649, "epoch": 24, "train/train_loss": 0.6780052423477173, "train/train_acc": 0.7111357868020305, "train/train_f1": 0.7111580469063251, "val/val_loss": 0.8800734480222067, "val/vaL_acc": 0.5911680911680912, "val/val_f1": 0.587487721648717, "gradients/graph_1fc2.bias": {"_type": "histogram", "values": [1.0, 0.0, 0.0, 0.0, 0.0, 0.0, 0.0, 0.0, 0.0, 0.0, 0.0, 0.0, 0.0, 0.0, 0.0, 0.0, 0.0, 0.0, 0.0, 0.0, 0.0, 0.0, 0.0, 0.0, 0.0, 0.0, 0.0, 0.0, 0.0, 0.0, 0.0, 0.0, 0.0, 0.0, 0.0, 0.0, 0.0, 0.0, 0.0, 0.0, 0.0, 0.0, 1.0, 0.0, 0.0, 0.0, 0.0, 0.0, 0.0, 0.0, 0.0, 0.0, 0.0, 0.0, 0.0, 0.0, 0.0, 0.0, 0.0, 0.0, 0.0, 0.0, 0.0, 1.0], "bins": [-0.07364825159311295, -0.07158029824495316, -0.06951235234737396, -0.06744439899921417, -0.06537645310163498, -0.06330849975347519, -0.061240553855895996, -0.059172600507736206, -0.05710465461015701, -0.05503670498728752, -0.05296875536441803, -0.05090080574154854, -0.04883285611867905, -0.046764906495809555, -0.044696956872940063, -0.04262900352478027, -0.04056105390191078, -0.03849310427904129, -0.0364251546561718, -0.03435720503330231, -0.032289255410432816, -0.030221305787563324, -0.028153354302048683, -0.02608540467917919, -0.02401745319366455, -0.02194950357079506, -0.019881553947925568, -0.017813604325056076, -0.015745654702186584, -0.013677704147994518, -0.011609753593802452, -0.00954180397093296, -0.007473859935998917, -0.005405910313129425, -0.003337960224598646, -0.0012700101360678673, 0.0007979394868016243, 0.002865889109671116, 0.004933839663863182, 0.007001789286732674, 0.009069737046957016, 0.011137686669826508, 0.013205636292696, 0.015273586846888065, 0.017341535538434982, 0.019409485161304474, 0.021477436646819115, 0.023545386269688606, 0.025613337755203247, 0.02768128737807274, 0.02974923700094223, 0.03181718662381172, 0.03388513624668121, 0.035953085869550705, 0.0380210354924202, 0.04008898884057999, 0.04215693473815918, 0.04422488436102867, 0.04629283398389816, 0.048360783606767654, 0.050428733229637146, 0.05249668285250664, 0.05456463247537613, 0.05663258582353592, 0.05870053544640541]}, "gradients/graph_1fc2.weight": {"_type": "histogram", "values": [1.0, 0.0, 1.0, 0.0, 1.0, 4.0, 4.0, 1.0, 3.0, 1.0, 1.0, 5.0, 1.0, 8.0, 4.0, 6.0, 2.0, 4.0, 5.0, 6.0, 18.0, 16.0, 18.0, 7.0, 9.0, 14.0, 10.0, 9.0, 11.0, 7.0, 17.0, 15.0, 8.0, 13.0, 10.0, 14.0, 12.0, 11.0, 11.0, 11.0, 16.0, 9.0, 7.0, 18.0, 12.0, 15.0, 19.0, 24.0, 24.0, 17.0, 15.0, 14.0, 11.0, 10.0, 8.0, 7.0, 5.0, 4.0, 2.0, 1.0, 0.0, 2.0, 0.0, 1.0], "bins": [-0.048264674842357635, -0.04692938178777695, -0.04559409245848656, -0.04425879940390587, -0.04292350634932518, -0.04158821329474449, -0.0402529239654541, -0.03891763091087341, -0.037582337856292725, -0.036247044801712036, -0.034911755472421646, -0.03357646241784096, -0.03224116936326027, -0.03090587817132473, -0.02957058697938919, -0.028235293924808502, -0.026900002732872963, -0.025564711540937424, -0.024229418486356735, -0.022894127294421196, -0.021558834239840508, -0.020223543047904968, -0.01888824999332428, -0.01755295880138874, -0.0162176676094532, -0.014882375486195087, -0.013547083362936974, -0.012211792171001434, -0.010876499116420746, -0.009541207924485207, -0.008205915801227093, -0.006870623677968979, -0.00553533062338829, -0.0042000385001301765, -0.0028647466097027063, -0.0015294547192752361, -0.00019416259601712227, 0.0011411295272409916, 0.002476421184837818, 0.003811713308095932, 0.0051470063626766205, 0.006482298485934734, 0.007817590609192848, 0.009152881801128387, 0.010488174855709076, 0.011823466047644615, 0.013158758170902729, 0.014494050294160843, 0.015829341486096382, 0.01716463267803192, 0.01849992573261261, 0.01983521692454815, 0.021170509979128838, 0.022505801171064377, 0.023841094225645065, 0.025176385417580605, 0.026511676609516144, 0.027846967801451683, 0.02918226085603237, 0.03051755204796791, 0.0318528451025486, 0.03318813815712929, 0.03452342748641968, 0.035858720541000366, 0.037194013595581055]}, "gradients/graph_1spatial.1.weight": {"_type": "histogram", "values": [1.0, 1.0, 0.0, 0.0, 0.0, 0.0, 0.0, 0.0, 1.0, 0.0, 0.0, 0.0, 0.0, 0.0, 0.0, 2.0, 1.0, 0.0, 0.0, 0.0, 0.0, 0.0, 0.0, 0.0, 0.0, 0.0, 0.0, 0.0, 0.0, 0.0, 1.0, 0.0, 0.0, 1.0, 1.0, 0.0, 0.0, 0.0, 0.0, 2.0, 1.0, 0.0, 0.0, 1.0, 0.0, 0.0, 0.0, 0.0, 0.0, 1.0, 0.0, 0.0, 1.0, 0.0, 0.0, 0.0, 1.0, 0.0, 0.0, 0.0, 1.0, 1.0, 1.0, 1.0], "bins": [-0.14569495618343353, -0.14171670377254486, -0.13773846626281738, -0.1337602138519287, -0.12978196144104004, -0.12580370903015137, -0.12182547152042389, -0.11784721910953522, -0.11386897414922714, -0.10989072918891907, -0.1059124767780304, -0.10193423181772232, -0.09795598685741425, -0.09397773444652557, -0.0899994894862175, -0.08602124452590942, -0.08204299211502075, -0.07806474715471268, -0.074086494743824, -0.07010824978351593, -0.06612999737262726, -0.06215175241231918, -0.05817350745201111, -0.054195258766412735, -0.05021701008081436, -0.04623876139521599, -0.042260512709617615, -0.03828226774930954, -0.034304019063711166, -0.030325770378112793, -0.02634752355515957, -0.022369276732206345, -0.01839102804660797, -0.014412780292332172, -0.010434532538056374, -0.006456284783780575, -0.002478037029504776, 0.0015002116560935974, 0.005478458479046822, 0.009456705302000046, 0.01343495398759842, 0.017413202673196793, 0.021391449496150017, 0.02536969631910324, 0.029347945004701614, 0.03332619369029999, 0.03730443865060806, 0.041282687336206436, 0.04526093602180481, 0.04923918470740318, 0.053217433393001556, 0.05719567835330963, 0.061173927038908005, 0.06515217572450638, 0.06913042068481445, 0.07310867309570312, 0.0770869180560112, 0.08106516301631927, 0.08504341542720795, 0.08902166038751602, 0.0929999053478241, 0.09697815775871277, 0.10095640271902084, 0.10493464767932892, 0.10891290009021759]}, "gradients/graph_1spatial.1.bias": {"_type": "histogram", "values": [1.0, 0.0, 1.0, 0.0, 0.0, 0.0, 0.0, 0.0, 0.0, 1.0, 0.0, 0.0, 0.0, 0.0, 0.0, 0.0, 0.0, 1.0, 0.0, 2.0, 0.0, 0.0, 0.0, 0.0, 1.0, 0.0, 1.0, 0.0, 0.0, 0.0, 0.0, 2.0, 0.0, 0.0, 0.0, 0.0, 0.0, 1.0, 0.0, 0.0, 2.0, 0.0, 0.0, 0.0, 0.0, 0.0, 1.0, 0.0, 0.0, 0.0, 1.0, 0.0, 0.0, 1.0, 0.0, 0.0, 1.0, 1.0, 0.0, 0.0, 0.0, 0.0, 1.0, 1.0], "bins": [-0.20687806606292725, -0.20080634951591492, -0.1947346180677414, -0.18866290152072906, -0.18259118497371674, -0.1765194535255432, -0.17044773697853088, -0.16437602043151855, -0.15830430388450623, -0.1522325873374939, -0.14616085588932037, -0.14008913934230804, -0.13401742279529572, -0.1279456913471222, -0.12187397480010986, -0.11580225825309753, -0.10973052680492401, -0.10365880280733109, -0.09758708626031876, -0.09151536226272583, -0.0854436457157135, -0.07937192171812057, -0.07330019772052765, -0.06722848117351532, -0.0611567497253418, -0.05508502945303917, -0.04901330918073654, -0.042941585183143616, -0.03686986491084099, -0.03079814463853836, -0.024726420640945435, -0.018654700368642807, -0.01258300244808197, -0.006511281244456768, -0.00043956004083156586, 0.005632162094116211, 0.011703882366418839, 0.017775602638721466, 0.023847326636314392, 0.02991904690861702, 0.03599075973033905, 0.04206248000264168, 0.048134200274944305, 0.05420592427253723, 0.06027764454483986, 0.06634936481714249, 0.07242108881473541, 0.07849280536174774, 0.08456453680992126, 0.09063626080751419, 0.09670797735452652, 0.10277970135211945, 0.10885141789913177, 0.1149231418967247, 0.12099486589431763, 0.12706658244132996, 0.13313829898834229, 0.13921001553535461, 0.14528174698352814, 0.15135346353054047, 0.1574251800775528, 0.16349691152572632, 0.16956862807273865, 0.17564034461975098, 0.1817120760679245]}, "gradients/graph_1spatial.0.weight": {"_type": "histogram",