{"batch loss": 0.7158013582229614, "_timestamp": 1651855115, "_runtime": 859, "_step": 689, "epoch": 29, "train/train_loss": 0.7004617046226155, "train/train_acc": 0.7091977235175326, "train/train_f1": 0.706837919239756, "val/val_loss": 1.038826082433973, "val/vaL_acc": 0.5413726747915331, "val/val_f1": 0.5224104703513691, "gradients/graph_15fc2.bias": {"_type": "histogram", "values": [1.0, 1.0, 0.0, 0.0, 0.0, 0.0, 0.0, 0.0, 0.0, 0.0, 0.0, 0.0, 0.0, 0.0, 0.0, 0.0, 0.0, 0.0, 0.0, 0.0, 0.0, 0.0, 0.0, 0.0, 0.0, 0.0, 0.0, 0.0, 0.0, 0.0, 0.0, 0.0, 0.0, 0.0, 0.0, 0.0, 0.0, 0.0, 0.0, 0.0, 0.0, 0.0, 0.0, 0.0, 0.0, 0.0, 0.0, 0.0, 0.0, 0.0, 0.0, 0.0, 0.0, 0.0, 0.0, 0.0, 0.0, 0.0, 0.0, 0.0, 0.0, 0.0, 0.0, 1.0], "bins": [-0.029837584123015404, -0.028474336490035057, -0.02711108699440956, -0.025747839361429214, -0.024384591728448868, -0.023021342232823372, -0.021658094599843025, -0.02029484510421753, -0.018931597471237183, -0.017568349838256836, -0.01620510034263134, -0.014841852709650993, -0.013478604145348072, -0.01211535558104515, -0.010752107948064804, -0.009388859383761883, -0.008025610819458961, -0.00666236225515604, -0.005299114156514406, -0.003935866057872772, -0.002572617493569851, -0.0012093689292669296, 0.00015387870371341705, 0.0015171272680163383, 0.0028803739696741104, 0.004243622533977032, 0.005606870632618666, 0.0069701187312603, 0.008333367295563221, 0.009696615859866142, 0.011059863492846489, 0.01242311205714941, 0.01378636434674263, 0.015149612911045551, 0.016512861475348473, 0.01787610910832882, 0.019239358603954315, 0.020602606236934662, 0.02196585386991501, 0.023329101502895355, 0.024692352861166, 0.026055600494146347, 0.027418849989771843, 0.02878209762275219, 0.030145347118377686, 0.03150859475135803, 0.03287184238433838, 0.034235090017318726, 0.03559833765029907, 0.03696158528327942, 0.038324832916259766, 0.03968808054924011, 0.04105133190751076, 0.042414579540491104, 0.04377782717347145, 0.0451410748064518, 0.04650432616472244, 0.04786757379770279, 0.049230821430683136, 0.05059406906366348, 0.05195732042193413, 0.053320568054914474, 0.05468381568789482, 0.05604706332087517, 0.057410310953855515]}, "gradients/graph_15fc2.weight": {"_type": "histogram", "values": [1.0, 0.0, 0.0, 2.0, 1.0, 2.0, 2.0, 3.0, 2.0, 1.0, 8.0, 5.0, 4.0, 8.0, 9.0, 6.0, 13.0, 17.0, 17.0, 21.0, 23.0, 26.0, 37.0, 33.0, 40.0, 27.0, 29.0, 37.0, 43.0, 43.0, 37.0, 35.0, 33.0, 45.0, 42.0, 35.0, 24.0, 33.0, 26.0, 29.0, 25.0, 30.0, 23.0, 24.0, 18.0, 22.0, 13.0, 13.0, 13.0, 16.0, 10.0, 8.0, 15.0, 9.0, 9.0, 5.0, 4.0, 6.0, 4.0, 3.0, 4.0, 3.0, 1.0, 3.0], "bins": [-0.03034418448805809, -0.029422327876091003, -0.028500469401478767, -0.02757861278951168, -0.026656754314899445, -0.025734897702932358, -0.024813039228320122, -0.023891182616353035, -0.0229693241417408, -0.022047467529773712, -0.021125609055161476, -0.02020375244319439, -0.019281893968582153, -0.018360037356615067, -0.01743817888200283, -0.016516322270035744, -0.015594464726746082, -0.014672607183456421, -0.01375074964016676, -0.012828892096877098, -0.011907034553587437, -0.010985177010297775, -0.010063320398330688, -0.009141461923718452, -0.008219605311751366, -0.007297747768461704, -0.006375890225172043, -0.0054540326818823814, -0.00453217513859272, -0.003610318060964346, -0.0026884605176746845, -0.0017666029743850231, -0.0008447449654340744, 7.711251964792609e-05, 0.0009989700047299266, 0.0019208274316042662, 0.0028426849748939276, 0.0037645422853529453, 0.004686399828642607, 0.005608257371932268, 0.006530115380883217, 0.007451972924172878, 0.00837383046746254, 0.009295688010752201, 0.010217545554041862, 0.01113940216600895, 0.012061260640621185, 0.012983117252588272, 0.013904974795877934, 0.014826832339167595, 0.01574868895113468, 0.016670547425746918, 0.017592404037714005, 0.01851426251232624, 0.019436119124293327, 0.020357977598905563, 0.02127983421087265, 0.022201690822839737, 0.023123549297451973, 0.02404540590941906, 0.024967264384031296, 0.025889120995998383, 0.02681097947061062, 0.027732836082577705, 0.02865469455718994]}, "gradients/graph_15spatial.1.weight": {"_type": "histogram", "values": [1.0, 0.0, 0.0, 0.0, 0.0, 0.0, 0.0, 0.0, 0.0, 0.0, 0.0, 1.0, 0.0, 0.0, 0.0, 0.0, 0.0, 0.0, 1.0, 0.0, 0.0, 0.0, 1.0, 0.0, 0.0, 1.0, 0.0, 0.0, 0.0, 0.0, 1.0, 0.0, 0.0, 1.0, 0.0, 0.0, 1.0, 0.0, 0.0, 0.0, 0.0, 1.0, 0.0, 2.0, 0.0, 1.0, 0.0, 3.0, 0.0, 0.0, 0.0, 0.0, 0.0, 1.0, 0.0, 0.0, 1.0, 0.0, 1.0, 0.0, 1.0, 0.0, 0.0, 1.0], "bins": [-0.05849949270486832, -0.05713339522480965, -0.05576729774475098, -0.054401200264692307, -0.053035102784633636, -0.051669005304574966, -0.050302907824516296, -0.048936810344457626, -0.047570712864398956, -0.046204615384340286, -0.044838517904281616, -0.043472420424222946, -0.042106322944164276, -0.040740225464105606, -0.039374127984046936, -0.038008030503988266, -0.036641933023929596, -0.035275835543870926, -0.033909738063812256, -0.032543640583753586, -0.031177543103694916, -0.029811445623636246, -0.028445348143577576, -0.027079250663518906, -0.025713156908750534, -0.024347059428691864, -0.022980961948633194, -0.021614864468574524, -0.020248766988515854, -0.018882669508457184, -0.017516572028398514, -0.016150474548339844, -0.014784375205636024, -0.013418277725577354, -0.012052180245518684, -0.010686082765460014, -0.009319985285401344, -0.007953887805342674, -0.006587791256606579, -0.005221693776547909, -0.003855595365166664, -0.002489497885107994, -0.0011234006378799677, 0.0002426966093480587, 0.0016087940894067287, 0.002974891569465399, 0.0043409885838627815, 0.005707086063921452, 0.007073182612657547, 0.008439280092716217, 0.009805377572774887, 0.011171475052833557, 0.012537572532892227, 0.013903670012950897, 0.015269766561686993, 0.016635864973068237, 0.018001962453126907, 0.019368059933185577, 0.020734157413244247, 0.022100254893302917, 0.023466352373361588, 0.024832449853420258, 0.026198547333478928, 0.027564644813537598, 0.02893074043095112]}, "gradients/graph_15spatial.1.bias": {"_type": "histogram", "values": [1.0, 0.0, 0.0, 0.0, 0.0, 0.0, 0.0, 0.0, 0.0, 0.0, 0.0, 1.0, 0.0, 0.0, 2.0, 0.0, 1.0, 0.0, 0.0, 0.0, 0.0, 0.0, 0.0, 0.0, 0.0, 0.0, 1.0, 0.0, 0.0, 0.0, 0.0, 0.0, 0.0, 1.0, 1.0, 0.0, 0.0, 0.0, 0.0, 1.0, 1.0, 0.0, 0.0, 0.0, 0.0, 0.0, 0.0, 1.0, 1.0, 0.0, 0.0, 1.0, 0.0, 0.0, 1.0, 2.0, 1.0, 1.0, 0.0, 1.0, 0.0, 0.0, 0.0, 1.0], "bins": [-0.1441948413848877, -0.14029096066951752, -0.13638706505298615, -0.13248318433761597, -0.1285793036222458, -0.12467541545629501, -0.12077152729034424, -0.11686764657497406, -0.11296376585960388, -0.1090598776936531, -0.10515599697828293, -0.10125210881233215, -0.09734822809696198, -0.0934443399310112, -0.08954045176506042, -0.08563657104969025, -0.08173268288373947, -0.0778287947177887, -0.07392491400241852, -0.07002102583646774, -0.06611714512109756, -0.06221325695514679, -0.05830937251448631, -0.054405488073825836, -0.05050159990787506, -0.046597715467214584, -0.04269383102655411, -0.03878994286060333, -0.034886062145233154, -0.03098217584192753, -0.027078289538621902, -0.023174405097961426, -0.019270524382591248, -0.015366639941930771, -0.01146275456994772, -0.007558869197964668, -0.0036549847573041916, 0.0002488996833562851, 0.004152785986661911, 0.008056670427322388, 0.011960551142692566, 0.015864435583353043, 0.01976832002401352, 0.023672206327319145, 0.027576090767979622, 0.03147997707128525, 0.035383861511945724, 0.0392877459526062, 0.043191634118556976, 0.04709551855921745, 0.05099940299987793, 0.054903291165828705, 0.05880717188119888, 0.06271106004714966, 0.06661494076251984, 0.07051882892847061, 0.07442271709442139, 0.07832660526037216, 0.08223048597574234, 0.08613437414169312, 0.0900382548570633, 0.09394214302301407, 0.09784603118896484, 0.10174991190433502, 0.1056537926197052]}, "gradients/graph_15spatial.0.weight": {"_type": "histogram",