{"batch loss": 0.6021517515182495, "_timestamp": 1651816475, "_runtime": 974, "_step": 649, "epoch": 24, "train/train_loss": 0.6413044667243958, "train/train_acc": 0.7488895939086294, "train/train_f1": 0.7489180582631881, "val/val_loss": 0.8639416098594666, "val/vaL_acc": 0.6111111111111112, "val/val_f1": 0.6121057514871592, "gradients/graph_58fc2.bias": {"_type": "histogram", "values": [1.0, 1.0, 0.0, 0.0, 0.0, 0.0, 0.0, 0.0, 0.0, 0.0, 0.0, 0.0, 0.0, 0.0, 0.0, 0.0, 0.0, 0.0, 0.0, 0.0, 0.0, 0.0, 0.0, 0.0, 0.0, 0.0, 0.0, 0.0, 0.0, 0.0, 0.0, 0.0, 0.0, 0.0, 0.0, 0.0, 0.0, 0.0, 0.0, 0.0, 0.0, 0.0, 0.0, 0.0, 0.0, 0.0, 0.0, 0.0, 0.0, 0.0, 0.0, 0.0, 0.0, 0.0, 0.0, 0.0, 0.0, 0.0, 0.0, 0.0, 0.0, 0.0, 0.0, 1.0], "bins": [-0.011264723725616932, -0.01075141690671444, -0.010238110087811947, -0.009724803268909454, -0.009211496450006962, -0.00869818963110447, -0.008184882812201977, -0.007671575993299484, -0.007158269174396992, -0.006644962355494499, -0.006131655536592007, -0.005618348717689514, -0.005105041898787022, -0.004591735079884529, -0.004078428260982037, -0.003565121442079544, -0.0030518146231770515, -0.002538507804274559, -0.0020252009853720665, -0.001511894166469574, -0.0009985873475670815, -0.00048528052866458893, 2.8026290237903595e-05, 0.0005413331091403961, 0.0010546399280428886, 0.0015679467469453812, 0.0020812535658478737, 0.002594560384750366, 0.0031078672036528587, 0.0036211740225553513, 0.004134480841457844, 0.004647787660360336, 0.005161093547940254, 0.005674400366842747, 0.006187707185745239, 0.006701014004647732, 0.007214320823550224, 0.007727627642452717, 0.00824093446135521, 0.008754241280257702, 0.009267548099160194, 0.009780854918062687, 0.01029416173696518, 0.010807468555867672, 0.011320775374770164, 0.011834082193672657, 0.01234738901257515, 0.012860695831477642, 0.013374002650380135, 0.013887309469282627, 0.01440061628818512, 0.014913923107087612, 0.015427229925990105, 0.015940535813570023, 0.01645384356379509, 0.016967151314020157, 0.017480457201600075, 0.017993763089179993, 0.01850707083940506, 0.019020378589630127, 0.019533684477210045, 0.020046990364789963, 0.02056029811501503, 0.021073605865240097, 0.021586911752820015]}, "gradients/graph_58fc2.weight": {"_type": "histogram", "values": [1.0, 0.0, 0.0, 0.0, 0.0, 1.0, 0.0, 1.0, 3.0, 2.0, 2.0, 4.0, 4.0, 12.0, 16.0, 16.0, 12.0, 20.0, 20.0, 34.0, 30.0, 36.0, 43.0, 47.0, 51.0, 43.0, 55.0, 48.0, 46.0, 72.0, 78.0, 53.0, 69.0, 74.0, 64.0, 78.0, 63.0, 53.0, 70.0, 61.0, 51.0, 59.0, 49.0, 40.0, 27.0, 21.0, 27.0, 13.0, 10.0, 13.0, 6.0, 4.0, 2.0, 6.0, 2.0, 2.0, 1.0, 1.0, 0.0, 0.0, 1.0, 2.0, 0.0, 1.0], "bins": [-0.043430741876363754, -0.04209187999367714, -0.040753014385700226, -0.03941415250301361, -0.038075290620326996, -0.03673642873764038, -0.035397566854953766, -0.03405870124697685, -0.03271983936429024, -0.03138097748160362, -0.030042113736271858, -0.028703249990940094, -0.02736438810825348, -0.026025526225566864, -0.0246866624802351, -0.023347798734903336, -0.02200893685221672, -0.020670074969530106, -0.01933121122419834, -0.017992347478866577, -0.016653485596179962, -0.015314622782170773, -0.013975759968161583, -0.012636897154152393, -0.011298034340143204, -0.009959171526134014, -0.008620308712124825, -0.007281445898115635, -0.005942583084106445, -0.004603720270097256, -0.003264857456088066, -0.0019259946420788765, -0.0005871318280696869, 0.0007517309859395027, 0.0020905937999486923, 0.003429456613957882, 0.0047683194279670715, 0.006107182241976261, 0.007446045055985451, 0.00878490786999464, 0.01012377068400383, 0.01146263349801302, 0.01280149631202221, 0.014140359126031399, 0.015479221940040588, 0.016818083822727203, 0.018156947568058968, 0.019495811313390732, 0.020834673196077347, 0.022173535078763962, 0.023512398824095726, 0.02485126256942749, 0.026190124452114105, 0.02752898633480072, 0.028867850080132484, 0.03020671382546425, 0.031545575708150864, 0.03288443759083748, 0.03422330319881439, 0.03556216508150101, 0.03690102696418762, 0.03823988884687424, 0.03957875072956085, 0.040917616337537766, 0.04225647822022438]}, "gradients/graph_58spatial.1.weight": {"_type": "histogram", "values": [1.0, 0.0, 0.0, 0.0, 0.0, 0.0, 0.0, 0.0, 0.0, 0.0, 0.0, 0.0, 0.0, 0.0, 1.0, 0.0, 0.0, 0.0, 0.0, 0.0, 1.0, 1.0, 0.0, 1.0, 1.0, 0.0, 0.0, 2.0, 1.0, 1.0, 0.0, 0.0, 2.0, 0.0, 1.0, 0.0, 2.0, 0.0, 1.0, 2.0, 0.0, 2.0, 0.0, 1.0, 1.0, 0.0, 2.0, 0.0, 1.0, 1.0, 1.0, 1.0, 0.0, 1.0, 0.0, 0.0, 0.0, 0.0, 0.0, 0.0, 0.0, 0.0, 0.0, 1.0], "bins": [-0.05113068222999573, -0.04986700415611267, -0.048603326082229614, -0.04733964800834656, -0.0460759699344635, -0.044812291860580444, -0.04354861378669739, -0.04228493571281433, -0.041021257638931274, -0.03975757956504822, -0.03849390149116516, -0.037230223417282104, -0.03596654534339905, -0.03470286726951599, -0.033439189195632935, -0.03217551112174988, -0.03091183677315712, -0.029648158699274063, -0.028384480625391006, -0.02712080255150795, -0.025857124477624893, -0.024593446403741837, -0.02332977019250393, -0.022066092118620872, -0.020802414044737816, -0.01953873597085476, -0.018275057896971703, -0.017011379823088646, -0.01574770361185074, -0.014484024606645107, -0.013220347464084625, -0.011956669390201569, -0.010692989453673363, -0.009429311379790306, -0.00816563330590725, -0.006901956163346767, -0.005638278089463711, -0.004374600015580654, -0.003110922407358885, -0.0018472447991371155, -0.0005835667252540588, 0.0006801111157983541, 0.0019437889568507671, 0.00320746679790318, 0.004471144638955593, 0.00573482271283865, 0.006998500321060419, 0.008262177929282188, 0.009525856003165245, 0.010789534077048302, 0.012053212150931358, 0.01331688929349184, 0.014580567367374897, 0.01584424450993538, 0.017107922583818436, 0.018371600657701492, 0.01963527873158455, 0.020898956805467606, 0.022162634879350662, 0.02342631295323372, 0.024689991027116776, 0.025953669100999832, 0.02721734531223774, 0.028481023386120796, 0.029744701460003853]}, "gradients/graph_58spatial.1.bias": {"_type": "histogram", "values": [1.0, 0.0, 0.0, 0.0, 0.0, 0.0, 0.0, 0.0, 0.0, 0.0, 0.0, 2.0, 1.0, 2.0, 0.0, 0.0, 1.0, 0.0, 1.0, 0.0, 0.0, 0.0, 1.0, 0.0, 0.0, 2.0, 1.0, 1.0, 0.0, 0.0, 1.0, 1.0, 1.0, 0.0, 2.0, 0.0, 0.0, 0.0, 1.0, 1.0, 1.0, 0.0, 0.0, 0.0, 1.0, 2.0, 0.0, 0.0, 1.0, 0.0, 1.0, 0.0, 0.0, 0.0, 1.0, 1.0, 0.0, 1.0, 0.0, 0.0, 0.0, 0.0, 0.0, 1.0], "bins": [-0.03447083383798599, -0.03344383463263512, -0.03241683170199394, -0.031389832496643066, -0.030362829566001892, -0.029335830360651016, -0.02830882929265499, -0.027281828224658966, -0.02625482715666294, -0.025227826088666916, -0.02420082502067089, -0.023173823952674866, -0.02214682474732399, -0.021119821816682816, -0.02009282261133194, -0.019065821543335915, -0.01803882047533989, -0.017011819407343864, -0.01598481833934784, -0.014957818202674389, -0.013930817134678364, -0.012903816066682339, -0.011876815930008888, -0.010849814862012863, -0.009822813794016838, -0.008795812726020813, -0.007768812123686075, -0.006741811521351337, -0.005714810453355312, -0.004687809385359287, -0.0036608087830245495, -0.0026338081806898117, -0.0016068033874034882, -0.0005798025522381067, 0.0004471982829272747, 0.0014741991180926561, 0.0025011999532580376, 0.0035282010212540627, 0.0045552016235888, 0.005582202225923538, 0.006609203293919563, 0.007636204361915588, 0.008663205429911613, 0.009690205566585064, 0.010717206634581089, 0.011744207702577114, 0.012771207839250565, 0.01379820890724659, 0.014825209975242615, 0.01585221104323864, 0.016879212111234665, 0.01790621317923069, 0.018933214247226715, 0.01996021345257759, 0.020987214520573616, 0.02201421558856964, 0.023041216656565666, 0.02406821772456169, 0.025095218792557716, 0.02612221986055374, 0.027149219065904617, 0.02817622199654579, 0.029203221201896667, 0.030230222269892693, 0.03125722333788872]}, "gradients/graph_58spatial.0.weight": {"_type": "histogram",