{"batch loss": 0.5371844172477722, "_timestamp": 1651774433, "_runtime": 929, "_step": 649, "epoch": 24, "train/train_loss": 0.5569595682621002, "train/train_acc": 0.7971129441624365, "train/train_f1": 0.7966563754777987, "val/val_loss": 0.869941512743632, "val/vaL_acc": 0.613960113960114, "val/val_f1": 0.615290560341811, "gradients/graph_14fc2.bias": {"_type": "histogram", "values": [1.0, 0.0, 0.0, 0.0, 0.0, 0.0, 0.0, 0.0, 0.0, 0.0, 0.0, 0.0, 0.0, 0.0, 0.0, 0.0, 0.0, 0.0, 0.0, 0.0, 0.0, 0.0, 0.0, 0.0, 0.0, 0.0, 0.0, 0.0, 0.0, 0.0, 0.0, 0.0, 1.0, 0.0, 0.0, 0.0, 0.0, 0.0, 0.0, 0.0, 0.0, 0.0, 0.0, 0.0, 0.0, 0.0, 0.0, 0.0, 0.0, 0.0, 0.0, 0.0, 0.0, 0.0, 0.0, 0.0, 0.0, 0.0, 0.0, 0.0, 0.0, 0.0, 0.0, 1.0], "bins": [-0.03178147226572037, -0.030796954408288002, -0.029812436550855637, -0.028827916830778122, -0.027843398973345757, -0.02685888111591339, -0.025874361395835876, -0.02488984353840351, -0.023905325680971146, -0.02292080782353878, -0.021936289966106415, -0.0209517702460289, -0.019967252388596535, -0.01898273453116417, -0.017998214811086655, -0.01701369695365429, -0.016029179096221924, -0.015044661238789558, -0.014060142450034618, -0.013075623661279678, -0.012091105803847313, -0.011106587946414948, -0.010122069157660007, -0.009137550368905067, -0.008153032511472702, -0.007168514188379049, -0.006183995865285397, -0.005199477542191744, -0.004214959219098091, -0.0032304408960044384, -0.0022459225729107857, -0.001261404249817133, -0.0002768896520137787, 0.000707628671079874, 0.0016921469941735268, 0.0026766653172671795, 0.003661183640360832, 0.004645701963454485, 0.005630220286548138, 0.00661473860964179, 0.007599256932735443, 0.008583774790167809, 0.009568293578922749, 0.010552812367677689, 0.011537330225110054, 0.01252184808254242, 0.01350636687129736, 0.0144908856600523, 0.015475403517484665, 0.01645992137491703, 0.017444439232349396, 0.01842895895242691, 0.019413476809859276, 0.02039799466729164, 0.021382514387369156, 0.02236703224480152, 0.023351550102233887, 0.024336067959666252, 0.025320585817098618, 0.026305105537176132, 0.027289623394608498, 0.028274141252040863, 0.029258660972118378, 0.030243178829550743, 0.03122769668698311]}, "gradients/graph_14fc2.weight": {"_type": "histogram", "values": [2.0, 1.0, 0.0, 2.0, 0.0, 2.0, 2.0, 4.0, 5.0, 5.0, 5.0, 9.0, 11.0, 18.0, 21.0, 24.0, 25.0, 18.0, 32.0, 29.0, 28.0, 41.0, 39.0, 30.0, 47.0, 40.0, 38.0, 50.0, 53.0, 38.0, 50.0, 40.0, 52.0, 57.0, 49.0, 66.0, 52.0, 59.0, 66.0, 56.0, 51.0, 47.0, 36.0, 40.0, 34.0, 29.0, 26.0, 29.0, 15.0, 9.0, 17.0, 13.0, 7.0, 3.0, 2.0, 3.0, 1.0, 0.0, 1.0, 0.0, 0.0, 0.0, 0.0, 1.0], "bins": [-0.04210445284843445, -0.04079359024763107, -0.0394827276468277, -0.038171861320734024, -0.03686099871993065, -0.035550136119127274, -0.0342392697930336, -0.032928407192230225, -0.03161754459142685, -0.030306681990623474, -0.02899581752717495, -0.027684953063726425, -0.02637409046292305, -0.025063227862119675, -0.02375236339867115, -0.022441498935222626, -0.02113063633441925, -0.019819773733615875, -0.01850890927016735, -0.017198044806718826, -0.01588718220591545, -0.014576318673789501, -0.013265455141663551, -0.011954591609537601, -0.010643728077411652, -0.009332864545285702, -0.008022001013159752, -0.006711137481033802, -0.005400273948907852, -0.004089410416781902, -0.0027785468846559525, -0.0014676833525300026, -0.0001568235456943512, 0.0011540399864315987, 0.0024649035185575485, 0.0037757670506834984, 0.005086630582809448, 0.006397494114935398, 0.007708357647061348, 0.009019221179187298, 0.010330084711313248, 0.011640948243439198, 0.012951811775565147, 0.014262675307691097, 0.015573538839817047, 0.016884401440620422, 0.018195265904068947, 0.01950613036751747, 0.020816992968320847, 0.022127855569124222, 0.023438720032572746, 0.02474958449602127, 0.026060447096824646, 0.02737130969762802, 0.028682174161076546, 0.02999303862452507, 0.031303901225328445, 0.03261476382613182, 0.033925630152225494, 0.03523649275302887, 0.036547355353832245, 0.03785821795463562, 0.039169080555438995, 0.04047994688153267, 0.041790809482336044]}, "gradients/graph_14spatial.1.weight": {"_type": "histogram", "values": [2.0, 0.0, 0.0, 0.0, 1.0, 0.0, 0.0, 1.0, 2.0, 1.0, 1.0, 0.0, 0.0, 1.0, 0.0, 0.0, 1.0, 0.0, 0.0, 0.0, 0.0, 0.0, 0.0, 0.0, 1.0, 2.0, 1.0, 0.0, 0.0, 1.0, 0.0, 0.0, 2.0, 0.0, 0.0, 1.0, 0.0, 1.0, 0.0, 0.0, 0.0, 1.0, 0.0, 0.0, 0.0, 1.0, 1.0, 0.0, 0.0, 0.0, 1.0, 2.0, 0.0, 1.0, 0.0, 0.0, 1.0, 1.0, 0.0, 0.0, 0.0, 0.0, 1.0, 1.0], "bins": [-0.03945448622107506, -0.03832847997546196, -0.03720247372984886, -0.036076467484235764, -0.034950461238622665, -0.03382445499300957, -0.03269844874739647, -0.03157244250178337, -0.030446436256170273, -0.029320430010557175, -0.028194423764944077, -0.02706841751933098, -0.02594241127371788, -0.024816405028104782, -0.023690398782491684, -0.022564392536878586, -0.021438388153910637, -0.02031238190829754, -0.01918637566268444, -0.018060369417071342, -0.016934363171458244, -0.015808356925845146, -0.014682351611554623, -0.013556345365941525, -0.012430340051651001, -0.011304333806037903, -0.010178327560424805, -0.009052321314811707, -0.007926315069198608, -0.0068003092892467976, -0.005674303509294987, -0.004548297263681889, -0.003422290086746216, -0.0022962838411331177, -0.0011702778283506632, -4.4271815568208694e-05, 0.0010817344300448895, 0.0022077406756579876, 0.0033337464556097984, 0.004459752701222897, 0.005585759878158569, 0.0067117661237716675, 0.007837772369384766, 0.008963778614997864, 0.010089784860610962, 0.01121579110622406, 0.012341796420514584, 0.013467802666127682, 0.014593807980418205, 0.015719814226031303, 0.0168458204716444, 0.0179718267172575, 0.019097832962870598, 0.020223839208483696, 0.021349843591451645, 0.022475849837064743, 0.02360185608267784, 0.02472786232829094, 0.025853868573904037, 0.026979874819517136, 0.028105881065130234, 0.029231887310743332, 0.03035789355635643, 0.03148389980196953, 0.032609906047582626]}, "gradients/graph_14spatial.1.bias": {"_type": "histogram", "values": [1.0, 1.0, 0.0, 1.0, 0.0, 0.0, 0.0, 1.0, 0.0, 3.0, 0.0, 0.0, 1.0, 0.0, 0.0, 0.0, 0.0, 0.0, 0.0, 0.0, 1.0, 0.0, 0.0, 1.0, 0.0, 1.0, 0.0, 1.0, 0.0, 1.0, 0.0, 1.0, 1.0, 1.0, 0.0, 0.0, 1.0, 0.0, 1.0, 1.0, 0.0, 0.0, 1.0, 0.0, 1.0, 1.0, 2.0, 0.0, 0.0, 0.0, 1.0, 0.0, 1.0, 1.0, 0.0, 2.0, 0.0, 0.0, 0.0, 0.0, 0.0, 0.0, 0.0, 1.0], "bins": [-0.0560452938079834, -0.054297301918268204, -0.05254931002855301, -0.05080132186412811, -0.04905332997441292, -0.04730533808469772, -0.04555734619498253, -0.043809354305267334, -0.04206136614084244, -0.04031337425112724, -0.03856538236141205, -0.03681739419698715, -0.03506940230727196, -0.03332141041755676, -0.03157341852784157, -0.029825426638126373, -0.02807743474841118, -0.026329442858695984, -0.02458145283162594, -0.022833460941910744, -0.021085470914840698, -0.019337479025125504, -0.01758948713541031, -0.015841495245695114, -0.01409350335597992, -0.0123455123975873, -0.01059752143919468, -0.008849529549479485, -0.0071015385910868645, -0.005353547632694244, -0.0036055557429790497, -0.0018575647845864296, -0.00010957196354866028, 0.0016384192276746035, 0.003386410418897867, 0.005134401842951775, 0.006882392801344395, 0.008630383759737015, 0.01037837564945221, 0.01212636660784483, 0.0138743557035923, 0.01562234666198492, 0.01737033762037754, 0.019118329510092735, 0.02086631953716278, 0.022614311426877975, 0.02436230331659317, 0.026110295206308365, 0.02785828709602356, 0.029606278985738754, 0.03135427087545395, 0.033102259039878845, 0.03485025092959404, 0.036598242819309235, 0.03834623470902443, 0.040094226598739624, 0.04184221476316452, 0.043590206652879715, 0.04533819854259491, 0.047086186707019806, 0.048834178596735, 0.050582170486450195, 0.05233016237616539, 0.054078154265880585, 0.05582614615559578]}, "gradients/graph_14spatial.0.weight": {"_type": "histogram",