{"batch loss": 0.7579064965248108, "_timestamp": 1651843732, "_runtime": 574, "_step": 689, "epoch": 29, "train/train_loss": 0.8636835407127034, "train/train_acc": 0.6032678538645125, "train/train_f1": 0.6029308191744384, "val/val_loss": 1.0386164018086024, "val/vaL_acc": 0.5060936497754971, "val/val_f1": 0.5199521592238533, "gradients/fc2.bias": {"_type": "histogram", "values": [1.0, 0.0, 1.0, 0.0, 0.0, 0.0, 0.0, 0.0, 0.0, 0.0, 0.0, 0.0, 0.0, 0.0, 0.0, 0.0, 0.0, 0.0, 0.0, 0.0, 0.0, 0.0, 0.0, 0.0, 0.0, 0.0, 0.0, 0.0, 0.0, 0.0, 0.0, 0.0, 0.0, 0.0, 0.0, 0.0, 0.0, 0.0, 0.0, 0.0, 0.0, 0.0, 0.0, 0.0, 0.0, 0.0, 0.0, 0.0, 0.0, 0.0, 0.0, 0.0, 0.0, 0.0, 0.0, 0.0, 0.0, 0.0, 0.0, 0.0, 0.0, 0.0, 0.0, 1.0], "bins": [-0.050150539726018906, -0.04789288714528084, -0.04563523828983307, -0.043377585709095, -0.041119933128356934, -0.038862280547618866, -0.0366046316921711, -0.03434697911143303, -0.03208933025598526, -0.02983167953789234, -0.027574026957154274, -0.025316376239061356, -0.023058723658323288, -0.02080107294023037, -0.01854342222213745, -0.016285769641399384, -0.014028117060661316, -0.011770465411245823, -0.00951281376183033, -0.0072551630437374115, -0.0049975113943219185, -0.0027398597449064255, -0.0004822090268135071, 0.0017754435539245605, 0.00403309240937233, 0.006290744058787823, 0.008548395708203316, 0.010806046426296234, 0.013063698075711727, 0.01532134972512722, 0.01757900044322014, 0.019836653023958206, 0.022094301879405975, 0.024351952597498894, 0.02660960517823696, 0.02886725589632988, 0.031124908477067947, 0.03338255733251572, 0.035640209913253784, 0.03789786249399185, 0.04015551507472992, 0.04241316765546799, 0.044670816510915756, 0.046928469091653824, 0.04918612167239189, 0.05144377052783966, 0.05370142310857773, 0.055959075689315796, 0.058216724544763565, 0.06047437712550163, 0.0627320259809494, 0.06498967856168747, 0.06724733114242554, 0.0695049837231636, 0.07176263630390167, 0.07402028143405914, 0.07627793401479721, 0.07853558659553528, 0.08079323917627335, 0.08305089175701141, 0.08530853688716888, 0.08756618946790695, 0.08982384204864502, 0.09208149462938309, 0.09433914721012115]}, "gradients/fc2.weight": {"_type": "histogram", "values": [1.0, 1.0, 0.0, 0.0, 1.0, 0.0, 2.0, 2.0, 4.0, 2.0, 4.0, 5.0, 9.0, 3.0, 8.0, 7.0, 10.0, 15.0, 14.0, 21.0, 21.0, 23.0, 33.0, 25.0, 29.0, 32.0, 30.0, 38.0, 47.0, 46.0, 43.0, 36.0, 35.0, 31.0, 40.0, 30.0, 29.0, 26.0, 21.0, 28.0, 17.0, 20.0, 22.0, 17.0, 17.0, 12.0, 5.0, 13.0, 12.0, 12.0, 5.0, 5.0, 5.0, 5.0, 2.0, 1.0, 4.0, 0.0, 2.0, 0.0, 0.0, 0.0, 1.0, 1.0], "bins": [-0.031210875138640404, -0.030216490849852562, -0.02922210469841957, -0.02822772040963173, -0.027233336120843887, -0.026238951832056046, -0.025244567543268204, -0.024250181391835213, -0.02325579710304737, -0.02226141281425953, -0.021267026662826538, -0.020272642374038696, -0.019278258085250854, -0.018283873796463013, -0.01728948950767517, -0.01629510335624218, -0.015300719067454338, -0.014306334778666496, -0.01331194955855608, -0.012317564338445663, -0.011323180049657822, -0.01032879576086998, -0.009334410540759563, -0.008340025320649147, -0.007345641031861305, -0.006351256277412176, -0.005356871522963047, -0.004362486768513918, -0.003368102014064789, -0.0023737172596156597, -0.0013793325051665306, -0.0003849477507174015, 0.0006094351410865784, 0.0016038198955357075, 0.0025982046499848366, 0.0035925894044339657, 0.004586974158883095, 0.005581358913332224, 0.006575743667781353, 0.007570128422230482, 0.008564513176679611, 0.009558897465467453, 0.01055328268557787, 0.011547667905688286, 0.012542052194476128, 0.01353643648326397, 0.014530821703374386, 0.015525206923484802, 0.016519591212272644, 0.017513975501060486, 0.018508359789848328, 0.01950274594128132, 0.02049713023006916, 0.021491514518857002, 0.022485900670289993, 0.023480284959077835, 0.024474669247865677, 0.02546905353665352, 0.02646343782544136, 0.02745782397687435, 0.028452208265662193, 0.029446592554450035, 0.030440978705883026, 0.03143536299467087, 0.03242974728345871]}, "gradients/spatial.1.weight": {"_type": "histogram", "values": [1.0, 0.0, 0.0, 0.0, 0.0, 0.0, 0.0, 0.0, 0.0, 1.0, 0.0, 0.0, 0.0, 0.0, 0.0, 0.0, 0.0, 0.0, 0.0, 0.0, 0.0, 0.0, 0.0, 0.0, 0.0, 0.0, 0.0, 0.0, 1.0, 0.0, 0.0, 1.0, 0.0, 0.0, 0.0, 0.0, 0.0, 0.0, 0.0, 0.0, 1.0, 0.0, 0.0, 0.0, 0.0, 0.0, 0.0, 0.0, 0.0, 0.0, 1.0, 0.0, 0.0, 0.0, 0.0, 1.0, 1.0, 0.0, 1.0, 0.0, 0.0, 0.0, 0.0, 1.0], "bins": [-0.190615713596344, -0.18557997047901154, -0.18054422736167908, -0.17550848424434662, -0.17047274112701416, -0.1654369980096817, -0.16040125489234924, -0.15536552667617798, -0.15032976865768433, -0.14529402554035187, -0.1402582824230194, -0.13522253930568695, -0.1301867961883545, -0.12515105307102203, -0.12011531740427017, -0.11507957428693771, -0.11004383862018585, -0.1050080955028534, -0.09997235238552094, -0.09493660926818848, -0.08990086615085602, -0.08486512303352356, -0.0798293873667717, -0.07479364424943924, -0.06975790113210678, -0.06472215801477432, -0.059686414897441864, -0.054650675505399704, -0.049614932388067245, -0.04457918927073479, -0.03954344987869263, -0.03450770676136017, -0.02947196364402771, -0.02443622052669525, -0.019400479272007942, -0.014364737085998058, -0.009328994899988174, -0.004293251782655716, 0.0007424894720315933, 0.005778230726718903, 0.010813973844051361, 0.01584971696138382, 0.02088545821607113, 0.025921199470758438, 0.030956942588090897, 0.035992685705423355, 0.041028425097465515, 0.046064168214797974, 0.05109991133213043, 0.05613565444946289, 0.06117139756679535, 0.06620714068412781, 0.07124288380146027, 0.07627862691879272, 0.08131436258554459, 0.08635010570287704, 0.0913858488202095, 0.09642159193754196, 0.10145733505487442, 0.10649307817220688, 0.11152881383895874, 0.1165645569562912, 0.12160030007362366, 0.12663604319095612, 0.13167178630828857]}, "gradients/spatial.1.bias": {"_type": "histogram", "values": [1.0, 0.0, 0.0, 0.0, 0.0, 0.0, 0.0, 0.0, 0.0, 0.0, 0.0, 0.0, 1.0, 0.0, 0.0, 0.0, 0.0, 0.0, 0.0, 0.0, 0.0, 0.0, 0.0, 1.0, 0.0, 0.0, 0.0, 0.0, 0.0, 0.0, 0.0, 0.0, 0.0, 1.0, 0.0, 0.0, 0.0, 0.0, 0.0, 0.0, 0.0, 0.0, 0.0, 0.0, 1.0, 0.0, 0.0, 0.0, 0.0, 0.0, 0.0, 0.0, 1.0, 0.0, 0.0, 0.0, 2.0, 0.0, 1.0, 0.0, 0.0, 0.0, 0.0, 1.0], "bins": [-0.5291346907615662, -0.5152330994606018, -0.5013315081596375, -0.4874299168586731, -0.47352835536003113, -0.4596267640590668, -0.4457251727581024, -0.43182358145713806, -0.4179220199584961, -0.40402042865753174, -0.3901188373565674, -0.376217246055603, -0.36231568455696106, -0.3484140932559967, -0.33451250195503235, -0.320610910654068, -0.30670931935310364, -0.2928077280521393, -0.2789061367511749, -0.26500457525253296, -0.2511029839515686, -0.23720139265060425, -0.2232998013496399, -0.20939821004867554, -0.19549661874771118, -0.18159502744674683, -0.16769345104694366, -0.1537918597459793, -0.13989028334617615, -0.1259886920452118, -0.11208710074424744, -0.09818551689386368, -0.08428394794464111, -0.07038236409425735, -0.0564807765185833, -0.04257918894290924, -0.028677605092525482, -0.014776021242141724, -0.0008744299411773682, 0.01302715390920639, 0.026928722858428955, 0.040830306708812714, 0.05473189428448677, 0.06863348186016083, 0.08253506571054459, 0.09643664956092834, 0.1103382408618927, 0.12423982471227646, 0.1381414234638214, 0.15204301476478577, 0.16594459116458893, 0.17984618246555328, 0.19374775886535645, 0.2076493501663208, 0.22155094146728516, 0.2354525327682495, 0.24935410916805267, 0.26325568556785583, 0.2771572768688202, 0.29105886816978455, 0.3049604594707489, 0.31886202096939087, 0.3327636122703552, 0.3466652035713196, 0.36056679487228394]}, "gradients/spatial.0.weight": {"_type": "histogram", "values": [1.0, 0.0, 0.0, 0.0, 0.0, 0.0, 0.0, 0.0, 0.0, 1.0, 2.0, 0.0, 3.0, 4.0, 1.0, 3.0, 2.0, 8.0, 5.0, 10.0, 12.0, 13.0, 18.0, 29.0, 55.0, 71.0, 90.0, 95.0, 89.0, 62.0, 44.0, 41.0, 29.0, 29.0, 24.0, 12.0, 10.0, 4.0, 3.0, 4.0, 5.0, 3.0, 5.0, 4.0, 1.0, 1.0, 1.0, 0.0, 0.0, 1.0, 0.0, 1.0, 0.0, 0.0, 1.0, 0.0, 1.0, 0.0, 0.0, 1.0, 0.0, 0.0, 0.0, 1.0],