{"batch loss": 1.0081318616867065, "_timestamp": 1651854245, "_runtime": 513, "_step": 689, "epoch": 29, "train/train_loss": 0.8609378337860107, "train/train_acc": 0.6023499173857169, "train/train_f1": 0.5975974600276847, "val/val_loss": 0.9783154555729457, "val/vaL_acc": 0.5407312379730597, "val/val_f1": 0.5265346399036185, "gradients/graph_14fc2.bias": {"_type": "histogram", "values": [1.0, 0.0, 0.0, 0.0, 0.0, 0.0, 0.0, 0.0, 0.0, 0.0, 0.0, 0.0, 0.0, 0.0, 0.0, 0.0, 0.0, 0.0, 0.0, 0.0, 0.0, 0.0, 0.0, 0.0, 0.0, 1.0, 0.0, 0.0, 0.0, 0.0, 0.0, 0.0, 0.0, 0.0, 0.0, 0.0, 0.0, 0.0, 0.0, 0.0, 0.0, 0.0, 0.0, 0.0, 0.0, 0.0, 0.0, 0.0, 0.0, 0.0, 0.0, 0.0, 0.0, 0.0, 0.0, 0.0, 0.0, 0.0, 0.0, 0.0, 0.0, 0.0, 0.0, 1.0], "bins": [-0.06994897127151489, -0.06759309023618698, -0.06523720175027847, -0.06288132071495056, -0.06052543222904205, -0.05816955119371414, -0.05581366643309593, -0.05345778167247772, -0.05110189691185951, -0.0487460121512413, -0.04639012739062309, -0.04403424263000488, -0.04167836159467697, -0.03932247310876846, -0.03696659207344055, -0.03461070731282234, -0.03225482255220413, -0.029898937791585922, -0.027543053030967712, -0.025187170132994652, -0.022831285372376442, -0.020475400611758232, -0.01811951771378517, -0.01576363295316696, -0.013407748192548752, -0.011051863431930542, -0.008695979602634907, -0.006340095307677984, -0.003984211012721062, -0.0016283262521028519, 0.0007275575771927834, 0.0030834414064884186, 0.005439326167106628, 0.007795210462063551, 0.010151094757020473, 0.012506978586316109, 0.014862863346934319, 0.01721874810755253, 0.01957463100552559, 0.0219305157661438, 0.02428640052676201, 0.02664228528738022, 0.02899817004799843, 0.03135405480861664, 0.03370993584394455, 0.03606582432985306, 0.03842170536518097, 0.04077759012579918, 0.04313347488641739, 0.0454893596470356, 0.04784524440765381, 0.05020112916827202, 0.05255701392889023, 0.05491289496421814, 0.05726877972483635, 0.05962466448545456, 0.06198054924607277, 0.06433643400669098, 0.06669231504201889, 0.0690482035279274, 0.07140408456325531, 0.07375997304916382, 0.07611585408449173, 0.07847173511981964, 0.08082762360572815]}, "gradients/graph_14fc2.weight": {"_type": "histogram", "values": [1.0, 1.0, 0.0, 3.0, 3.0, 2.0, 3.0, 3.0, 8.0, 7.0, 4.0, 7.0, 3.0, 14.0, 6.0, 10.0, 11.0, 17.0, 14.0, 19.0, 17.0, 19.0, 18.0, 10.0, 21.0, 19.0, 26.0, 14.0, 15.0, 18.0, 8.0, 10.0, 12.0, 12.0, 15.0, 16.0, 13.0, 8.0, 10.0, 10.0, 17.0, 8.0, 8.0, 11.0, 12.0, 13.0, 13.0, 9.0, 15.0, 2.0, 6.0, 4.0, 2.0, 1.0, 3.0, 2.0, 3.0, 5.0, 3.0, 4.0, 1.0, 0.0, 0.0, 1.0], "bins": [-0.03639458864927292, -0.03517991304397583, -0.03396523743867874, -0.03275056555867195, -0.03153588995337486, -0.030321214348077774, -0.029106540605425835, -0.027891866862773895, -0.026677191257476807, -0.025462515652179718, -0.02424784190952778, -0.02303316816687584, -0.02181849256157875, -0.020603816956281662, -0.019389143213629723, -0.018174469470977783, -0.016959793865680695, -0.015745118260383606, -0.014530444517731667, -0.013315769843757153, -0.012101095169782639, -0.010886420495808125, -0.00967174582183361, -0.008457071147859097, -0.0072423964738845825, -0.0060277217999100685, -0.0048130471259355545, -0.0035983724519610405, -0.0023836977779865265, -0.0011690231040120125, 4.5651569962501526e-05, 0.0012603262439370155, 0.0024750009179115295, 0.0036896755918860435, 0.0049043502658605576, 0.0061190249398350716, 0.007333699613809586, 0.0085483742877841, 0.009763048961758614, 0.010977723635733128, 0.012192398309707642, 0.013407072983682156, 0.01462174765765667, 0.01583642140030861, 0.017051097005605698, 0.018265772610902786, 0.019480446353554726, 0.020695120096206665, 0.021909795701503754, 0.023124471306800842, 0.02433914504945278, 0.02555381879210472, 0.02676849439740181, 0.0279831700026989, 0.029197843745350838, 0.030412517488002777, 0.031627193093299866, 0.032841868698596954, 0.03405654430389404, 0.03527121618390083, 0.03648589178919792, 0.03770056739449501, 0.0389152392745018, 0.04012991487979889, 0.04134459048509598]}, "gradients/graph_14spatial.1.weight": {"_type": "histogram", "values": [1.0, 0.0, 0.0, 0.0, 0.0, 0.0, 1.0, 0.0, 0.0, 0.0, 0.0, 0.0, 0.0, 0.0, 0.0, 0.0, 0.0, 0.0, 0.0, 0.0, 0.0, 0.0, 0.0, 0.0, 0.0, 0.0, 0.0, 0.0, 0.0, 1.0, 0.0, 0.0, 1.0, 0.0, 0.0, 0.0, 0.0, 1.0, 0.0, 1.0, 1.0, 0.0, 0.0, 0.0, 0.0, 0.0, 0.0, 1.0, 0.0, 0.0, 0.0, 1.0, 0.0, 0.0, 0.0, 0.0, 0.0, 0.0, 0.0, 0.0, 0.0, 0.0, 0.0, 1.0], "bins": [-0.15081751346588135, -0.14646035432815552, -0.14210321009159088, -0.13774605095386505, -0.13338890671730042, -0.12903174757957458, -0.12467459589242935, -0.12031744420528412, -0.11596028506755829, -0.11160313338041306, -0.10724598169326782, -0.10288882255554199, -0.09853167086839676, -0.09417451918125153, -0.08981736749410629, -0.08546021580696106, -0.08110306411981583, -0.0767459124326706, -0.07238876074552536, -0.06803160905838013, -0.0636744499206543, -0.059317298233509064, -0.05496014654636383, -0.0506029948592186, -0.046245843172073364, -0.04188869148492813, -0.0375315360724926, -0.033174384385347366, -0.028817230835556984, -0.0244600772857666, -0.02010292559862137, -0.015745772048830986, -0.011388614773750305, -0.00703146168962121, -0.002674308605492115, 0.0016828440129756927, 0.006039997562766075, 0.010397151112556458, 0.01475430279970169, 0.019111456349492073, 0.023468613624572754, 0.027825767174363136, 0.03218292072415352, 0.03654007241129875, 0.04089722782373428, 0.04525437951087952, 0.04961153119802475, 0.05396868288516998, 0.058325834572315216, 0.06268298625946045, 0.06704013794660568, 0.07139728963375092, 0.07575444877147675, 0.08011160045862198, 0.08446875214576721, 0.08882590383291245, 0.09318305552005768, 0.09754020720720291, 0.10189735889434814, 0.10625451803207397, 0.11061166971921921, 0.11496882140636444, 0.11932597309350967, 0.12368312478065491, 0.12804028391838074]}, "gradients/graph_14spatial.1.bias": {"_type": "histogram", "values": [1.0, 0.0, 0.0, 0.0, 1.0, 0.0, 0.0, 0.0, 0.0, 0.0, 0.0, 0.0, 0.0, 0.0, 0.0, 0.0, 0.0, 0.0, 0.0, 0.0, 0.0, 0.0, 0.0, 0.0, 0.0, 0.0, 0.0, 0.0, 1.0, 0.0, 1.0, 0.0, 0.0, 0.0, 0.0, 0.0, 1.0, 0.0, 0.0, 1.0, 1.0, 0.0, 0.0, 0.0, 0.0, 0.0, 0.0, 0.0, 1.0, 0.0, 0.0, 0.0, 0.0, 0.0, 0.0, 1.0, 0.0, 0.0, 0.0, 0.0, 0.0, 0.0, 0.0, 1.0], "bins": [-0.31660550832748413, -0.30707043409347534, -0.29753535985946655, -0.28800028562545776, -0.278465211391449, -0.2689301073551178, -0.259395033121109, -0.24985995888710022, -0.24032488465309143, -0.23078981041908264, -0.22125473618507385, -0.21171964704990387, -0.20218457281589508, -0.1926494985818863, -0.1831144094467163, -0.17357933521270752, -0.16404426097869873, -0.15450918674468994, -0.14497411251068115, -0.13543902337551117, -0.12590394914150238, -0.11636887490749359, -0.1068337932229042, -0.09729871153831482, -0.08776363730430603, -0.07822856307029724, -0.06869348138570786, -0.05915840342640877, -0.04962332546710968, -0.04008824750781059, -0.030553169548511505, -0.02101808786392212, -0.011482983827590942, -0.0019479058682918549, 0.007587172091007233, 0.01712225005030632, 0.026657328009605408, 0.036192405968904495, 0.04572748392820358, 0.05526256561279297, 0.06479763984680176, 0.07433271408081055, 0.08386779576539993, 0.09340287744998932, 0.10293795168399811, 0.1124730259180069, 0.12200810760259628, 0.13154318928718567, 0.14107826352119446, 0.15061333775520325, 0.16014841198921204, 0.16968350112438202, 0.1792185753583908, 0.1887536495923996, 0.19828873872756958, 0.20782381296157837, 0.21735888719558716, 0.22689396142959595, 0.23642903566360474, 0.24596412479877472, 0.2554991841316223, 0.2650342881679535, 0.2745693624019623, 0.28410443663597107, 0.29363951086997986]}, "gradients/graph_14spatial.0.weight": {"_type": "histogram",