{"batch loss": 1.0867359638214111, "_timestamp": 1651759833, "_runtime": 222, "_step": 259, "epoch": 9, "train/train_loss": 1.0959976768493653, "train/train_acc": 0.3694479695431472, "train/train_f1": 0.36712493336538643, "val/val_loss": 1.111161748568217, "val/vaL_acc": 0.32905982905982906, "val/val_f1": 0.32706969012074977, "gradients/graph_1fc2.bias": {"_type": "histogram", "values": [1.0, 0.0, 0.0, 0.0, 0.0, 0.0, 0.0, 0.0, 0.0, 0.0, 0.0, 0.0, 0.0, 0.0, 0.0, 0.0, 0.0, 0.0, 0.0, 0.0, 0.0, 0.0, 0.0, 0.0, 0.0, 0.0, 0.0, 0.0, 0.0, 1.0, 0.0, 0.0, 0.0, 0.0, 0.0, 0.0, 0.0, 0.0, 0.0, 0.0, 0.0, 0.0, 0.0, 0.0, 0.0, 0.0, 0.0, 0.0, 0.0, 0.0, 0.0, 0.0, 0.0, 0.0, 0.0, 0.0, 0.0, 0.0, 0.0, 0.0, 0.0, 0.0, 0.0, 1.0], "bins": [-0.022220168262720108, -0.021504785865545273, -0.02078940160572529, -0.020074019208550453, -0.01935863494873047, -0.018643252551555634, -0.0179278701543808, -0.017212485894560814, -0.01649710163474083, -0.015781719237565994, -0.01506633497774601, -0.014350952580571175, -0.01363556832075119, -0.012920185923576355, -0.012204802595078945, -0.011489419266581535, -0.0107740368694067, -0.01005865354090929, -0.00934327021241188, -0.008627887815237045, -0.00791250355541706, -0.007197120692580938, -0.006481737829744816, -0.005766354501247406, -0.005050972104072571, -0.004335588775575161, -0.003620205679908395, -0.0029048225842416286, -0.002189439255744219, -0.001474055927246809, -0.0007586730644106865, -4.328973591327667e-05, 0.000672096386551857, 0.001387479598633945, 0.002102862810716033, 0.002818245906382799, 0.003533629234880209, 0.004249012563377619, 0.004964395426213741, 0.005679778754711151, 0.0063951630145311356, 0.007110546343028545, 0.007825929671525955, 0.00854131206870079, 0.009256696328520775, 0.00997207872569561, 0.01068746205419302, 0.01140284538269043, 0.012118227779865265, 0.012833611108362675, 0.013548994436860085, 0.01426437683403492, 0.014979761093854904, 0.01569514349102974, 0.016410525888204575, 0.01712591014802456, 0.017841294407844543, 0.01855667680501938, 0.019272061064839363, 0.0199874434620142, 0.020702827721834183, 0.021418210119009018, 0.022133592516183853, 0.022848976776003838, 0.023564359173178673]}, "gradients/graph_1fc2.weight": {"_type": "histogram", "values": [5.0, 1.0, 1.0, 2.0, 3.0, 3.0, 5.0, 5.0, 2.0, 8.0, 10.0, 7.0, 8.0, 4.0, 14.0, 7.0, 12.0, 6.0, 15.0, 22.0, 15.0, 26.0, 25.0, 17.0, 27.0, 24.0, 28.0, 20.0, 25.0, 22.0, 18.0, 35.0, 25.0, 28.0, 44.0, 33.0, 33.0, 27.0, 29.0, 27.0, 28.0, 21.0, 19.0, 13.0, 17.0, 16.0, 20.0, 14.0, 14.0, 13.0, 8.0, 11.0, 7.0, 5.0, 7.0, 0.0, 4.0, 1.0, 5.0, 4.0, 1.0, 1.0, 2.0, 1.0], "bins": [-0.048796020448207855, -0.04728195443749428, -0.0457678847014904, -0.044253818690776825, -0.04273974895477295, -0.04122568294405937, -0.039711616933345795, -0.03819754719734192, -0.03668348118662834, -0.035169415175914764, -0.03365534543991089, -0.03214127942919731, -0.030627211555838585, -0.02911314368247986, -0.02759907767176628, -0.026085009798407555, -0.024570941925048828, -0.0230568740516901, -0.021542806178331375, -0.020028740167617798, -0.01851467229425907, -0.017000604420900345, -0.015486537478864193, -0.013972470536828041, -0.012458402663469315, -0.010944334790110588, -0.009430267848074436, -0.007916200906038284, -0.006402133032679558, -0.004888065624982119, -0.0033739982172846794, -0.0018599312752485275, -0.00034585967659950256, 0.0011682077310979366, 0.002682275138795376, 0.004196342546492815, 0.005710409954190254, 0.007224477361887693, 0.008738544769585133, 0.010252611711621284, 0.011766679584980011, 0.013280747458338737, 0.01479481440037489, 0.01630888134241104, 0.017822949215769768, 0.019337017089128494, 0.02085108309984207, 0.022365150973200798, 0.023879218846559525, 0.02539328671991825, 0.026907354593276978, 0.028421420603990555, 0.02993548847734928, 0.03144955635070801, 0.032963622361421585, 0.03447768837213516, 0.03599175810813904, 0.037505824118852615, 0.03901989385485649, 0.04053395986557007, 0.042048029601573944, 0.04356209561228752, 0.0450761616230011, 0.046590231359004974, 0.04810429736971855]}, "gradients/graph_1spatial.1.weight": {"_type": "histogram", "values": [1.0, 0.0, 1.0, 0.0, 0.0, 0.0, 0.0, 0.0, 0.0, 0.0, 0.0, 0.0, 1.0, 0.0, 0.0, 0.0, 0.0, 0.0, 1.0, 0.0, 1.0, 0.0, 0.0, 0.0, 0.0, 0.0, 0.0, 0.0, 0.0, 0.0, 0.0, 0.0, 1.0, 0.0, 0.0, 1.0, 0.0, 0.0, 1.0, 0.0, 0.0, 0.0, 0.0, 0.0, 0.0, 0.0, 1.0, 0.0, 0.0, 0.0, 0.0, 0.0, 0.0, 0.0, 0.0, 0.0, 0.0, 0.0, 0.0, 0.0, 0.0, 0.0, 0.0, 1.0], "bins": [-0.010595929808914661, -0.010231477208435535, -0.00986702460795641, -0.009502572007477283, -0.009138119406998158, -0.008773666806519032, -0.00840921513736248, -0.008044762536883354, -0.007680309470742941, -0.007315856870263815, -0.006951404269784689, -0.00658695213496685, -0.006222499534487724, -0.005858046934008598, -0.005493594333529472, -0.005129141733050346, -0.00476468913257122, -0.004400236532092094, -0.0040357839316129684, -0.003671331563964486, -0.00330687896348536, -0.002942426363006234, -0.002577973995357752, -0.002213521394878626, -0.0018490692600607872, -0.0014846166595816612, -0.001120164175517857, -0.0007557116914540529, -0.00039125909097492695, -2.6806490495800972e-05, 0.00033764587715268135, 0.0007020984776318073, 0.0010665515437722206, 0.0014310041442513466, 0.0017954566283151507, 0.002159909112378955, 0.002524361712858081, 0.002888814313337207, 0.003253266680985689, 0.003617719281464815, 0.003982172347605228, 0.004346624948084354, 0.00471107754856348, 0.005075530149042606, 0.005439982749521732, 0.005804435350000858, 0.006168887484818697, 0.006533340085297823, 0.006897792220115662, 0.007262244820594788, 0.007626697421073914, 0.00799115002155304, 0.008355602622032166, 0.008720055222511292, 0.009084507822990417, 0.009448960423469543, 0.00981341302394867, 0.010177865624427795, 0.010542318224906921, 0.010906770825386047, 0.011271223425865173, 0.0116356760263443, 0.012000128626823425, 0.012364581227302551, 0.012729032896459103]}, "gradients/graph_1spatial.1.bias": {"_type": "histogram", "values": [1.0, 0.0, 0.0, 1.0, 0.0, 0.0, 0.0, 0.0, 0.0, 0.0, 0.0, 1.0, 0.0, 0.0, 0.0, 0.0, 0.0, 0.0, 0.0, 0.0, 1.0, 0.0, 0.0, 0.0, 0.0, 1.0, 0.0, 0.0, 0.0, 0.0, 0.0, 0.0, 0.0, 0.0, 0.0, 0.0, 0.0, 0.0, 0.0, 0.0, 0.0, 0.0, 0.0, 0.0, 0.0, 1.0, 0.0, 0.0, 0.0, 0.0, 0.0, 0.0, 0.0, 1.0, 0.0, 0.0, 0.0, 0.0, 1.0, 0.0, 0.0, 0.0, 0.0, 2.0], "bins": [-0.005963271018117666, -0.005772434175014496, -0.005581597797572613, -0.005390760954469442, -0.005199924111366272, -0.005009087268263102, -0.004818250425159931, -0.004627414047718048, -0.004436577204614878, -0.004245740361511707, -0.004054903984069824, -0.003864067140966654, -0.0036732302978634834, -0.003482393454760313, -0.0032915568444877863, -0.0031007202342152596, -0.002909883391112089, -0.0027190465480089188, -0.002528209937736392, -0.0023373733274638653, -0.002146536484360695, -0.0019556996412575245, -0.0017648630309849977, -0.0015740263042971492, -0.0013831895776093006, -0.001192352850921452, -0.0010015161242336035, -0.0008106793975457549, -0.0006198426708579063, -0.0004290059441700578, -0.0002381692174822092, -4.733249079436064e-05, 0.00014350470155477524, 0.0003343414282426238, 0.0005251781549304724, 0.0007160148816183209, 0.0009068516083061695, 0.001097688334994018, 0.0012885250616818666, 0.0014793617883697152, 0.0016701985150575638, 0.0018610352417454123, 0.002051871968433261, 0.0022427085787057877, 0.002433545421808958, 0.0026243822649121284, 0.002815218875184655, 0.003006055485457182, 0.0031968923285603523, 0.0033877291716635227, 0.0035785657819360495, 0.003769402392208576, 0.003960239235311747, 0.004151076078414917, 0.0043419124558568, 0.0045327492989599705, 0.004723586142063141, 0.004914422985166311, 0.005105259828269482, 0.005296096205711365, 0.005486933048814535, 0.0056777698919177055, 0.005868606269359589, 0.006059443112462759, 0.006250279955565929]}, "gradients/graph_1spatial.0.weight": {"_type": "histogram",