{"batch loss": 0.8314540982246399, "_timestamp": 1651767553, "_runtime": 441, "_step": 649, "epoch": 24, "train/train_loss": 0.818732967376709, "train/train_acc": 0.6365799492385786, "train/train_f1": 0.635415131173181, "val/val_loss": 0.9052858551343282, "val/vaL_acc": 0.5883190883190883, "val/val_f1": 0.5872535627078634, "gradients/graph_7fc2.bias": {"_type": "histogram", "values": [1.0, 0.0, 0.0, 0.0, 0.0, 0.0, 0.0, 0.0, 0.0, 0.0, 0.0, 0.0, 0.0, 0.0, 0.0, 0.0, 0.0, 0.0, 0.0, 0.0, 0.0, 0.0, 0.0, 0.0, 0.0, 0.0, 0.0, 0.0, 0.0, 0.0, 0.0, 0.0, 0.0, 0.0, 0.0, 0.0, 0.0, 0.0, 0.0, 0.0, 0.0, 0.0, 0.0, 0.0, 0.0, 0.0, 0.0, 0.0, 0.0, 0.0, 0.0, 0.0, 0.0, 0.0, 0.0, 0.0, 0.0, 0.0, 0.0, 0.0, 0.0, 0.0, 1.0, 1.0], "bins": [-0.05814655125141144, -0.05677016079425812, -0.055393774062395096, -0.054017383605241776, -0.052640996873378754, -0.05126460641622543, -0.04988821595907211, -0.04851182550191879, -0.04713543877005577, -0.04575904831290245, -0.04438266158103943, -0.04300627112388611, -0.04162988066673279, -0.040253493934869766, -0.038877103477716446, -0.037500716745853424, -0.036124326288700104, -0.03474793583154678, -0.03337154909968376, -0.03199515864253044, -0.03061877004802227, -0.0292423814535141, -0.02786599099636078, -0.026489602401852608, -0.025113213807344437, -0.023736825212836266, -0.022360436618328094, -0.020984046161174774, -0.019607657566666603, -0.018231268972158432, -0.01685487851500511, -0.01547848992049694, -0.01410210132598877, -0.012725712731480598, -0.011349323205649853, -0.009972933679819107, -0.008596545085310936, -0.007220156025141478, -0.005843766964972019, -0.0044673774391412735, -0.0030909888446331024, -0.001714599784463644, -0.00033821072429418564, 0.0010381783358752728, 0.002414567396044731, 0.0037909564562141895, 0.005167345516383648, 0.006543735042214394, 0.007920123636722565, 0.009296512231230736, 0.010672901757061481, 0.012049291282892227, 0.013425679877400398, 0.01480206847190857, 0.01617845892906189, 0.01755484752357006, 0.018931236118078232, 0.020307624712586403, 0.021684013307094574, 0.023060403764247894, 0.024436792358756065, 0.025813180953264236, 0.027189571410417557, 0.028565960004925728, 0.0299423485994339]}, "gradients/graph_7fc2.weight": {"_type": "histogram", "values": [1.0, 0.0, 0.0, 0.0, 0.0, 0.0, 0.0, 0.0, 1.0, 0.0, 1.0, 0.0, 2.0, 1.0, 2.0, 4.0, 7.0, 4.0, 6.0, 3.0, 7.0, 7.0, 12.0, 5.0, 8.0, 4.0, 13.0, 5.0, 14.0, 10.0, 9.0, 15.0, 19.0, 14.0, 18.0, 13.0, 17.0, 26.0, 16.0, 19.0, 20.0, 18.0, 20.0, 37.0, 14.0, 27.0, 17.0, 15.0, 14.0, 12.0, 12.0, 10.0, 14.0, 7.0, 2.0, 7.0, 4.0, 1.0, 2.0, 1.0, 1.0, 1.0, 0.0, 1.0], "bins": [-0.048579297959804535, -0.04730338603258133, -0.04602747783064842, -0.04475156590342522, -0.04347565770149231, -0.042199745774269104, -0.0409238375723362, -0.03964792564511299, -0.038372017443180084, -0.03709610551595688, -0.03582019731402397, -0.034544285386800766, -0.03326837718486786, -0.03199246525764465, -0.030716557055711746, -0.02944064512848854, -0.028164735063910484, -0.026888824999332428, -0.02561291493475437, -0.024337004870176315, -0.02306109480559826, -0.021785184741020203, -0.020509272813796997, -0.01923336461186409, -0.017957452684640884, -0.016681542620062828, -0.015405632555484772, -0.014129722490906715, -0.012853812426328659, -0.011577902361750603, -0.010301991365849972, -0.009026081301271915, -0.007750172168016434, -0.006474262103438377, -0.005198352038860321, -0.003922441508620977, -0.002646531444042921, -0.0013706213794648647, -9.471084922552109e-05, 0.0011811992153525352, 0.002457108348608017, 0.0037330184131860733, 0.00500892847776413, 0.006284839008003473, 0.00756074907258153, 0.008836658671498299, 0.01011256966739893, 0.011388479731976986, 0.012664390727877617, 0.013940300792455673, 0.01521621085703373, 0.016492120921611786, 0.017768030986189842, 0.0190439410507679, 0.020319852977991104, 0.02159576117992401, 0.022871673107147217, 0.024147583171725273, 0.02542349323630333, 0.026699403300881386, 0.027975313365459442, 0.0292512234300375, 0.030527133494615555, 0.03180304542183876, 0.03307895362377167]}, "gradients/graph_7spatial.1.weight": {"_type": "histogram", "values": [1.0, 1.0, 0.0, 0.0, 0.0, 0.0, 0.0, 0.0, 0.0, 0.0, 0.0, 0.0, 0.0, 1.0, 0.0, 0.0, 0.0, 0.0, 0.0, 0.0, 0.0, 0.0, 0.0, 0.0, 0.0, 0.0, 1.0, 0.0, 0.0, 1.0, 1.0, 1.0, 0.0, 0.0, 0.0, 0.0, 0.0, 0.0, 0.0, 0.0, 1.0, 0.0, 0.0, 0.0, 0.0, 0.0, 0.0, 0.0, 0.0, 0.0, 0.0, 0.0, 1.0, 0.0, 0.0, 0.0, 0.0, 0.0, 0.0, 0.0, 0.0, 0.0, 0.0, 1.0], "bins": [-0.07019373029470444, -0.06801412254571915, -0.06583451479673386, -0.06365490704774857, -0.061475299298763275, -0.059295691549777985, -0.057116083800792694, -0.054936476051807404, -0.05275686830282211, -0.05057726055383682, -0.04839765280485153, -0.04621804505586624, -0.04403843730688095, -0.04185882955789566, -0.03967922180891037, -0.03749961405992508, -0.03532000631093979, -0.0331403985619545, -0.030960790812969208, -0.028781183063983917, -0.026601575314998627, -0.024421967566013336, -0.022242359817028046, -0.020062752068042755, -0.017883144319057465, -0.015703536570072174, -0.013523928821086884, -0.011344321072101593, -0.009164713323116302, -0.006985105574131012, -0.0048054978251457214, -0.002625890076160431, -0.0004462897777557373, 0.0017333179712295532, 0.003912925720214844, 0.006092533469200134, 0.008272141218185425, 0.010451748967170715, 0.012631356716156006, 0.014810964465141296, 0.016990572214126587, 0.019170179963111877, 0.021349787712097168, 0.02352939546108246, 0.02570900321006775, 0.02788861095905304, 0.03006821870803833, 0.03224782645702362, 0.03442743420600891, 0.0366070419549942, 0.03878664970397949, 0.04096625745296478, 0.04314586520195007, 0.045325472950935364, 0.047505080699920654, 0.049684688448905945, 0.051864296197891235, 0.054043903946876526, 0.056223511695861816, 0.05840311944484711, 0.0605827271938324, 0.06276233494281769, 0.06494194269180298, 0.06712155044078827, 0.06930115818977356]}, "gradients/graph_7spatial.1.bias": {"_type": "histogram", "values": [1.0, 0.0, 0.0, 0.0, 0.0, 1.0, 0.0, 0.0, 0.0, 1.0, 0.0, 0.0, 0.0, 0.0, 0.0, 0.0, 0.0, 0.0, 0.0, 0.0, 0.0, 1.0, 1.0, 0.0, 1.0, 0.0, 1.0, 0.0, 0.0, 0.0, 0.0, 0.0, 0.0, 0.0, 0.0, 1.0, 0.0, 0.0, 0.0, 0.0, 0.0, 0.0, 0.0, 0.0, 0.0, 0.0, 0.0, 0.0, 0.0, 0.0, 0.0, 0.0, 0.0, 1.0, 0.0, 0.0, 0.0, 0.0, 0.0, 0.0, 0.0, 0.0, 0.0, 1.0], "bins": [-0.15360145270824432, -0.14779748022556305, -0.14199349284172058, -0.1361895203590393, -0.13038554787635803, -0.12458157539367676, -0.11877759546041489, -0.11297361552715302, -0.10716964304447174, -0.10136567056179047, -0.0955616906285286, -0.08975771069526672, -0.08395373821258545, -0.07814976572990417, -0.0723457857966423, -0.06654180586338043, -0.06073783338069916, -0.054933857172727585, -0.04912988096475601, -0.04332590475678444, -0.037521928548812866, -0.03171795234084129, -0.02591397613286972, -0.020109999924898148, -0.014306023716926575, -0.008502047508955002, -0.002698071300983429, 0.003105904906988144, 0.008909881114959717, 0.01471385732293129, 0.020517833530902863, 0.026321809738874435, 0.032125771045684814, 0.03792974725365639, 0.04373372346162796, 0.04953769966959953, 0.055341675877571106, 0.06114565208554268, 0.06694962829351425, 0.07275360822677612, 0.0785575807094574, 0.08436155319213867, 0.09016553312540054, 0.09596951305866241, 0.10177348554134369, 0.10757745802402496, 0.11338143795728683, 0.1191854178905487, 0.12498939037322998, 0.13079336285591125, 0.13659733533859253, 0.142401322722435, 0.14820529520511627, 0.15400926768779755, 0.15981325507164001, 0.1656172275543213, 0.17142120003700256, 0.17722517251968384, 0.1830291450023651, 0.18883313238620758, 0.19463710486888885, 0.20044107735157013, 0.2062450647354126, 0.21204903721809387, 0.21785300970077515]}, "gradients/graph_7spatial.0.weight": {"_type": "histogram",