{"batch loss": 0.860686719417572, "_timestamp": 1651863649, "_runtime": 431, "_step": 689, "epoch": 29, "train/train_loss": 0.7729906277223066, "train/train_acc": 0.6539379474940334, "train/train_f1": 0.6496618486219649, "val/val_loss": 1.0734276601246424, "val/vaL_acc": 0.5266196279666453, "val/val_f1": 0.5251124796184353, "gradients/graph_28fc2.bias": {"_type": "histogram", "values": [1.0, 0.0, 0.0, 0.0, 0.0, 0.0, 0.0, 0.0, 0.0, 0.0, 0.0, 0.0, 0.0, 0.0, 0.0, 0.0, 0.0, 0.0, 0.0, 0.0, 0.0, 1.0, 0.0, 0.0, 0.0, 0.0, 0.0, 0.0, 0.0, 0.0, 0.0, 0.0, 0.0, 0.0, 0.0, 0.0, 0.0, 0.0, 0.0, 0.0, 0.0, 0.0, 0.0, 0.0, 0.0, 0.0, 0.0, 0.0, 0.0, 0.0, 0.0, 0.0, 0.0, 0.0, 0.0, 0.0, 0.0, 0.0, 0.0, 0.0, 0.0, 0.0, 0.0, 1.0], "bins": [-0.055572621524333954, -0.05363285169005394, -0.051693081855773926, -0.04975330829620361, -0.0478135384619236, -0.045873768627643585, -0.04393399506807327, -0.04199422523379326, -0.040054455399513245, -0.03811468556523323, -0.03617491573095322, -0.034235142171382904, -0.03229537233710289, -0.030355602502822876, -0.028415830805897713, -0.02647605910897255, -0.024536289274692535, -0.02259651944041252, -0.020656747743487358, -0.018716976046562195, -0.01677720621228218, -0.014837435446679592, -0.012897664681077003, -0.010957893915474415, -0.009018123149871826, -0.0070783523842692375, -0.005138581618666649, -0.00319881085306406, -0.0012590400874614716, 0.0006807306781411171, 0.0026205014437437057, 0.004560272209346294, 0.006500042974948883, 0.008439813740551472, 0.01037958450615406, 0.012319355271756649, 0.014259126037359238, 0.01619889587163925, 0.018138667568564415, 0.020078439265489578, 0.022018209099769592, 0.023957978934049606, 0.02589775063097477, 0.027837522327899933, 0.029777292162179947, 0.03171706199645996, 0.03365683555603027, 0.03559660539031029, 0.0375363752245903, 0.039476145058870316, 0.04141591489315033, 0.04335568845272064, 0.045295458287000656, 0.04723522812128067, 0.04917500168085098, 0.051114771515131, 0.05305454134941101, 0.054994311183691025, 0.05693408101797104, 0.05887385457754135, 0.060813624411821365, 0.06275339424610138, 0.06469316780567169, 0.06663293391466141, 0.06857270747423172]}, "gradients/graph_28fc2.weight": {"_type": "histogram", "values": [1.0, 1.0, 2.0, 4.0, 1.0, 10.0, 14.0, 8.0, 10.0, 27.0, 16.0, 21.0, 24.0, 15.0, 14.0, 17.0, 11.0, 23.0, 12.0, 16.0, 17.0, 18.0, 16.0, 10.0, 12.0, 9.0, 7.0, 5.0, 2.0, 5.0, 6.0, 0.0, 4.0, 3.0, 0.0, 5.0, 2.0, 5.0, 5.0, 8.0, 4.0, 12.0, 13.0, 5.0, 12.0, 18.0, 12.0, 12.0, 10.0, 11.0, 9.0, 11.0, 10.0, 7.0, 2.0, 3.0, 1.0, 1.0, 0.0, 0.0, 0.0, 0.0, 0.0, 1.0], "bins": [-0.03334517031908035, -0.03207092359662056, -0.030796676874160767, -0.029522430151700974, -0.02824818342924118, -0.026973936706781387, -0.025699691846966743, -0.02442544512450695, -0.023151198402047157, -0.021876951679587364, -0.02060270495712757, -0.019328458234667778, -0.018054213374853134, -0.01677996665239334, -0.015505719929933548, -0.014231473207473755, -0.012957226485013962, -0.011682979762554169, -0.010408733040094376, -0.009134487248957157, -0.007860240526497364, -0.006585993804037571, -0.005311747547239065, -0.004037501290440559, -0.0027632545679807663, -0.0014890080783516169, -0.00021476158872246742, 0.001059484900906682, 0.0023337313905358315, 0.0036079781129956245, 0.00488222436979413, 0.006156470626592636, 0.007430721074342728, 0.00870496779680252, 0.009979214519262314, 0.011253460310399532, 0.012527707032859325, 0.013801953755319118, 0.015076199546456337, 0.01635044626891613, 0.017624692991375923, 0.018898939713835716, 0.02017318643629551, 0.021447433158755302, 0.022721678018569946, 0.02399592474102974, 0.025270171463489532, 0.026544418185949326, 0.02781866490840912, 0.029092911630868912, 0.030367158353328705, 0.0316414050757885, 0.03291565179824829, 0.034189898520708084, 0.03546414524316788, 0.03673838824033737, 0.03801263868808746, 0.039286885410547256, 0.04056113213300705, 0.04183537885546684, 0.043109625577926636, 0.04438387230038643, 0.04565811902284622, 0.04693236202001572, 0.04820660874247551]}, "gradients/graph_28spatial.1.weight": {"_type": "histogram", "values": [2.0, 0.0, 0.0, 0.0, 0.0, 1.0, 0.0, 0.0, 0.0, 0.0, 1.0, 0.0, 0.0, 0.0, 0.0, 0.0, 0.0, 0.0, 0.0, 0.0, 0.0, 0.0, 0.0, 0.0, 0.0, 0.0, 0.0, 0.0, 0.0, 0.0, 0.0, 0.0, 0.0, 0.0, 0.0, 2.0, 0.0, 0.0, 0.0, 0.0, 0.0, 0.0, 0.0, 0.0, 0.0, 0.0, 0.0, 0.0, 0.0, 0.0, 0.0, 0.0, 0.0, 0.0, 0.0, 1.0, 0.0, 0.0, 1.0, 0.0, 1.0, 0.0, 0.0, 1.0], "bins": [-0.15027329325675964, -0.14589975774288177, -0.1415262073278427, -0.13715267181396484, -0.13277913630008698, -0.1284055858850479, -0.12403205037117004, -0.11965850740671158, -0.11528496444225311, -0.11091142147779465, -0.10653788596391678, -0.10216434299945831, -0.09779080003499985, -0.09341725707054138, -0.08904372155666351, -0.08467017859220505, -0.08029664307832718, -0.07592310011386871, -0.07154956459999084, -0.06717602163553238, -0.06280247867107391, -0.058428939431905746, -0.05405540019273758, -0.049681857228279114, -0.045308321714401245, -0.04093478247523308, -0.03656123951077461, -0.032187700271606445, -0.02781415916979313, -0.023440618067979813, -0.019067078828811646, -0.01469353772699833, -0.010319992899894714, -0.005946452263742685, -0.0015729116275906563, 0.0028006285429000854, 0.007174169644713402, 0.011547710746526718, 0.015921249985694885, 0.0202947910875082, 0.024668335914611816, 0.029041877016425133, 0.03341541811823845, 0.037788957357406616, 0.04216250032186508, 0.04653603956103325, 0.050909578800201416, 0.05528312176465988, 0.05965665727853775, 0.06403020024299622, 0.06840373575687408, 0.07277727872133255, 0.07715082168579102, 0.08152435719966888, 0.08589790016412735, 0.09027144312858582, 0.09464497864246368, 0.09901852160692215, 0.10339205712080002, 0.10776560008525848, 0.11213914304971695, 0.11651268601417542, 0.12088622152805328, 0.12525975704193115, 0.12963330745697021]}, "gradients/graph_28spatial.1.bias": {"_type": "histogram", "values": [1.0, 0.0, 0.0, 0.0, 0.0, 0.0, 1.0, 0.0, 0.0, 1.0, 0.0, 0.0, 0.0, 0.0, 0.0, 0.0, 0.0, 0.0, 1.0, 0.0, 0.0, 0.0, 0.0, 0.0, 0.0, 0.0, 0.0, 0.0, 0.0, 0.0, 0.0, 0.0, 1.0, 0.0, 0.0, 1.0, 0.0, 0.0, 0.0, 0.0, 0.0, 0.0, 0.0, 0.0, 0.0, 0.0, 0.0, 0.0, 0.0, 0.0, 0.0, 0.0, 1.0, 1.0, 1.0, 0.0, 0.0, 0.0, 0.0, 0.0, 0.0, 0.0, 0.0, 1.0], "bins": [-0.23796842992305756, -0.23085863888263702, -0.2237488478422165, -0.21663907170295715, -0.20952928066253662, -0.2024194896221161, -0.19530969858169556, -0.18819990754127502, -0.1810901165008545, -0.17398032546043396, -0.16687053442001343, -0.1597607433795929, -0.15265096724033356, -0.14554117619991302, -0.1384313851594925, -0.13132159411907196, -0.12421181797981262, -0.11710202693939209, -0.10999224334955215, -0.10288245230913162, -0.09577266871929169, -0.08866287767887115, -0.08155308663845062, -0.07444329559803009, -0.06733350455760956, -0.060223717242479324, -0.05311392992734909, -0.04600413888692856, -0.038894351571798325, -0.03178456425666809, -0.02467477321624756, -0.017564985901117325, -0.010455220937728882, -0.0033454326912760735, 0.003764355555176735, 0.010874144732952118, 0.01798393204808235, 0.025093719363212585, 0.03220351040363312, 0.03931329771876335, 0.04642307758331299, 0.05353286489844322, 0.060642652213573456, 0.06775244325399399, 0.07486222684383392, 0.08197201788425446, 0.08908180892467499, 0.09619159996509552, 0.10330139100551605, 0.11041118204593658, 0.11752096563577652, 0.12463075667619705, 0.131740540266037, 0.13885033130645752, 0.14596012234687805, 0.15306991338729858, 0.16017970442771912, 0.16728949546813965, 0.17439928650856018, 0.1815090775489807, 0.18861885368824005, 0.19572864472866058, 0.20283843576908112, 0.20994822680950165, 0.217058002948761]}, "gradients/graph_28spatial.0.weight": {"_type": "histogram",