{"batch loss": 0.8571542501449585, "_timestamp": 1651797268, "_runtime": 465, "_step": 649, "epoch": 24, "train/train_loss": 0.8316349983215332, "train/train_acc": 0.6267449238578681, "train/train_f1": 0.6255924423675675, "val/val_loss": 0.9124407569567362, "val/vaL_acc": 0.5726495726495726, "val/val_f1": 0.5747505328883485, "gradients/graph_39fc2.bias": {"_type": "histogram", "values": [1.0, 0.0, 0.0, 0.0, 0.0, 0.0, 0.0, 0.0, 0.0, 0.0, 0.0, 0.0, 0.0, 0.0, 0.0, 0.0, 0.0, 0.0, 0.0, 0.0, 0.0, 0.0, 0.0, 0.0, 0.0, 0.0, 0.0, 0.0, 0.0, 0.0, 0.0, 0.0, 0.0, 0.0, 0.0, 0.0, 0.0, 0.0, 0.0, 0.0, 0.0, 0.0, 0.0, 0.0, 0.0, 0.0, 0.0, 0.0, 0.0, 0.0, 0.0, 0.0, 0.0, 0.0, 0.0, 1.0, 0.0, 0.0, 0.0, 0.0, 0.0, 0.0, 0.0, 1.0], "bins": [-0.05984768271446228, -0.058341581374406815, -0.05683548003435135, -0.05532938241958618, -0.053823281079530716, -0.05231717973947525, -0.05081108212471008, -0.04930498078465462, -0.04779887944459915, -0.046292778104543686, -0.04478667676448822, -0.04328057914972305, -0.04177447780966759, -0.04026837646961212, -0.038762278854846954, -0.03725617751479149, -0.03575007617473602, -0.03424397483468056, -0.03273787349462509, -0.031231775879859924, -0.02972567453980446, -0.028219573199748993, -0.026713473722338676, -0.02520737424492836, -0.023701272904872894, -0.02219517156481743, -0.020689072087407112, -0.019182972609996796, -0.01767687126994133, -0.016170769929885864, -0.014664670452475548, -0.013158570043742657, -0.011652465909719467, -0.010146365500986576, -0.008640265092253685, -0.007134164683520794, -0.005628064274787903, -0.004121963866055012, -0.0026158634573221207, -0.0011097630485892296, 0.0003963373601436615, 0.0019024377688765526, 0.0034085381776094437, 0.004914638586342335, 0.006420738995075226, 0.007926839403808117, 0.009432939812541008, 0.010939040221273899, 0.01244514063000679, 0.013951241038739681, 0.015457341447472572, 0.01696344092488289, 0.018469542264938354, 0.01997564360499382, 0.021481743082404137, 0.022987842559814453, 0.02449394389986992, 0.026000045239925385, 0.0275061447173357, 0.029012244194746017, 0.030518345534801483, 0.03202444687485695, 0.033530548214912415, 0.03503664582967758, 0.03654274716973305]}, "gradients/graph_39fc2.weight": {"_type": "histogram", "values": [1.0, 0.0, 0.0, 0.0, 0.0, 0.0, 1.0, 0.0, 1.0, 2.0, 2.0, 0.0, 3.0, 0.0, 3.0, 7.0, 6.0, 4.0, 5.0, 9.0, 7.0, 7.0, 11.0, 19.0, 17.0, 14.0, 22.0, 25.0, 27.0, 45.0, 32.0, 34.0, 37.0, 38.0, 39.0, 36.0, 44.0, 28.0, 30.0, 33.0, 26.0, 32.0, 31.0, 28.0, 27.0, 22.0, 24.0, 16.0, 29.0, 13.0, 11.0, 12.0, 8.0, 3.0, 2.0, 8.0, 2.0, 5.0, 2.0, 5.0, 1.0, 0.0, 2.0, 2.0], "bins": [-0.05833422765135765, -0.05672157183289528, -0.055108919739723206, -0.053496263921260834, -0.05188360810279846, -0.05027095228433609, -0.04865830019116402, -0.047045644372701645, -0.04543299227952957, -0.0438203364610672, -0.042207684367895126, -0.040595028549432755, -0.03898237273097038, -0.03736972063779831, -0.03575706481933594, -0.034144409000873566, -0.032531753182411194, -0.03091909922659397, -0.0293064434081316, -0.027693789452314377, -0.026081133633852005, -0.024468479678034782, -0.02285582572221756, -0.021243169903755188, -0.019630517810583115, -0.018017863854765892, -0.01640520803630352, -0.014792554080486298, -0.0131798991933465, -0.011567244306206703, -0.00995459035038948, -0.008341935463249683, -0.006729278713464737, -0.00511662382632494, -0.00350396940484643, -0.00189131498336792, -0.0002786600962281227, 0.0013339947909116745, 0.002946648746728897, 0.004559303633868694, 0.006171960383653641, 0.007784615270793438, 0.009397270157933235, 0.011009924113750458, 0.012622579000890255, 0.014235233888030052, 0.015847887843847275, 0.017460543662309647, 0.01907319575548172, 0.020685849711298943, 0.022298505529761314, 0.023911159485578537, 0.02552381530404091, 0.02713646925985813, 0.028749123215675354, 0.030361779034137726, 0.0319744348526001, 0.03358709067106247, 0.03519974276423454, 0.036812398582696915, 0.038425054401159286, 0.04003770649433136, 0.04165036231279373, 0.043263018131256104, 0.04487567022442818]}, "gradients/graph_39spatial.1.weight": {"_type": "histogram", "values": [1.0, 0.0, 0.0, 0.0, 1.0, 0.0, 0.0, 0.0, 2.0, 0.0, 0.0, 0.0, 0.0, 0.0, 0.0, 0.0, 0.0, 0.0, 1.0, 0.0, 0.0, 0.0, 0.0, 0.0, 0.0, 0.0, 0.0, 0.0, 0.0, 1.0, 0.0, 1.0, 0.0, 0.0, 0.0, 0.0, 0.0, 0.0, 0.0, 0.0, 0.0, 0.0, 0.0, 0.0, 0.0, 0.0, 0.0, 0.0, 0.0, 0.0, 1.0, 0.0, 1.0, 0.0, 0.0, 0.0, 0.0, 0.0, 0.0, 0.0, 0.0, 0.0, 0.0, 1.0], "bins": [-0.05114695802330971, -0.04939154535531998, -0.047636132687330246, -0.045880720019340515, -0.044125307351350784, -0.04236989468336105, -0.04061448574066162, -0.03885907307267189, -0.03710366040468216, -0.03534824773669243, -0.0335928350687027, -0.03183742240071297, -0.030082011595368385, -0.028326598927378654, -0.026571186259388924, -0.024815775454044342, -0.023060360923409462, -0.02130494825541973, -0.01954953558743, -0.01779412478208542, -0.016038712114095688, -0.014283299446105957, -0.012527886778116226, -0.01077247504144907, -0.009017061442136765, -0.007261649239808321, -0.0055062370374798775, -0.0037508243694901466, -0.001995412167161703, -0.00023999996483325958, 0.0015154127031564713, 0.0032708244398236275, 0.005026236176490784, 0.006781648378819227, 0.00853706058114767, 0.010292473249137402, 0.012047884985804558, 0.013803297653794289, 0.01555871032178402, 0.0173141211271286, 0.019069533795118332, 0.020824946463108063, 0.022580359131097794, 0.024335771799087524, 0.026091182604432106, 0.027846595272421837, 0.029602007940411568, 0.03135741874575615, 0.03311283141374588, 0.03486824408173561, 0.03662365674972534, 0.03837906941771507, 0.0401344820857048, 0.041889891028404236, 0.043645307421684265, 0.0454007163643837, 0.04715613275766373, 0.04891154542565346, 0.05066695809364319, 0.05242237076163292, 0.05417778342962265, 0.05593319237232208, 0.05768860876560211, 0.059444017708301544, 0.061199430376291275]}, "gradients/graph_39spatial.1.bias": {"_type": "histogram", "values": [1.0, 0.0, 0.0, 1.0, 1.0, 0.0, 0.0, 1.0, 0.0, 0.0, 0.0, 0.0, 0.0, 0.0, 1.0, 0.0, 0.0, 1.0, 0.0, 0.0, 0.0, 0.0, 0.0, 0.0, 0.0, 0.0, 0.0, 0.0, 0.0, 0.0, 0.0, 0.0, 0.0, 0.0, 0.0, 1.0, 0.0, 0.0, 0.0, 0.0, 0.0, 0.0, 0.0, 0.0, 0.0, 0.0, 0.0, 1.0, 0.0, 0.0, 0.0, 0.0, 0.0, 0.0, 0.0, 0.0, 0.0, 0.0, 0.0, 0.0, 0.0, 0.0, 0.0, 2.0], "bins": [-0.11862590163946152, -0.11407234519720078, -0.10951878875494003, -0.10496523231267929, -0.10041167587041855, -0.0958581194281578, -0.09130457043647766, -0.08675101399421692, -0.08219745755195618, -0.07764390110969543, -0.07309034466743469, -0.06853678822517395, -0.06398323178291321, -0.059429675340652466, -0.05487612262368202, -0.05032256618142128, -0.04576900601387024, -0.0412154495716095, -0.036661893129348755, -0.03210833668708801, -0.02755478210747242, -0.023001225665211678, -0.018447671085596085, -0.013894114643335342, -0.009340561926364899, -0.004787005949765444, -0.00023344997316598892, 0.004320105537772179, 0.00887366198003292, 0.013427218422293663, 0.017980773001909256, 0.022534329444169998, 0.027087882161140442, 0.031641438603401184, 0.036194995045661926, 0.04074855148792267, 0.04530210793018341, 0.04985566437244415, 0.0544092170894146, 0.05896277353167534, 0.06351633369922638, 0.06806989014148712, 0.07262344658374786, 0.0771770030260086, 0.08173055946826935, 0.08628411591053009, 0.09083767235279083, 0.09539122879505157, 0.09994477778673172, 0.10449833422899246, 0.1090518906712532, 0.11360544711351395, 0.11815900355577469, 0.12271255999803543, 0.12726610898971558, 0.13181966543197632, 0.13637322187423706, 0.1409267783164978, 0.14548033475875854, 0.1500338912010193, 0.15458744764328003, 0.15914100408554077, 0.1636945605278015, 0.16824811697006226, 0.172801673412323]}, "gradients/graph_39spatial.0.weight": {"_type": "histogram",