{"batch loss": 0.6589551568031311, "_timestamp": 1651812322, "_runtime": 397, "_step": 649, "epoch": 24, "train/train_loss": 0.69280024766922, "train/train_acc": 0.7052664974619289, "train/train_f1": 0.7044101229364402, "val/val_loss": 0.906698485215505, "val/vaL_acc": 0.5911680911680912, "val/val_f1": 0.586624544142926, "gradients/graph_54fc2.bias": {"_type": "histogram", "values": [1.0, 0.0, 0.0, 0.0, 0.0, 0.0, 0.0, 0.0, 0.0, 0.0, 0.0, 0.0, 0.0, 0.0, 0.0, 0.0, 0.0, 0.0, 0.0, 0.0, 0.0, 0.0, 0.0, 0.0, 0.0, 0.0, 0.0, 0.0, 0.0, 0.0, 0.0, 0.0, 0.0, 0.0, 0.0, 0.0, 1.0, 0.0, 0.0, 0.0, 0.0, 0.0, 0.0, 0.0, 0.0, 0.0, 0.0, 0.0, 0.0, 0.0, 0.0, 0.0, 0.0, 0.0, 0.0, 0.0, 0.0, 0.0, 0.0, 0.0, 0.0, 0.0, 0.0, 1.0], "bins": [-0.03207654505968094, -0.031116273254156113, -0.030156001448631287, -0.02919572964310646, -0.028235457837581635, -0.02727518603205681, -0.026314914226531982, -0.025354642421007156, -0.02439437061548233, -0.023434098809957504, -0.022473827004432678, -0.021513555198907852, -0.020553283393383026, -0.0195930115878582, -0.018632739782333374, -0.017672467976808548, -0.01671219803392887, -0.015751926228404045, -0.014791654422879219, -0.013831382617354393, -0.012871110811829567, -0.011910839006304741, -0.01095056813210249, -0.009990296326577663, -0.009030025452375412, -0.008069753646850586, -0.00710948184132576, -0.006149210501462221, -0.005188938695937395, -0.004228666890412569, -0.0032683955505490303, -0.0023081237450242043, -0.0013478491455316544, -0.00038757745642215014, 0.0005726942326873541, 0.0015329658053815365, 0.0024932376109063625, 0.0034535094164311886, 0.004413780756294727, 0.005374052561819553, 0.006334325298666954, 0.00729459710419178, 0.008254868909716606, 0.009215140715241432, 0.010175412520766258, 0.011135684326291084, 0.012095955200493336, 0.013056227006018162, 0.014016497880220413, 0.01497676968574524, 0.015937041491270065, 0.01689731329679489, 0.017857585102319717, 0.018817856907844543, 0.01977812871336937, 0.020738400518894196, 0.02169867232441902, 0.022658944129943848, 0.023619215935468674, 0.0245794877409935, 0.025539759546518326, 0.026500031352043152, 0.027460303157567978, 0.028420574963092804, 0.02938084490597248]}, "gradients/graph_54fc2.weight": {"_type": "histogram", "values": [2.0, 0.0, 0.0, 1.0, 0.0, 2.0, 0.0, 0.0, 1.0, 3.0, 5.0, 0.0, 1.0, 2.0, 3.0, 8.0, 6.0, 7.0, 13.0, 11.0, 19.0, 20.0, 21.0, 19.0, 21.0, 16.0, 15.0, 22.0, 23.0, 28.0, 27.0, 15.0, 23.0, 19.0, 24.0, 30.0, 16.0, 22.0, 22.0, 18.0, 9.0, 14.0, 16.0, 12.0, 6.0, 10.0, 4.0, 3.0, 1.0, 1.0, 3.0, 1.0, 1.0, 0.0, 1.0, 1.0, 0.0, 0.0, 1.0, 0.0, 0.0, 0.0, 0.0, 1.0], "bins": [-0.03880785405635834, -0.037540752440690994, -0.03627365082502365, -0.03500654920935631, -0.033739447593688965, -0.03247234225273132, -0.03120524063706398, -0.029938139021396637, -0.028671037405729294, -0.02740393579006195, -0.026136834174394608, -0.024869730696082115, -0.023602629080414772, -0.02233552746474743, -0.021068423986434937, -0.019801322370767593, -0.01853422075510025, -0.017267119139432907, -0.016000017523765564, -0.014732914045453072, -0.013465812429785728, -0.012198710814118385, -0.010931608267128468, -0.00966450572013855, -0.008397404104471207, -0.007130302023142576, -0.005863199941813946, -0.004596097860485315, -0.003328995779156685, -0.0020618936978280544, -0.000794791616499424, 0.0004723109304904938, 0.0017394088208675385, 0.003006510902196169, 0.004273612983524799, 0.00554071506485343, 0.00680781714618206, 0.008074918761849403, 0.009342021308839321, 0.010609123855829239, 0.011876225471496582, 0.013143327087163925, 0.014410429634153843, 0.01567753218114376, 0.016944633796811104, 0.018211735412478447, 0.01947883889079094, 0.020745940506458282, 0.022013042122125626, 0.02328014373779297, 0.024547245353460312, 0.025814348831772804, 0.027081450447440147, 0.02834855206310749, 0.029615655541419983, 0.030882757157087326, 0.03214985877275467, 0.03341696038842201, 0.034684062004089355, 0.0359511636197567, 0.03721826523542404, 0.03848537057638168, 0.039752472192049026, 0.04101957380771637, 0.04228667542338371]}, "gradients/graph_54spatial.1.weight": {"_type": "histogram", "values": [1.0, 0.0, 0.0, 0.0, 1.0, 0.0, 0.0, 0.0, 0.0, 0.0, 0.0, 0.0, 1.0, 1.0, 0.0, 0.0, 0.0, 0.0, 0.0, 0.0, 0.0, 0.0, 0.0, 0.0, 0.0, 0.0, 0.0, 0.0, 0.0, 0.0, 0.0, 0.0, 0.0, 0.0, 0.0, 0.0, 0.0, 1.0, 0.0, 0.0, 0.0, 1.0, 0.0, 0.0, 1.0, 1.0, 0.0, 0.0, 0.0, 0.0, 0.0, 0.0, 0.0, 0.0, 0.0, 1.0, 0.0, 0.0, 0.0, 0.0, 0.0, 0.0, 0.0, 1.0], "bins": [-0.12217697501182556, -0.11838763952255249, -0.11459830403327942, -0.11080896854400635, -0.10701963305473328, -0.1032302975654602, -0.09944096207618713, -0.09565162658691406, -0.09186229109764099, -0.08807295560836792, -0.08428362011909485, -0.08049428462982178, -0.0767049491405487, -0.07291561365127563, -0.06912627816200256, -0.06533694267272949, -0.06154761463403702, -0.05775827914476395, -0.053968943655490875, -0.050179608166217804, -0.04639027267694473, -0.04260093718767166, -0.03881160542368889, -0.03502226993441582, -0.031232938170433044, -0.027443602681159973, -0.023654267191886902, -0.01986493356525898, -0.01607559807598591, -0.012286262586712837, -0.008496928960084915, -0.004707593470811844, -0.000918261706829071, 0.002871073316782713, 0.006660408340394497, 0.010449742898344994, 0.014239078387618065, 0.018028413876891136, 0.021817747503519058, 0.02560708299279213, 0.0293964222073555, 0.03318575769662857, 0.03697509318590164, 0.04076442867517471, 0.044553764164447784, 0.048343099653720856, 0.05213243141770363, 0.0559217669069767, 0.05971109867095947, 0.06350043416023254, 0.06728976964950562, 0.07107910513877869, 0.07486844062805176, 0.07865777611732483, 0.0824471116065979, 0.08623644709587097, 0.09002578258514404, 0.09381511807441711, 0.09760445356369019, 0.10139378905296326, 0.10518312454223633, 0.1089724600315094, 0.11276179552078247, 0.11655113101005554, 0.12034045904874802]}, "gradients/graph_54spatial.1.bias": {"_type": "histogram", "values": [1.0, 0.0, 0.0, 0.0, 0.0, 0.0, 1.0, 0.0, 0.0, 0.0, 0.0, 0.0, 0.0, 0.0, 0.0, 1.0, 0.0, 1.0, 0.0, 0.0, 0.0, 0.0, 0.0, 0.0, 0.0, 0.0, 0.0, 0.0, 0.0, 0.0, 0.0, 0.0, 0.0, 0.0, 0.0, 0.0, 0.0, 0.0, 0.0, 0.0, 1.0, 0.0, 0.0, 1.0, 1.0, 0.0, 0.0, 0.0, 0.0, 1.0, 0.0, 0.0, 0.0, 0.0, 0.0, 0.0, 0.0, 0.0, 0.0, 0.0, 0.0, 1.0, 0.0, 1.0], "bins": [-0.14781071245670319, -0.14343814551830292, -0.13906559348106384, -0.13469302654266357, -0.1303204596042633, -0.12594789266586304, -0.12157533317804337, -0.1172027736902237, -0.11283020675182343, -0.10845763981342316, -0.10408508032560349, -0.09971252083778381, -0.09533995389938354, -0.09096738696098328, -0.0865948274731636, -0.08222226798534393, -0.07784970104694366, -0.0734771341085434, -0.06910457462072372, -0.06473201513290405, -0.060359448194503784, -0.055986884981393814, -0.051614321768283844, -0.047241758555173874, -0.042869195342063904, -0.038496632128953934, -0.034124068915843964, -0.029751505702733994, -0.025378942489624023, -0.021006379276514053, -0.016633816063404083, -0.012261252850294113, -0.007888689637184143, -0.003516126424074173, 0.0008564367890357971, 0.005229000002145767, 0.009601563215255737, 0.013974126428365707, 0.018346689641475677, 0.022719252854585648, 0.027091816067695618, 0.03146437928080559, 0.03583694249391556, 0.04020950570702553, 0.0445820689201355, 0.04895463213324547, 0.05332719534635544, 0.05769975855946541, 0.06207232177257538, 0.06644488871097565, 0.07081744819879532, 0.07519000768661499, 0.07956257462501526, 0.08393514156341553, 0.0883077010512352, 0.09268026053905487, 0.09705282747745514, 0.10142539441585541, 0.10579795390367508, 0.11017051339149475, 0.11454308032989502, 0.11891564726829529, 0.12328820675611496, 0.12766076624393463, 0.1320333331823349]}, "gradients/graph_54spatial.0.weight": {"_type": "histogram",