{"batch loss": 0.22386059165000916, "_timestamp": 1651793165, "_runtime": 1236, "_step": 649, "epoch": 24, "train/train_loss": 0.16495859116315842, "train/train_acc": 0.9638324873096447, "train/train_f1": 0.9631959143382406, "val/val_loss": 1.3022809425989788, "val/vaL_acc": 0.5883190883190883, "val/val_f1": 0.5837956502213815, "gradients/graph_34fc2.bias": {"_type": "histogram", "values": [1.0, 0.0, 0.0, 0.0, 0.0, 0.0, 0.0, 0.0, 0.0, 0.0, 0.0, 0.0, 0.0, 0.0, 0.0, 1.0, 0.0, 0.0, 0.0, 0.0, 0.0, 0.0, 0.0, 0.0, 0.0, 0.0, 0.0, 0.0, 0.0, 0.0, 0.0, 0.0, 0.0, 0.0, 0.0, 0.0, 0.0, 0.0, 0.0, 0.0, 0.0, 0.0, 0.0, 0.0, 0.0, 0.0, 0.0, 0.0, 0.0, 0.0, 0.0, 0.0, 0.0, 0.0, 0.0, 0.0, 0.0, 0.0, 0.0, 0.0, 0.0, 0.0, 0.0, 1.0], "bins": [-0.018747694790363312, -0.01803845912218094, -0.017329223453998566, -0.016619987785816193, -0.01591075211763382, -0.015201516449451447, -0.014492281712591648, -0.013783046044409275, -0.013073810376226902, -0.012364574708044529, -0.011655339039862156, -0.010946104303002357, -0.010236868634819984, -0.009527632966637611, -0.008818397298455238, -0.008109161630272865, -0.007399925962090492, -0.006690690293908119, -0.005981454625725746, -0.00527221942320466, -0.004562983755022287, -0.0038537480868399143, -0.0031445128843188286, -0.0024352772161364555, -0.001726042479276657, -0.0010168069275096059, -0.00030757137574255466, 0.00040166405960917473, 0.0011108997277915478, 0.0018201353959739208, 0.0025293705984950066, 0.0032386062666773796, 0.003947842866182327, 0.0046570785343647, 0.005366314202547073, 0.006075549405068159, 0.006784785073250532, 0.007494020741432905, 0.008203255943953991, 0.008912491612136364, 0.009621728211641312, 0.010330963879823685, 0.011040199548006058, 0.01174943521618843, 0.012458670884370804, 0.013167906552553177, 0.013877141289412975, 0.014586376957595348, 0.015295611694455147, 0.01600484736263752, 0.016714083030819893, 0.017423318699002266, 0.01813255436718464, 0.018841790035367012, 0.019551023840904236, 0.02026025950908661, 0.020969495177268982, 0.021678730845451355, 0.022387966513633728, 0.0230972021818161, 0.023806437849998474, 0.024515673518180847, 0.02522490918636322, 0.025934144854545593, 0.026643380522727966]}, "gradients/graph_34fc2.weight": {"_type": "histogram", "values": [1.0, 0.0, 0.0, 0.0, 1.0, 1.0, 1.0, 3.0, 1.0, 3.0, 4.0, 7.0, 5.0, 9.0, 13.0, 14.0, 23.0, 33.0, 36.0, 49.0, 81.0, 84.0, 117.0, 161.0, 166.0, 187.0, 186.0, 191.0, 186.0, 165.0, 161.0, 140.0, 126.0, 140.0, 134.0, 105.0, 119.0, 94.0, 102.0, 77.0, 76.0, 70.0, 59.0, 66.0, 33.0, 37.0, 19.0, 12.0, 11.0, 16.0, 10.0, 1.0, 5.0, 3.0, 1.0, 3.0, 1.0, 4.0, 0.0, 4.0, 1.0, 1.0, 0.0, 1.0], "bins": [-0.0467323437333107, -0.04520667344331741, -0.043681006878614426, -0.04215533658862114, -0.04062966629862785, -0.039103999733924866, -0.03757832944393158, -0.03605265915393829, -0.03452698886394501, -0.03300131857395172, -0.031475652009248734, -0.029949981719255447, -0.02842431142926216, -0.026898643001914024, -0.025372974574565887, -0.0238473042845726, -0.022321637719869614, -0.020795969292521477, -0.01927029900252819, -0.017744630575180054, -0.016218960285186768, -0.01469329185783863, -0.013167623430490494, -0.011641954071819782, -0.01011628657579422, -0.008590617217123508, -0.007064948324114084, -0.00553927943110466, -0.0040136100724339485, -0.002487940713763237, -0.0009622722864151001, 0.0005633970722556114, 0.0020890720188617706, 0.0036147411447018385, 0.005140410270541906, 0.006666079163551331, 0.008191748522222042, 0.009717417880892754, 0.01124308630824089, 0.012768755666911602, 0.014294426888227463, 0.0158200953155756, 0.017345765605568886, 0.018871434032917023, 0.02039710432291031, 0.021922772750258446, 0.023448441177606583, 0.02497411146759987, 0.026499778032302856, 0.028025446459650993, 0.02955111674964428, 0.031076785176992416, 0.0326024554669857, 0.03412812203168869, 0.035653792321681976, 0.03717946261167526, 0.03870513290166855, 0.040230803191661835, 0.04175646975636482, 0.04328214004635811, 0.044807810336351395, 0.04633347690105438, 0.04785914719104767, 0.049384817481040955, 0.05091048404574394]}, "gradients/graph_34spatial.1.weight": {"_type": "histogram", "values": [2.0, 1.0, 0.0, 0.0, 0.0, 0.0, 0.0, 1.0, 0.0, 1.0, 1.0, 0.0, 2.0, 0.0, 0.0, 1.0, 1.0, 1.0, 0.0, 1.0, 1.0, 0.0, 2.0, 0.0, 0.0, 0.0, 1.0, 0.0, 0.0, 0.0, 0.0, 2.0, 0.0, 0.0, 0.0, 1.0, 1.0, 1.0, 3.0, 1.0, 1.0, 0.0, 2.0, 1.0, 0.0, 1.0, 1.0, 2.0, 0.0, 0.0, 0.0, 0.0, 0.0, 2.0, 1.0, 0.0, 2.0, 1.0, 0.0, 0.0, 0.0, 0.0, 0.0, 1.0], "bins": [-0.05837174132466316, -0.056674253195524216, -0.05497676506638527, -0.05327927693724632, -0.051581788808107376, -0.04988430067896843, -0.04818681254982948, -0.046489324420690536, -0.04479183629155159, -0.04309434816241264, -0.0413968600332737, -0.03969937190413475, -0.038001883774995804, -0.03630439564585686, -0.03460690751671791, -0.032909419387578964, -0.031211931258440018, -0.02951444312930107, -0.027816955000162125, -0.026119466871023178, -0.02442197874188423, -0.022724490612745285, -0.02102700248360634, -0.019329514354467392, -0.017632026225328445, -0.0159345380961895, -0.014237049967050552, -0.012539561837911606, -0.01084207370877266, -0.009144585579633713, -0.007447097450494766, -0.00574960932135582, -0.004052124917507172, -0.002354636788368225, -0.0006571486592292786, 0.001040339469909668, 0.0027378275990486145, 0.004435315728187561, 0.006132803857326508, 0.007830291986465454, 0.0095277801156044, 0.011225268244743347, 0.012922756373882294, 0.01462024450302124, 0.016317732632160187, 0.018015220761299133, 0.01971270889043808, 0.021410197019577026, 0.023107685148715973, 0.02480517327785492, 0.026502661406993866, 0.028200149536132812, 0.02989763766527176, 0.031595125794410706, 0.03329261392354965, 0.0349901020526886, 0.036687590181827545, 0.03838507831096649, 0.04008256644010544, 0.041780054569244385, 0.04347754269838333, 0.04517503082752228, 0.046872518956661224, 0.04857000708580017, 0.05026749521493912]}, "gradients/graph_34spatial.1.bias": {"_type": "histogram", "values": [1.0, 0.0, 0.0, 0.0, 0.0, 1.0, 0.0, 0.0, 0.0, 0.0, 1.0, 2.0, 0.0, 0.0, 1.0, 0.0, 0.0, 0.0, 0.0, 3.0, 1.0, 0.0, 1.0, 1.0, 0.0, 0.0, 0.0, 1.0, 0.0, 1.0, 3.0, 1.0, 0.0, 0.0, 0.0, 3.0, 1.0, 1.0, 1.0, 2.0, 2.0, 1.0, 1.0, 0.0, 0.0, 0.0, 0.0, 0.0, 0.0, 1.0, 1.0, 1.0, 1.0, 1.0, 0.0, 1.0, 0.0, 1.0, 0.0, 0.0, 0.0, 0.0, 2.0, 1.0], "bins": [-0.07053579390048981, -0.06848254799842834, -0.06642930209636688, -0.06437605619430542, -0.06232281029224396, -0.060269564390182495, -0.05821631848812103, -0.05616307258605957, -0.05410982668399811, -0.052056580781936646, -0.05000333487987518, -0.04795008897781372, -0.04589684307575226, -0.043843597173690796, -0.041790351271629333, -0.03973710536956787, -0.03768385574221611, -0.03563060984015465, -0.033577363938093185, -0.03152411803603172, -0.02947087213397026, -0.027417626231908798, -0.025364378467202187, -0.023311132565140724, -0.021257884800434113, -0.01920463889837265, -0.017151392996311188, -0.01509814616292715, -0.013044900260865688, -0.010991654358804226, -0.008938407525420189, -0.0068851616233587265, -0.004831913858652115, -0.002778667723760009, -0.0007254215888679028, 0.001327824778854847, 0.0033810706809163094, 0.005434316582977772, 0.007487563416361809, 0.009540809318423271, 0.011594053357839584, 0.013647299259901047, 0.01570054516196251, 0.01775379106402397, 0.019807036966085434, 0.021860282868146896, 0.023913530632853508, 0.02596677653491497, 0.028020024299621582, 0.030073270201683044, 0.03212651610374451, 0.03417976200580597, 0.03623300790786743, 0.038286253809928894, 0.040339499711990356, 0.04239274561405182, 0.04444599151611328, 0.046499237418174744, 0.048552483320236206, 0.05060572922229767, 0.05265897512435913, 0.05471222102642059, 0.056765466928482056, 0.05881871283054352, 0.06087196245789528]}, "gradients/graph_34spatial.0.weight": {"_type": "histogram",