{"batch loss": 0.9237248301506042, "_timestamp": 1651756842, "_runtime": 208, "_step": 259, "epoch": 9, "train/train_loss": 0.9208987879753113, "train/train_acc": 142.88, "train/train_f1": 0.5635639136564612, "val/val_loss": 0.9677280783653259, "val/vaL_acc": 125.33333333333333, "val/val_f1": 0.5345300154863081, "gradients/fc2.bias": {"_type": "histogram", "values": [1.0, 0.0, 0.0, 0.0, 0.0, 0.0, 0.0, 0.0, 0.0, 0.0, 0.0, 0.0, 0.0, 0.0, 0.0, 0.0, 0.0, 0.0, 0.0, 0.0, 0.0, 0.0, 0.0, 0.0, 0.0, 0.0, 0.0, 0.0, 0.0, 0.0, 0.0, 0.0, 0.0, 0.0, 0.0, 0.0, 0.0, 0.0, 0.0, 0.0, 0.0, 0.0, 0.0, 0.0, 0.0, 0.0, 1.0, 0.0, 0.0, 0.0, 0.0, 0.0, 0.0, 0.0, 0.0, 0.0, 0.0, 0.0, 0.0, 0.0, 0.0, 0.0, 0.0, 1.0], "bins": [-0.026559505611658096, -0.025835273787379265, -0.025111041963100433, -0.024386808276176453, -0.02366257645189762, -0.02293834462761879, -0.022214112803339958, -0.021489880979061127, -0.020765649154782295, -0.020041417330503464, -0.019317185506224632, -0.0185929536819458, -0.01786871999502182, -0.01714448817074299, -0.016420256346464157, -0.015696024522185326, -0.01497179176658392, -0.014247559942305088, -0.013523327186703682, -0.01279909536242485, -0.012074863538146019, -0.011350631713867188, -0.010626398958265781, -0.00990216713398695, -0.009177934378385544, -0.008453702554106712, -0.0077294702641665936, -0.007005237974226475, -0.006281006149947643, -0.0055567738600075245, -0.004832541570067406, -0.004108309745788574, -0.0033840779215097427, -0.0026598458644002676, -0.0019356136908754706, -0.0012113815173506737, -0.00048714946024119854, 0.0002370825968682766, 0.0009613148868083954, 0.0016855467110872269, 0.0024097785353660583, 0.0031340105924755335, 0.0038582426495850086, 0.004582474939525127, 0.005306706763803959, 0.006030939053744078, 0.0067551713436841965, 0.007479403167963028, 0.008203635923564434, 0.008927867747843266, 0.009652100503444672, 0.010376332327723503, 0.011100564152002335, 0.011824795976281166, 0.012549028731882572, 0.013273260556161404, 0.01399749331176281, 0.014721725136041641, 0.015445957891643047, 0.016170188784599304, 0.016894422471523285, 0.017618654295802116, 0.018342886120080948, 0.01906711794435978, 0.01979134976863861]}, "gradients/fc2.weight": {"_type": "histogram", "values": [1.0, 1.0, 1.0, 2.0, 0.0, 1.0, 0.0, 1.0, 2.0, 3.0, 1.0, 1.0, 4.0, 7.0, 5.0, 9.0, 9.0, 11.0, 8.0, 10.0, 12.0, 11.0, 17.0, 20.0, 30.0, 28.0, 23.0, 33.0, 31.0, 26.0, 22.0, 42.0, 35.0, 36.0, 30.0, 39.0, 40.0, 31.0, 28.0, 36.0, 30.0, 35.0, 23.0, 30.0, 23.0, 14.0, 12.0, 11.0, 14.0, 10.0, 9.0, 7.0, 10.0, 9.0, 3.0, 7.0, 0.0, 1.0, 2.0, 0.0, 2.0, 0.0, 0.0, 1.0], "bins": [-0.04589717090129852, -0.04454517364501953, -0.04319317638874054, -0.04184117913246155, -0.040489181876182556, -0.039137184619903564, -0.03778518736362457, -0.03643319010734558, -0.03508119285106659, -0.0337291955947876, -0.032377198338508606, -0.031025201082229614, -0.029673203825950623, -0.02832120656967163, -0.02696920931339264, -0.025617212057113647, -0.024265212938189507, -0.022913215681910515, -0.021561218425631523, -0.02020922116935253, -0.01885722391307354, -0.017505226656794548, -0.016153227537870407, -0.01480123121291399, -0.013449233025312424, -0.012097235769033432, -0.01074523851275444, -0.009393241256475449, -0.008041244000196457, -0.006689246278256178, -0.005337248556315899, -0.003985251300036907, -0.00263325497508049, -0.0012812576023861766, 7.073977030813694e-05, 0.0014227372594177723, 0.002774734515696764, 0.004126731771975756, 0.005478729493916035, 0.006830726750195026, 0.008182723075151443, 0.009534720331430435, 0.010886717587709427, 0.012238714843988419, 0.01359071210026741, 0.014942709356546402, 0.016294706612825394, 0.017646703869104385, 0.018998702988028526, 0.020350700244307518, 0.02170269750058651, 0.0230546947568655, 0.024406692013144493, 0.025758689269423485, 0.027110688388347626, 0.028462685644626617, 0.02981468290090561, 0.0311666801571846, 0.03251867741346359, 0.033870674669742584, 0.035222671926021576, 0.03657466918230057, 0.03792666643857956, 0.03927866369485855, 0.04063066095113754]}, "gradients/spatial.1.weight": {"_type": "histogram", "values": [1.0, 0.0, 0.0, 0.0, 0.0, 0.0, 0.0, 0.0, 0.0, 0.0, 0.0, 1.0, 0.0, 0.0, 1.0, 0.0, 0.0, 1.0, 1.0, 0.0, 0.0, 1.0, 1.0, 0.0, 0.0, 0.0, 1.0, 0.0, 0.0, 0.0, 0.0, 0.0, 0.0, 0.0, 0.0, 0.0, 1.0, 0.0, 0.0, 0.0, 0.0, 0.0, 0.0, 0.0, 0.0, 0.0, 0.0, 0.0, 0.0, 0.0, 0.0, 0.0, 0.0, 0.0, 0.0, 0.0, 0.0, 0.0, 0.0, 0.0, 0.0, 0.0, 0.0, 1.0], "bins": [-0.01791093870997429, -0.01722835563123226, -0.016545772552490234, -0.015863191336393356, -0.015180608257651329, -0.014498025178909302, -0.013815443031489849, -0.013132860884070396, -0.01245027780532837, -0.011767694726586342, -0.01108511257916689, -0.010402530431747437, -0.00971994735300541, -0.009037364274263382, -0.00835478212684393, -0.007672199513763189, -0.006989616900682449, -0.006307034287601709, -0.005624451674520969, -0.004941869061440229, -0.0042592864483594894, -0.0035767038352787495, -0.0028941212221980095, -0.0022115386091172695, -0.0015289559960365295, -0.0008463733829557896, -0.0001637907698750496, 0.0005187918432056904, 0.0012013744562864304, 0.0018839570693671703, 0.0025665396824479103, 0.0032491222955286503, 0.003931703045964241, 0.004614285659044981, 0.005296868272125721, 0.005979450885206461, 0.006662033498287201, 0.007344616111367941, 0.008027198724448681, 0.008709780871868134, 0.00939236395061016, 0.010074947029352188, 0.01075752917677164, 0.011440111324191093, 0.01212269440293312, 0.012805277481675148, 0.0134878596290946, 0.014170441776514053, 0.01485302485525608, 0.015535607933998108, 0.016218189150094986, 0.016900772228837013, 0.01758335530757904, 0.018265938386321068, 0.018948521465063095, 0.019631102681159973, 0.020313685759902, 0.020996268838644028, 0.021678850054740906, 0.022361433133482933, 0.02304401621222496, 0.023726599290966988, 0.024409182369709015, 0.025091763585805893, 0.02577434666454792]}, "gradients/spatial.1.bias": {"_type": "histogram", "values": [1.0, 0.0, 0.0, 0.0, 0.0, 0.0, 0.0, 0.0, 0.0, 0.0, 0.0, 0.0, 0.0, 0.0, 0.0, 1.0, 1.0, 0.0, 0.0, 0.0, 0.0, 0.0, 0.0, 0.0, 0.0, 0.0, 1.0, 0.0, 0.0, 0.0, 0.0, 0.0, 1.0, 0.0, 0.0, 0.0, 1.0, 0.0, 0.0, 0.0, 0.0, 0.0, 0.0, 0.0, 0.0, 0.0, 0.0, 0.0, 0.0, 0.0, 0.0, 0.0, 0.0, 0.0, 0.0, 0.0, 2.0, 0.0, 0.0, 0.0, 1.0, 0.0, 0.0, 1.0], "bins": [-0.06177539750933647, -0.06021798774600029, -0.05866057425737381, -0.05710316449403763, -0.05554575473070145, -0.053988341242074966, -0.052430931478738785, -0.050873517990112305, -0.04931610822677612, -0.04775869846343994, -0.04620128497481346, -0.04464387521147728, -0.0430864654481411, -0.04152905195951462, -0.039971642196178436, -0.038414232432842255, -0.03685682266950607, -0.03529941290616989, -0.03374199941754341, -0.03218458965420723, -0.0306271780282259, -0.029069766402244568, -0.027512356638908386, -0.025954945012927055, -0.024397533386945724, -0.022840121760964394, -0.021282711997628212, -0.01972530037164688, -0.01816788874566555, -0.01661047711968422, -0.015053067356348038, -0.013495655730366707, -0.011938244104385376, -0.01038083340972662, -0.008823421783745289, -0.007266011089086533, -0.005708599928766489, -0.0041511887684464455, -0.002593778073787689, -0.0010363664478063583, 0.0005210451781749725, 0.002078456338495016, 0.003635867265984416, 0.005193278193473816, 0.0067506893537938595, 0.008308100514113903, 0.00986551120877266, 0.01142292283475399, 0.012980332598090172, 0.014537743292748928, 0.016095153987407684, 0.017652565613389015, 0.019209977239370346, 0.020767387002706528, 0.02232479862868786, 0.02388221025466919, 0.02543962001800537, 0.026997031643986702, 0.028554441407322884, 0.030111853033304214, 0.031669262796640396, 0.033226676285266876, 0.03478408604860306, 0.03634149581193924, 0.03789890930056572]}, "gradients/spatial.0.weight": {"_type": "histogram",