{"batch loss": 0.840296745300293, "_timestamp": 1651798074, "_runtime": 386, "_step": 649, "epoch": 24, "train/train_loss": 0.7514688515663147, "train/train_acc": 0.65625, "train/train_f1": 0.6533146656229039, "val/val_loss": 0.8889059027036031, "val/vaL_acc": 0.5797720797720798, "val/val_f1": 0.5723335686554875, "gradients/graph_41fc2.bias": {"_type": "histogram", "values": [1.0, 0.0, 0.0, 0.0, 0.0, 0.0, 0.0, 0.0, 0.0, 0.0, 0.0, 1.0, 0.0, 0.0, 0.0, 0.0, 0.0, 0.0, 0.0, 0.0, 0.0, 0.0, 0.0, 0.0, 0.0, 0.0, 0.0, 0.0, 0.0, 0.0, 0.0, 0.0, 0.0, 0.0, 0.0, 0.0, 0.0, 0.0, 0.0, 0.0, 0.0, 0.0, 0.0, 0.0, 0.0, 0.0, 0.0, 0.0, 0.0, 0.0, 0.0, 0.0, 0.0, 0.0, 0.0, 0.0, 0.0, 0.0, 0.0, 0.0, 0.0, 0.0, 0.0, 1.0], "bins": [-0.026803473010659218, -0.025739748030900955, -0.024676023051142693, -0.02361229807138443, -0.022548574954271317, -0.021484849974513054, -0.02042112499475479, -0.01935740001499653, -0.018293675035238266, -0.017229950055480003, -0.01616622507572174, -0.015102501027286053, -0.014038776978850365, -0.012975051999092102, -0.01191132701933384, -0.010847602039575577, -0.009783878922462463, -0.0087201539427042, -0.007656429894268513, -0.00659270491451025, -0.005528980400413275, -0.0044652558863162994, -0.003401530906558037, -0.0023378063924610615, -0.0012740809470415115, -0.00021035631652921438, 0.0008533683139830828, 0.0019170930609107018, 0.002980817575007677, 0.004044542089104652, 0.005108267068862915, 0.00617199158295989, 0.00723571702837944, 0.008299442008137703, 0.009363166056573391, 0.010426891036331654, 0.011490615084767342, 0.012554340064525604, 0.013618065044283867, 0.01468179002404213, 0.015745513141155243, 0.016809238120913506, 0.017872963100671768, 0.01893668621778488, 0.020000411197543144, 0.021064136177301407, 0.02212786115705967, 0.023191586136817932, 0.024255311116576195, 0.025319036096334457, 0.02638276107609272, 0.027446486055850983, 0.028510209172964096, 0.02957393415272236, 0.03063765913248062, 0.031701382249593735, 0.03276510909199715, 0.03382883220911026, 0.03489255905151367, 0.035956282168626785, 0.0370200090110302, 0.03808373212814331, 0.03914745897054672, 0.040211182087659836, 0.04127490520477295]}, "gradients/graph_41fc2.weight": {"_type": "histogram", "values": [1.0, 0.0, 0.0, 0.0, 0.0, 2.0, 2.0, 2.0, 4.0, 3.0, 6.0, 7.0, 9.0, 8.0, 11.0, 11.0, 19.0, 16.0, 21.0, 32.0, 39.0, 37.0, 31.0, 40.0, 51.0, 41.0, 43.0, 25.0, 33.0, 32.0, 25.0, 25.0, 23.0, 15.0, 23.0, 25.0, 16.0, 18.0, 31.0, 10.0, 18.0, 19.0, 10.0, 4.0, 12.0, 8.0, 6.0, 3.0, 9.0, 2.0, 3.0, 2.0, 3.0, 1.0, 1.0, 0.0, 0.0, 0.0, 0.0, 0.0, 0.0, 1.0, 0.0, 1.0], "bins": [-0.02831839770078659, -0.027309494093060493, -0.026300592347979546, -0.02529168874025345, -0.0242827869951725, -0.023273883387446404, -0.022264979779720306, -0.02125607803463936, -0.02024717442691326, -0.019238270819187164, -0.018229369074106216, -0.01722046546638012, -0.016211561858654022, -0.015202660113573074, -0.014193756505846977, -0.013184853829443455, -0.012175951153039932, -0.01116704847663641, -0.010158145800232887, -0.00914924219250679, -0.008140339516103268, -0.007131436839699745, -0.006122533697634935, -0.005113630555570126, -0.004104727879166603, -0.003095824969932437, -0.002086922060698271, -0.0010780191514641047, -6.911624222993851e-05, 0.000939786434173584, 0.0019486895762383938, 0.0029575927183032036, 0.003966491669416428, 0.00497539434581995, 0.00598429748788476, 0.00699320062994957, 0.008002103306353092, 0.009011005982756615, 0.010019909590482712, 0.011028812266886234, 0.012037714943289757, 0.01304661761969328, 0.014055520296096802, 0.015064423903822899, 0.016073327511548996, 0.017082229256629944, 0.01809113286435604, 0.019100036472082138, 0.020108938217163086, 0.021117841824889183, 0.02212674356997013, 0.023135647177696228, 0.024144548922777176, 0.025153452530503273, 0.02616235613822937, 0.027171257883310318, 0.028180161491036415, 0.029189065098762512, 0.03019796684384346, 0.031206870451569557, 0.032215774059295654, 0.0332246758043766, 0.03423357754945755, 0.035242483019828796, 0.036251384764909744]}, "gradients/graph_41spatial.1.weight": {"_type": "histogram", "values": [1.0, 0.0, 0.0, 0.0, 0.0, 0.0, 0.0, 0.0, 0.0, 1.0, 0.0, 0.0, 0.0, 0.0, 0.0, 0.0, 2.0, 0.0, 0.0, 0.0, 0.0, 0.0, 0.0, 0.0, 0.0, 0.0, 0.0, 0.0, 0.0, 0.0, 0.0, 0.0, 1.0, 1.0, 0.0, 0.0, 0.0, 0.0, 0.0, 0.0, 1.0, 0.0, 0.0, 0.0, 0.0, 0.0, 0.0, 0.0, 0.0, 0.0, 0.0, 0.0, 0.0, 0.0, 0.0, 0.0, 1.0, 0.0, 0.0, 0.0, 1.0, 0.0, 0.0, 1.0], "bins": [-0.15742145478725433, -0.15285317599773407, -0.1482848972082138, -0.14371661841869354, -0.13914833962917328, -0.13458006083965302, -0.13001178205013275, -0.1254435032606125, -0.12087522447109222, -0.11630694568157196, -0.1117386668920517, -0.10717038810253143, -0.10260210931301117, -0.0980338305234909, -0.09346555173397064, -0.08889727294445038, -0.08432898670434952, -0.07976070791482925, -0.07519242912530899, -0.07062415033578873, -0.06605587154626846, -0.0614875927567482, -0.05691931024193764, -0.052351031452417374, -0.04778274893760681, -0.04321447014808655, -0.038646191358566284, -0.03407791256904602, -0.029509631916880608, -0.024941353127360344, -0.02037307247519493, -0.015804793685674667, -0.011236518621444702, -0.006668239366263151, -0.0020999601110816, 0.002468319609761238, 0.007036598399281502, 0.011604877188801765, 0.01617315784096718, 0.020741436630487442, 0.025309711694717407, 0.02987799048423767, 0.034446269273757935, 0.0390145480632782, 0.04358282685279846, 0.048151105642318726, 0.05271938815712929, 0.05728766694664955, 0.061855949461460114, 0.06642422825098038, 0.07099250704050064, 0.0755607858300209, 0.08012906461954117, 0.08469734340906143, 0.08926562964916229, 0.09383390843868256, 0.09840218722820282, 0.10297046601772308, 0.10753874480724335, 0.11210702359676361, 0.11667530238628387, 0.12124358117580414, 0.1258118599653244, 0.13038013875484467, 0.13494841754436493]}, "gradients/graph_41spatial.1.bias": {"_type": "histogram", "values": [1.0, 0.0, 0.0, 0.0, 0.0, 0.0, 0.0, 0.0, 0.0, 0.0, 0.0, 0.0, 0.0, 0.0, 0.0, 0.0, 0.0, 1.0, 0.0, 0.0, 1.0, 0.0, 0.0, 0.0, 0.0, 1.0, 0.0, 0.0, 0.0, 0.0, 0.0, 0.0, 1.0, 0.0, 0.0, 0.0, 1.0, 0.0, 0.0, 0.0, 0.0, 0.0, 0.0, 1.0, 0.0, 0.0, 0.0, 0.0, 0.0, 0.0, 0.0, 0.0, 0.0, 0.0, 0.0, 0.0, 1.0, 0.0, 0.0, 1.0, 0.0, 0.0, 0.0, 1.0], "bins": [-0.23911061882972717, -0.23248420655727386, -0.22585779428482056, -0.21923136711120605, -0.21260495483875275, -0.20597854256629944, -0.19935213029384613, -0.19272571802139282, -0.18609929084777832, -0.179472878575325, -0.1728464663028717, -0.1662200391292572, -0.1595936268568039, -0.15296721458435059, -0.14634080231189728, -0.13971439003944397, -0.13308797776699066, -0.12646156549453735, -0.11983514577150345, -0.11320873349905014, -0.10658231377601624, -0.09995590150356293, -0.09332948923110962, -0.08670307695865631, -0.080076664686203, -0.0734502524137497, -0.06682383269071579, -0.06019742041826248, -0.053571004420518875, -0.04694458842277527, -0.04031817615032196, -0.033691760152578354, -0.027065351605415344, -0.020438935607671738, -0.01381252147257328, -0.007186107337474823, -0.0005596913397312164, 0.00606672465801239, 0.012693136930465698, 0.019319552928209305, 0.02594597637653351, 0.032572392374277115, 0.03919880837202072, 0.04582522064447403, 0.052451636642217636, 0.05907805263996124, 0.06570446491241455, 0.07233087718486786, 0.07895728945732117, 0.08558370172977448, 0.09221012145280838, 0.09883653372526169, 0.1054629534482956, 0.1120893657207489, 0.11871577799320221, 0.12534219026565552, 0.13196861743927002, 0.13859502971172333, 0.14522144198417664, 0.15184786915779114, 0.15847428143024445, 0.16510069370269775, 0.17172710597515106, 0.17835351824760437, 0.18497993052005768]}, "gradients/graph_41spatial.0.weight": {"_type": "histogram",