{"batch loss": 0.8515360951423645, "_timestamp": 1651862426, "_runtime": 443, "_step": 689, "epoch": 29, "train/train_loss": 0.796642317013307, "train/train_acc": 0.6473288048467046, "train/train_f1": 0.6447731076098911, "val/val_loss": 1.089428620679038, "val/vaL_acc": 0.4817190506735087, "val/val_f1": 0.4978266899230071, "gradients/graph_26fc2.bias": {"_type": "histogram", "values": [1.0, 0.0, 1.0, 0.0, 0.0, 0.0, 0.0, 0.0, 0.0, 0.0, 0.0, 0.0, 0.0, 0.0, 0.0, 0.0, 0.0, 0.0, 0.0, 0.0, 0.0, 0.0, 0.0, 0.0, 0.0, 0.0, 0.0, 0.0, 0.0, 0.0, 0.0, 0.0, 0.0, 0.0, 0.0, 0.0, 0.0, 0.0, 0.0, 0.0, 0.0, 0.0, 0.0, 0.0, 0.0, 0.0, 0.0, 0.0, 0.0, 0.0, 0.0, 0.0, 0.0, 0.0, 0.0, 0.0, 0.0, 0.0, 0.0, 0.0, 0.0, 0.0, 0.0, 1.0], "bins": [-0.03609141334891319, -0.03445320576429367, -0.03281499817967415, -0.031176790595054626, -0.029538583010435104, -0.027900375425815582, -0.02626216970384121, -0.024623962119221687, -0.022985754534602165, -0.021347546949982643, -0.01970933936536312, -0.018071133643388748, -0.016432926058769226, -0.01479471754282713, -0.013156510889530182, -0.01151830330491066, -0.009880095720291138, -0.008241888135671616, -0.006603681016713381, -0.004965473897755146, -0.003327266313135624, -0.0016890587285161018, -5.085207521915436e-05, 0.0015873555094003677, 0.0032255612313747406, 0.004863768815994263, 0.0065019759349524975, 0.008140183053910732, 0.009778390638530254, 0.011416598223149776, 0.013054804876446724, 0.014693012461066246, 0.01633121818304062, 0.01796942576766014, 0.019607633352279663, 0.021245840936899185, 0.022884048521518707, 0.02452225610613823, 0.026160461828112602, 0.027798669412732124, 0.029436878859996796, 0.031075086444616318, 0.03271329402923584, 0.03435150161385536, 0.035989709198474884, 0.037627916783094406, 0.03926612436771393, 0.04090432822704315, 0.042542535811662674, 0.044180743396282196, 0.04581895098090172, 0.04745715856552124, 0.04909536615014076, 0.050733573734760284, 0.05237177759408951, 0.05400998890399933, 0.05564819276332855, 0.057286400347948074, 0.058924607932567596, 0.06056281551718712, 0.06220102310180664, 0.06383922696113586, 0.06547743827104568, 0.06711564213037491, 0.06875385344028473]}, "gradients/graph_26fc2.weight": {"_type": "histogram", "values": [1.0, 0.0, 1.0, 0.0, 1.0, 1.0, 2.0, 6.0, 7.0, 3.0, 4.0, 9.0, 11.0, 12.0, 14.0, 29.0, 24.0, 27.0, 38.0, 38.0, 45.0, 43.0, 28.0, 41.0, 29.0, 38.0, 29.0, 23.0, 18.0, 19.0, 18.0, 13.0, 10.0, 14.0, 13.0, 10.0, 10.0, 4.0, 10.0, 16.0, 12.0, 16.0, 16.0, 16.0, 21.0, 20.0, 25.0, 14.0, 11.0, 10.0, 20.0, 15.0, 8.0, 9.0, 8.0, 3.0, 8.0, 5.0, 0.0, 2.0, 0.0, 1.0, 0.0, 1.0], "bins": [-0.021766047924757004, -0.021033823490142822, -0.02030159905552864, -0.01956937462091446, -0.018837152048945427, -0.018104927614331245, -0.017372703179717064, -0.016640478745102882, -0.0159082543104887, -0.01517602987587452, -0.014443806372582912, -0.013711581937968731, -0.01297935750335455, -0.012247134000062943, -0.011514909565448761, -0.01078268513083458, -0.010050461627542973, -0.009318237192928791, -0.008586013689637184, -0.007853789255023003, -0.007121564820408821, -0.006389340851455927, -0.005657116882503033, -0.004924892447888851, -0.004192668944597244, -0.0034604447428137064, -0.0027282205410301685, -0.0019959965720772743, -0.0012637723702937365, -0.0005315481685101986, 0.00020067580044269562, 0.0009329002350568771, 0.0016651246696710587, 0.0023973488714545965, 0.0031295730732381344, 0.0038617970421910286, 0.00459402147680521, 0.005326245445758104, 0.0060584694147109985, 0.00679069384932518, 0.007522918283939362, 0.008255142718553543, 0.00898736622184515, 0.009719590656459332, 0.010451815091073513, 0.01118403859436512, 0.011916263028979301, 0.012648487463593483, 0.01338071096688509, 0.014112935401499271, 0.014845158904790878, 0.01557738333940506, 0.01630960777401924, 0.017041832208633423, 0.017774056643247604, 0.018506281077861786, 0.019238503649830818, 0.019970728084445, 0.02070295251905918, 0.021435175091028214, 0.022167399525642395, 0.022899623960256577, 0.023631848394870758, 0.02436407282948494, 0.02509629726409912]}, "gradients/graph_26spatial.1.weight": {"_type": "histogram", "values": [1.0, 0.0, 0.0, 0.0, 0.0, 0.0, 1.0, 0.0, 1.0, 0.0, 0.0, 0.0, 0.0, 0.0, 0.0, 0.0, 0.0, 0.0, 0.0, 0.0, 0.0, 0.0, 0.0, 1.0, 0.0, 0.0, 0.0, 0.0, 0.0, 0.0, 0.0, 0.0, 0.0, 0.0, 0.0, 0.0, 1.0, 0.0, 0.0, 0.0, 0.0, 0.0, 1.0, 0.0, 0.0, 1.0, 0.0, 1.0, 0.0, 0.0, 0.0, 0.0, 0.0, 0.0, 0.0, 0.0, 1.0, 0.0, 0.0, 0.0, 0.0, 0.0, 0.0, 1.0], "bins": [-0.19503267109394073, -0.1890401989221573, -0.18304774165153503, -0.1770552694797516, -0.17106281220912933, -0.1650703400373459, -0.15907788276672363, -0.15308541059494019, -0.14709293842315674, -0.1411004662513733, -0.13510800898075104, -0.1291155368089676, -0.12312307208776474, -0.11713060736656189, -0.11113814264535904, -0.10514567792415619, -0.09915321320295334, -0.09316074848175049, -0.08716828376054764, -0.08117581903934479, -0.07518334686756134, -0.06919088214635849, -0.06319841742515564, -0.05720594897866249, -0.05121348798274994, -0.04522102326154709, -0.03922855481505394, -0.03323609009385109, -0.02724362351000309, -0.02125115692615509, -0.01525869220495224, -0.009266223758459091, -0.0032737553119659424, 0.00271871080622077, 0.008711176924407482, 0.014703642576932907, 0.020696109160780907, 0.026688575744628906, 0.03268104046583176, 0.038673508912324905, 0.044665977358818054, 0.050658442080020905, 0.05665091052651405, 0.0626433789730072, 0.06863584369421005, 0.0746283084154129, 0.08062077313661575, 0.0866132378578186, 0.09260570257902145, 0.0985981673002243, 0.10459063202142715, 0.11058309674263, 0.11657556891441345, 0.1225680336356163, 0.12856049835681915, 0.1345529705286026, 0.14054542779922485, 0.1465378999710083, 0.15253035724163055, 0.158522829413414, 0.16451528668403625, 0.1705077588558197, 0.17650023102760315, 0.1824926882982254, 0.18848516047000885]}, "gradients/graph_26spatial.1.bias": {"_type": "histogram", "values": [1.0, 0.0, 1.0, 0.0, 0.0, 0.0, 0.0, 0.0, 0.0, 0.0, 0.0, 0.0, 0.0, 0.0, 1.0, 0.0, 0.0, 0.0, 0.0, 0.0, 0.0, 0.0, 0.0, 0.0, 0.0, 0.0, 0.0, 1.0, 0.0, 0.0, 0.0, 0.0, 0.0, 0.0, 0.0, 0.0, 0.0, 0.0, 0.0, 0.0, 0.0, 0.0, 1.0, 0.0, 0.0, 1.0, 0.0, 1.0, 0.0, 1.0, 0.0, 0.0, 0.0, 0.0, 0.0, 0.0, 0.0, 0.0, 0.0, 0.0, 0.0, 0.0, 1.0, 1.0], "bins": [-0.2313450276851654, -0.224586620926857, -0.2178281992673874, -0.21106979250907898, -0.20431138575077057, -0.19755297899246216, -0.19079455733299255, -0.18403615057468414, -0.17727774381637573, -0.17051933705806732, -0.16376091539859772, -0.1570025086402893, -0.1502441018819809, -0.14348569512367249, -0.13672727346420288, -0.12996886670589447, -0.12321044504642487, -0.11645203083753586, -0.10969362407922745, -0.10293520987033844, -0.09617680311203003, -0.08941838890314102, -0.08265997469425201, -0.0759015679359436, -0.069143146276474, -0.06238473579287529, -0.05562632530927658, -0.04886791110038757, -0.042109500616788864, -0.035351090133190155, -0.028592675924301147, -0.02183426544070244, -0.01507587730884552, -0.008317465893924236, -0.0015590544790029526, 0.005199357867240906, 0.011957768350839615, 0.018716178834438324, 0.02547459304332733, 0.03223300352692604, 0.03899140655994415, 0.04574981704354286, 0.05250822752714157, 0.05926664173603058, 0.06602504849433899, 0.072783462703228, 0.079541876912117, 0.08630028367042542, 0.09305870532989502, 0.09981711953878403, 0.10657552629709244, 0.11333394050598145, 0.12009234726428986, 0.12685075402259827, 0.13360917568206787, 0.14036758244037628, 0.1471259891986847, 0.1538843959569931, 0.1606428176164627, 0.16740122437477112, 0.17415963113307953, 0.18091803789138794, 0.18767645955085754, 0.19443486630916595, 0.20119328796863556]}, "gradients/graph_26spatial.0.weight": {"_type": "histogram",