{"batch loss": 0.7410987615585327, "_timestamp": 1651780194, "_runtime": 874, "_step": 649, "epoch": 24, "train/train_loss": 0.7613938808441162, "train/train_acc": 0.6649746192893401, "train/train_f1": 0.6631564316781291, "val/val_loss": 0.9515888889630636, "val/vaL_acc": 0.5897435897435898, "val/val_f1": 0.5876777394182958, "gradients/graph_20fc2.bias": {"_type": "histogram", "values": [1.0, 0.0, 0.0, 0.0, 0.0, 0.0, 0.0, 0.0, 0.0, 0.0, 0.0, 0.0, 0.0, 0.0, 0.0, 0.0, 0.0, 0.0, 0.0, 0.0, 0.0, 0.0, 0.0, 0.0, 0.0, 0.0, 0.0, 0.0, 0.0, 0.0, 0.0, 0.0, 0.0, 0.0, 0.0, 0.0, 0.0, 0.0, 0.0, 0.0, 0.0, 0.0, 0.0, 0.0, 0.0, 0.0, 0.0, 0.0, 0.0, 0.0, 0.0, 0.0, 0.0, 0.0, 0.0, 0.0, 1.0, 0.0, 0.0, 0.0, 0.0, 0.0, 0.0, 1.0], "bins": [-0.029329407960176468, -0.028601963073015213, -0.02787451632320881, -0.027147071436047554, -0.0264196265488863, -0.025692179799079895, -0.02496473491191864, -0.024237290024757385, -0.02350984327495098, -0.022782398387789726, -0.022054951637983322, -0.021327506750822067, -0.020600061863660812, -0.019872615113854408, -0.019145170226693153, -0.01841772347688675, -0.017690278589725494, -0.01696283370256424, -0.016235386952757835, -0.01550794206559658, -0.014780496247112751, -0.014053050428628922, -0.013325605541467667, -0.012598159722983837, -0.011870715767145157, -0.011143269948661327, -0.010415825061500072, -0.009688379243016243, -0.008960933424532413, -0.008233487606048584, -0.007506042718887329, -0.0067785969004035, -0.00605115108191967, -0.005323705729097128, -0.004596259910613298, -0.0038688145577907562, -0.0031413689721375704, -0.0024139233864843845, -0.0016864780336618423, -0.0009590322151780128, -0.00023158639669418335, 0.0004958591307513416, 0.0012233046581968665, 0.0019507501274347305, 0.0026781957130879164, 0.0034056412987411022, 0.004133086651563644, 0.004860532470047474, 0.005587977357208729, 0.006315422710031271, 0.0070428685285151005, 0.007770313881337643, 0.008497759699821472, 0.009225204586982727, 0.009952650405466557, 0.010680096223950386, 0.011407541111111641, 0.01213498692959547, 0.012862431816756725, 0.013589877635240555, 0.014317323453724384, 0.015044769272208214, 0.01577221415936947, 0.016499660909175873, 0.017227105796337128]}, "gradients/graph_20fc2.weight": {"_type": "histogram", "values": [1.0, 0.0, 0.0, 0.0, 0.0, 1.0, 1.0, 1.0, 2.0, 0.0, 1.0, 1.0, 1.0, 6.0, 4.0, 6.0, 7.0, 6.0, 11.0, 13.0, 7.0, 12.0, 24.0, 18.0, 15.0, 13.0, 22.0, 20.0, 21.0, 27.0, 14.0, 22.0, 26.0, 21.0, 27.0, 19.0, 18.0, 12.0, 25.0, 14.0, 15.0, 11.0, 14.0, 10.0, 6.0, 10.0, 4.0, 5.0, 4.0, 2.0, 7.0, 4.0, 1.0, 1.0, 0.0, 1.0, 2.0, 1.0, 0.0, 0.0, 1.0, 0.0, 0.0, 2.0], "bins": [-0.02363589033484459, -0.022888649255037308, -0.022141406312584877, -0.021394165232777596, -0.020646924152970314, -0.019899681210517883, -0.019152440130710602, -0.01840519905090332, -0.01765795797109604, -0.016910716891288757, -0.016163473948836327, -0.015416232869029045, -0.014668991789221764, -0.013921749778091908, -0.013174507766962051, -0.01242726668715477, -0.01168002374470234, -0.010932781733572483, -0.010185540653765202, -0.009438298642635345, -0.008691057562828064, -0.007943815551698208, -0.007196573540568352, -0.006449331995099783, -0.0057020895183086395, -0.004954847972840071, -0.004207606427371502, -0.003460364416241646, -0.002713122870773077, -0.001965881325304508, -0.001218639314174652, -0.0004713977687060833, 0.00027584098279476166, 0.0010230826446786523, 0.001770324306562543, 0.0025175660848617554, 0.003264807630330324, 0.004012049175798893, 0.004759291186928749, 0.005506532732397318, 0.006253773346543312, 0.007001014892011881, 0.00774825643748045, 0.008495498448610306, 0.009242739528417587, 0.009989981539547443, 0.0107372235506773, 0.011484464630484581, 0.012231707572937012, 0.012978949584066868, 0.01372619066387415, 0.014473432675004005, 0.015220673754811287, 0.015967916697263718, 0.016715157777071, 0.01746239885687828, 0.018209639936685562, 0.018956881016492844, 0.019704123958945274, 0.020451365038752556, 0.021198606118559837, 0.021945849061012268, 0.02269309014081955, 0.02344033122062683, 0.024187574163079262]}, "gradients/graph_20spatial.1.weight": {"_type": "histogram", "values": [1.0, 0.0, 0.0, 0.0, 0.0, 0.0, 0.0, 0.0, 0.0, 1.0, 1.0, 0.0, 0.0, 1.0, 0.0, 1.0, 0.0, 0.0, 0.0, 1.0, 0.0, 1.0, 0.0, 2.0, 1.0, 0.0, 0.0, 0.0, 0.0, 0.0, 1.0, 0.0, 1.0, 0.0, 0.0, 0.0, 1.0, 0.0, 1.0, 0.0, 1.0, 0.0, 0.0, 1.0, 0.0, 0.0, 0.0, 0.0, 0.0, 0.0, 1.0, 0.0, 0.0, 0.0, 0.0, 0.0, 0.0, 1.0, 0.0, 0.0, 1.0, 0.0, 0.0, 1.0], "bins": [-0.03355986624956131, -0.03236033767461777, -0.031160810962319374, -0.02996128238737583, -0.02876175567507744, -0.027562227100133896, -0.026362698525190353, -0.02516317181289196, -0.023963645100593567, -0.022764116525650024, -0.02156458981335163, -0.02036506123840809, -0.019165534526109695, -0.017966005951166153, -0.01676647737622261, -0.015566950663924217, -0.014367422088980675, -0.013167894445359707, -0.011968366801738739, -0.010768838226795197, -0.009569311514496803, -0.00836978293955326, -0.007170255295932293, -0.005970727652311325, -0.004771199077367783, -0.0035716714337468147, -0.002372143557295203, -0.0011726156808435917, 2.6911962777376175e-05, 0.001226439606398344, 0.002425967715680599, 0.003625495359301567, 0.00482502207159996, 0.006024549715220928, 0.007224077358841896, 0.008423605933785439, 0.009623132646083832, 0.010822661221027374, 0.012022188864648342, 0.01322171650826931, 0.014421243220567703, 0.015620770864188671, 0.01682029850780964, 0.01801982708275318, 0.019219353795051575, 0.020418882369995117, 0.02161841094493866, 0.022817937657237053, 0.024017466232180595, 0.025216994807124138, 0.02641652151942253, 0.027616050094366074, 0.028815576806664467, 0.03001510538160801, 0.031214632093906403, 0.032414160668849945, 0.03361368924379349, 0.03481321781873703, 0.03601274639368057, 0.037212271243333817, 0.03841179981827736, 0.0396113283932209, 0.040810856968164444, 0.04201038181781769, 0.04320991039276123]}, "gradients/graph_20spatial.1.bias": {"_type": "histogram", "values": [1.0, 0.0, 0.0, 0.0, 0.0, 0.0, 0.0, 0.0, 1.0, 0.0, 0.0, 0.0, 0.0, 0.0, 0.0, 1.0, 0.0, 1.0, 0.0, 0.0, 0.0, 0.0, 1.0, 0.0, 1.0, 0.0, 0.0, 1.0, 0.0, 0.0, 0.0, 2.0, 1.0, 0.0, 1.0, 1.0, 1.0, 0.0, 0.0, 0.0, 0.0, 0.0, 0.0, 0.0, 1.0, 1.0, 0.0, 0.0, 0.0, 1.0, 0.0, 0.0, 0.0, 1.0, 1.0, 0.0, 0.0, 1.0, 0.0, 0.0, 0.0, 0.0, 0.0, 1.0], "bins": [-0.08978325128555298, -0.08712702989578247, -0.08447081595659256, -0.08181459456682205, -0.07915837317705154, -0.07650215923786163, -0.07384593784809113, -0.07118971645832062, -0.06853349506855011, -0.0658772736787796, -0.06322105973958969, -0.06056483834981918, -0.057908616960048676, -0.055252399295568466, -0.05259618163108826, -0.04993996024131775, -0.04728374630212784, -0.04462752863764763, -0.04197130724787712, -0.03931508958339691, -0.036658868193626404, -0.034002650529146194, -0.031346432864665985, -0.028690213337540627, -0.026033997535705566, -0.023377778008580208, -0.02072155848145485, -0.01806534081697464, -0.015409121289849281, -0.012752901762723923, -0.010096684098243713, -0.007440464571118355, -0.004784233868122101, -0.0021280148066580296, 0.0005282042548060417, 0.0031844228506088257, 0.005840642377734184, 0.008496861904859543, 0.011153079569339752, 0.01380929909646511, 0.016465522348880768, 0.019121741876006126, 0.021777961403131485, 0.024434179067611694, 0.027090398594737053, 0.02974661812186241, 0.03240283578634262, 0.03505905717611313, 0.03771527111530304, 0.04037148877978325, 0.04302771016955376, 0.045683927834033966, 0.048340149223804474, 0.05099636688828468, 0.05365258455276489, 0.0563088059425354, 0.05896502360701561, 0.06162124127149582, 0.06427746266126633, 0.06693367660045624, 0.06958989799022675, 0.07224611937999725, 0.07490234076976776, 0.07755855470895767, 0.08021477609872818]}, "gradients/graph_20spatial.0.weight": {"_type": "histogram",