{"batch loss": 0.5235165357589722, "_timestamp": 1651819000, "_runtime": 944, "_step": 649, "epoch": 24, "train/train_loss": 0.515074051618576, "train/train_acc": 0.8002855329949239, "train/train_f1": 0.7997731697973025, "val/val_loss": 0.9753477374712626, "val/vaL_acc": 0.6025641025641025, "val/val_f1": 0.5906312854569228, "gradients/graph_61fc2.bias": {"_type": "histogram", "values": [1.0, 0.0, 0.0, 0.0, 0.0, 0.0, 0.0, 0.0, 0.0, 0.0, 0.0, 0.0, 0.0, 0.0, 0.0, 0.0, 0.0, 0.0, 0.0, 0.0, 0.0, 0.0, 0.0, 0.0, 0.0, 0.0, 0.0, 0.0, 0.0, 0.0, 0.0, 0.0, 0.0, 0.0, 0.0, 0.0, 0.0, 0.0, 0.0, 0.0, 1.0, 0.0, 0.0, 0.0, 0.0, 0.0, 0.0, 0.0, 0.0, 0.0, 0.0, 0.0, 0.0, 0.0, 0.0, 0.0, 0.0, 0.0, 0.0, 0.0, 0.0, 0.0, 0.0, 1.0], "bins": [-0.03570007532835007, -0.03467182815074921, -0.033643584698438644, -0.032615337520837784, -0.03158709406852722, -0.03055884689092636, -0.02953060157597065, -0.02850235626101494, -0.027474110946059227, -0.026445865631103516, -0.025417620316147804, -0.024389375001192093, -0.023361127823591232, -0.02233288437128067, -0.02130463719367981, -0.020276391878724098, -0.019248146563768387, -0.018219901248812675, -0.017191655933856964, -0.016163410618901253, -0.015135164372622967, -0.014106919057667255, -0.01307867281138897, -0.012050427496433258, -0.011022182181477547, -0.009993936866521835, -0.008965691551566124, -0.007937445305287838, -0.006909199990332127, -0.005880954675376415, -0.004852708894759417, -0.003824463114142418, -0.002796214073896408, -0.001767968526110053, -0.000739722978323698, 0.000288522569462657, 0.001316768117249012, 0.0023450134322047234, 0.003373259212821722, 0.004401504993438721, 0.005429750308394432, 0.006457995623350143, 0.007486241403967142, 0.00851448718458414, 0.009542732499539852, 0.010570977814495564, 0.01159922406077385, 0.01262746937572956, 0.013655714690685272, 0.014683960005640984, 0.015712205320596695, 0.016740450635552406, 0.017768695950508118, 0.01879694312810898, 0.01982518844306469, 0.0208534337580204, 0.021881679072976112, 0.022909924387931824, 0.023938169702887535, 0.024966415017843246, 0.025994662195444107, 0.02702290564775467, 0.02805115282535553, 0.02907939814031124, 0.030107643455266953]}, "gradients/graph_61fc2.weight": {"_type": "histogram", "values": [1.0, 0.0, 0.0, 1.0, 2.0, 0.0, 0.0, 2.0, 1.0, 0.0, 6.0, 4.0, 2.0, 7.0, 7.0, 8.0, 7.0, 8.0, 11.0, 16.0, 20.0, 15.0, 11.0, 13.0, 13.0, 13.0, 26.0, 19.0, 26.0, 29.0, 24.0, 33.0, 32.0, 33.0, 37.0, 38.0, 32.0, 39.0, 37.0, 20.0, 18.0, 13.0, 12.0, 9.0, 13.0, 6.0, 6.0, 6.0, 4.0, 11.0, 4.0, 2.0, 5.0, 2.0, 4.0, 2.0, 1.0, 1.0, 2.0, 1.0, 2.0, 0.0, 1.0, 2.0], "bins": [-0.03679457679390907, -0.03565928712487221, -0.03452399745583534, -0.03338870778679848, -0.03225342184305191, -0.031118130311369896, -0.02998284250497818, -0.028847552835941315, -0.02771226316690445, -0.026576973497867584, -0.02544168382883072, -0.024306396022439003, -0.023171106353402138, -0.022035816684365273, -0.020900528877973557, -0.01976523920893669, -0.018629949539899826, -0.01749465987086296, -0.016359370201826096, -0.01522408239543438, -0.014088792726397514, -0.012953503057360649, -0.011818214319646358, -0.010682925581932068, -0.009547635912895203, -0.008412346243858337, -0.007277057506144047, -0.006141768302768469, -0.005006479099392891, -0.003871189896017313, -0.002735900692641735, -0.0016006119549274445, -0.0004653260111808777, 0.0006699631921947002, 0.0018052523955702782, 0.002940541598945856, 0.004075830802321434, 0.005211120005697012, 0.00634640920907259, 0.0074816979467868805, 0.008616987615823746, 0.009752277284860611, 0.010887566022574902, 0.012022854760289192, 0.013158144429326057, 0.014293434098362923, 0.015428722836077213, 0.016564011573791504, 0.01769930124282837, 0.018834590911865234, 0.0199698805809021, 0.021105168387293816, 0.02224045805633068, 0.023375747725367546, 0.024511035531759262, 0.025646325200796127, 0.026781614869832993, 0.027916904538869858, 0.029052194207906723, 0.03018748201429844, 0.031322769820690155, 0.03245805948972702, 0.033593349158763885, 0.03472863882780075, 0.035863928496837616]}, "gradients/graph_61spatial.1.weight": {"_type": "histogram", "values": [1.0, 0.0, 0.0, 0.0, 0.0, 0.0, 0.0, 0.0, 1.0, 0.0, 1.0, 0.0, 1.0, 1.0, 0.0, 0.0, 1.0, 0.0, 0.0, 0.0, 0.0, 1.0, 2.0, 1.0, 3.0, 0.0, 1.0, 2.0, 1.0, 2.0, 1.0, 0.0, 1.0, 0.0, 0.0, 1.0, 1.0, 0.0, 0.0, 0.0, 1.0, 0.0, 1.0, 1.0, 0.0, 0.0, 2.0, 0.0, 0.0, 0.0, 0.0, 0.0, 1.0, 0.0, 0.0, 0.0, 0.0, 0.0, 0.0, 0.0, 0.0, 0.0, 0.0, 1.0], "bins": [-0.08284354209899902, -0.08010604977607727, -0.07736856490373611, -0.07463107258081436, -0.0718935877084732, -0.06915609538555145, -0.0664186030626297, -0.06368111073970795, -0.06094362586736679, -0.058206137269735336, -0.05546864867210388, -0.05273115634918213, -0.049993667751550674, -0.04725617915391922, -0.04451868683099747, -0.04178119823336601, -0.03904370963573456, -0.036306221038103104, -0.03356873244047165, -0.030831240117549896, -0.028093751519918442, -0.025356262922286987, -0.022618772462010384, -0.01988128200173378, -0.017143793404102325, -0.014406303875148296, -0.011668814346194267, -0.008931324817240238, -0.006193835288286209, -0.00345634575933218, -0.0007188562303781509, 0.0020186342298984528, 0.004756122827529907, 0.007493612356483936, 0.010231101885437965, 0.012968591414391994, 0.015706080943346024, 0.018443569540977478, 0.02118106000125408, 0.023918550461530685, 0.02665603905916214, 0.029393527656793594, 0.03213101625442505, 0.0348685085773468, 0.037605997174978256, 0.04034348577260971, 0.043080978095531464, 0.04581846669316292, 0.04855595529079437, 0.05129344388842583, 0.05403093248605728, 0.056768424808979034, 0.05950591340661049, 0.06224340200424194, 0.0649808943271637, 0.06771838665008545, 0.0704558715224266, 0.07319336384534836, 0.07593084871768951, 0.07866834104061127, 0.08140583336353302, 0.08414331823587418, 0.08688081055879593, 0.08961829543113708, 0.09235578775405884]}, "gradients/graph_61spatial.1.bias": {"_type": "histogram", "values": [1.0, 0.0, 0.0, 0.0, 1.0, 0.0, 0.0, 0.0, 1.0, 0.0, 0.0, 2.0, 1.0, 0.0, 0.0, 0.0, 0.0, 0.0, 0.0, 0.0, 0.0, 3.0, 1.0, 2.0, 2.0, 0.0, 0.0, 1.0, 2.0, 0.0, 0.0, 1.0, 0.0, 0.0, 2.0, 2.0, 0.0, 0.0, 0.0, 1.0, 0.0, 0.0, 0.0, 0.0, 1.0, 0.0, 1.0, 0.0, 0.0, 2.0, 0.0, 0.0, 1.0, 0.0, 0.0, 0.0, 0.0, 0.0, 0.0, 0.0, 1.0, 0.0, 0.0, 1.0], "bins": [-0.05857382342219353, -0.05662234127521515, -0.05467086285352707, -0.05271938070654869, -0.05076790228486061, -0.04881642013788223, -0.04686494171619415, -0.044913459569215775, -0.042961977422237396, -0.04101049527525902, -0.03905901685357094, -0.03710753470659256, -0.03515605628490448, -0.0332045741379261, -0.03125309199094772, -0.029301613569259644, -0.027350135147571564, -0.025398654863238335, -0.023447174578905106, -0.021495692431926727, -0.019544214010238647, -0.01759273186326027, -0.01564125157892704, -0.013689771294593811, -0.011738289147615433, -0.009786808863282204, -0.007835328578948975, -0.005883847363293171, -0.003932367078959942, -0.001980886794626713, -2.940557897090912e-05, 0.00192207470536232, 0.0038735568523406982, 0.005825037136673927, 0.007776517886668444, 0.00972799863666296, 0.011679478920996189, 0.013630959205329418, 0.015582440420985222, 0.01753392070531845, 0.01948539912700653, 0.02143687941133976, 0.02338835969567299, 0.025339841842651367, 0.027291320264339447, 0.029242802411317825, 0.031194282695651054, 0.03314576297998428, 0.03509724512696266, 0.03704872727394104, 0.03900020569562912, 0.0409516878426075, 0.04290316626429558, 0.044854648411273956, 0.046806126832962036, 0.048757608979940414, 0.05070909112691879, 0.05266057327389717, 0.05461205169558525, 0.05656353384256363, 0.05851501226425171, 0.06046649441123009, 0.062417976558208466, 0.06436945497989655, 0.06632093340158463]}, "gradients/graph_61spatial.0.weight": {"_type": "histogram",