{"batch loss": 0.8123694658279419, "_timestamp": 1651848543, "_runtime": 475, "_step": 689, "epoch": 29, "train/train_loss": 0.7198326777328145, "train/train_acc": 0.6913897558288966, "train/train_f1": 0.6863206709111789, "val/val_loss": 1.2354366098131453, "val/vaL_acc": 0.47787042976266836, "val/val_f1": 0.4722165205357502, "gradients/graph_7fc2.bias": {"_type": "histogram", "values": [1.0, 0.0, 0.0, 0.0, 0.0, 0.0, 0.0, 0.0, 0.0, 0.0, 0.0, 0.0, 0.0, 0.0, 0.0, 0.0, 0.0, 0.0, 0.0, 0.0, 0.0, 1.0, 0.0, 0.0, 0.0, 0.0, 0.0, 0.0, 0.0, 0.0, 0.0, 0.0, 0.0, 0.0, 0.0, 0.0, 0.0, 0.0, 0.0, 0.0, 0.0, 0.0, 0.0, 0.0, 0.0, 0.0, 0.0, 0.0, 0.0, 0.0, 0.0, 0.0, 0.0, 0.0, 0.0, 0.0, 0.0, 0.0, 0.0, 0.0, 0.0, 0.0, 0.0, 1.0], "bins": [-0.0307538453489542, -0.02966994419693947, -0.028586041182279587, -0.027502140030264854, -0.026418238878250122, -0.02533433586359024, -0.024250434711575508, -0.023166533559560776, -0.022082630544900894, -0.020998729392886162, -0.01991482637822628, -0.018830925226211548, -0.017747024074196815, -0.016663122922182083, -0.015579219907522202, -0.01449531875550747, -0.013411417603492737, -0.01232751552015543, -0.011243614368140697, -0.01015971228480339, -0.009075811132788658, -0.007991909049451351, -0.006908006966114044, -0.0058241053484380245, -0.00474020279943943, -0.0036563011817634106, -0.0025723993312567472, -0.001488497480750084, -0.00040459586307406425, 0.0006793057546019554, 0.0017632078379392624, 0.002847109455615282, 0.003931008279323578, 0.0050149098969995975, 0.006098811514675617, 0.007182713598012924, 0.008266614750027657, 0.009350516833364964, 0.01043441891670227, 0.011518320068717003, 0.012602221220731735, 0.013686123304069042, 0.014770024456083775, 0.01585392653942108, 0.016937827691435814, 0.018021728843450546, 0.019105631858110428, 0.02018953301012516, 0.021273436024785042, 0.022357337176799774, 0.023441240191459656, 0.024525141343474388, 0.02560904249548912, 0.026692945510149002, 0.027776846662163734, 0.028860747814178467, 0.02994465082883835, 0.03102855198085308, 0.03211245313286781, 0.033196356147527695, 0.034280259162187576, 0.03536415845155716, 0.03644806146621704, 0.03753196448087692, 0.038615863770246506]}, "gradients/graph_7fc2.weight": {"_type": "histogram", "values": [1.0, 0.0, 0.0, 0.0, 1.0, 0.0, 3.0, 4.0, 1.0, 5.0, 5.0, 1.0, 5.0, 3.0, 7.0, 6.0, 9.0, 9.0, 10.0, 17.0, 17.0, 25.0, 20.0, 19.0, 27.0, 29.0, 27.0, 37.0, 37.0, 34.0, 37.0, 34.0, 41.0, 27.0, 31.0, 32.0, 29.0, 37.0, 37.0, 27.0, 25.0, 20.0, 24.0, 26.0, 15.0, 21.0, 19.0, 12.0, 12.0, 5.0, 8.0, 6.0, 4.0, 3.0, 4.0, 2.0, 1.0, 0.0, 0.0, 0.0, 0.0, 1.0, 0.0, 1.0], "bins": [-0.03555227816104889, -0.03446246311068535, -0.03337264806032181, -0.03228283300995827, -0.031193016096949577, -0.030103201046586037, -0.029013384133577347, -0.027923569083213806, -0.026833754032850266, -0.025743938982486725, -0.024654123932123184, -0.023564307019114494, -0.022474491968750954, -0.021384676918387413, -0.020294860005378723, -0.019205044955015182, -0.018115229904651642, -0.0170254148542881, -0.01593559980392456, -0.01484578289091587, -0.01375596784055233, -0.01266615279018879, -0.011576336808502674, -0.010486520826816559, -0.009396705776453018, -0.008306890726089478, -0.007217074744403362, -0.006127259228378534, -0.005037443712353706, -0.003947628196328878, -0.0028578126803040504, -0.0017679971642792225, -0.0006781816482543945, 0.0004116338677704334, 0.0015014493837952614, 0.0025912648998200893, 0.0036810804158449173, 0.004770895931869745, 0.005860711447894573, 0.006950526963919401, 0.008040342479944229, 0.00913015753030777, 0.010219973511993885, 0.01130978949368, 0.012399604544043541, 0.013489419594407082, 0.014579235576093197, 0.015669051557779312, 0.016758866608142853, 0.017848681658506393, 0.018938496708869934, 0.020028313621878624, 0.021118128672242165, 0.022207943722605705, 0.023297760635614395, 0.024387575685977936, 0.025477390736341476, 0.026567205786705017, 0.027657020837068558, 0.028746837750077248, 0.02983665280044079, 0.03092646785080433, 0.03201628476381302, 0.03310609981417656, 0.0341959148645401]}, "gradients/graph_7spatial.1.weight": {"_type": "histogram", "values": [1.0, 0.0, 0.0, 0.0, 0.0, 0.0, 0.0, 0.0, 0.0, 0.0, 0.0, 0.0, 0.0, 0.0, 0.0, 0.0, 0.0, 0.0, 0.0, 0.0, 0.0, 0.0, 0.0, 0.0, 1.0, 0.0, 1.0, 0.0, 0.0, 0.0, 0.0, 0.0, 0.0, 1.0, 0.0, 0.0, 2.0, 0.0, 0.0, 0.0, 1.0, 1.0, 0.0, 0.0, 0.0, 0.0, 0.0, 1.0, 0.0, 0.0, 0.0, 0.0, 0.0, 0.0, 0.0, 0.0, 0.0, 0.0, 0.0, 0.0, 0.0, 0.0, 0.0, 1.0], "bins": [-0.19562065601348877, -0.1909407079219818, -0.18626074492931366, -0.1815807968378067, -0.17690083384513855, -0.1722208857536316, -0.16754092276096344, -0.16286097466945648, -0.15818101167678833, -0.15350106358528137, -0.14882110059261322, -0.14414115250110626, -0.1394611895084381, -0.13478124141693115, -0.130101278424263, -0.12542133033275604, -0.12074137479066849, -0.11606141924858093, -0.11138146370649338, -0.10670150816440582, -0.10202155262231827, -0.09734159708023071, -0.09266164898872375, -0.0879816859960556, -0.08330173790454865, -0.07862178236246109, -0.07394182682037354, -0.06926187127828598, -0.06458191573619843, -0.05990196019411087, -0.055222008377313614, -0.05054205283522606, -0.04586208611726761, -0.041182130575180054, -0.0365021750330925, -0.031822219491004944, -0.027142265811562538, -0.022462310269474983, -0.017782356590032578, -0.013102401047945023, -0.00842244178056717, -0.0037424867041409016, 0.0009374683722853661, 0.005617422983050346, 0.010297378525137901, 0.014977334067225456, 0.019657287746667862, 0.024337243288755417, 0.029017195105552673, 0.03369715064764023, 0.03837710618972778, 0.04305706173181534, 0.04773701727390289, 0.05241697281599045, 0.057096924632787704, 0.06177688017487526, 0.06645683944225311, 0.07113679498434067, 0.07581675052642822, 0.08049670606851578, 0.08517666161060333, 0.08985661715269089, 0.09453657269477844, 0.0992165207862854, 0.10389647632837296]}, "gradients/graph_7spatial.1.bias": {"_type": "histogram", "values": [1.0, 0.0, 0.0, 0.0, 0.0, 0.0, 0.0, 0.0, 0.0, 0.0, 0.0, 0.0, 0.0, 0.0, 1.0, 0.0, 0.0, 0.0, 0.0, 0.0, 1.0, 0.0, 0.0, 0.0, 0.0, 0.0, 0.0, 0.0, 0.0, 0.0, 2.0, 0.0, 0.0, 0.0, 2.0, 0.0, 0.0, 0.0, 1.0, 0.0, 0.0, 0.0, 0.0, 0.0, 0.0, 0.0, 0.0, 0.0, 0.0, 0.0, 0.0, 0.0, 0.0, 0.0, 0.0, 0.0, 1.0, 0.0, 0.0, 0.0, 0.0, 0.0, 0.0, 1.0], "bins": [-0.23504845798015594, -0.2291303426027298, -0.22321224212646484, -0.2172941267490387, -0.21137602627277374, -0.2054579108953476, -0.19953981041908264, -0.1936216950416565, -0.18770357966423035, -0.1817854642868042, -0.17586736381053925, -0.1699492484331131, -0.16403114795684814, -0.158113032579422, -0.15219491720199585, -0.1462768167257309, -0.14035871624946594, -0.1344406008720398, -0.12852250039577484, -0.1226043850183487, -0.11668628454208374, -0.11076816916465759, -0.10485006123781204, -0.09893195331096649, -0.09301383793354034, -0.0870957300066948, -0.08117762207984924, -0.0752595067024231, -0.06934140622615814, -0.063423290848732, -0.057505182921886444, -0.051587074995040894, -0.045668959617614746, -0.039750851690769196, -0.033832743763923645, -0.027914632111787796, -0.021996524184942245, -0.016078416258096695, -0.010160304605960846, -0.004242196679115295, 0.0016759037971496582, 0.007594012655317783, 0.013512121513485909, 0.01943023130297661, 0.02534833922982216, 0.03126644715666771, 0.03718455880880356, 0.04310266673564911, 0.049020782113075256, 0.05493889003992081, 0.06085699796676636, 0.0667751133441925, 0.07269321382045746, 0.0786113291978836, 0.08452943712472916, 0.09044754505157471, 0.09636565297842026, 0.10228376090526581, 0.10820186883211136, 0.11411997675895691, 0.12003809213638306, 0.125956192612648, 0.13187430799007416, 0.1377924084663391, 0.14371052384376526]}, "gradients/graph_7spatial.0.weight": {"_type": "histogram",