{"batch loss": 0.9042481780052185, "_timestamp": 1651859932, "_runtime": 410, "_step": 689, "epoch": 29, "train/train_loss": 0.7902634658596732, "train/train_acc": 0.6581604552964935, "train/train_f1": 0.6535419437336331, "val/val_loss": 1.0759775383131844, "val/vaL_acc": 0.5099422706863374, "val/val_f1": 0.48371679152704633, "gradients/graph_22fc2.bias": {"_type": "histogram", "values": [1.0, 0.0, 0.0, 0.0, 0.0, 0.0, 0.0, 0.0, 0.0, 0.0, 0.0, 0.0, 0.0, 0.0, 0.0, 0.0, 0.0, 0.0, 0.0, 0.0, 0.0, 0.0, 0.0, 0.0, 0.0, 0.0, 0.0, 0.0, 0.0, 0.0, 0.0, 0.0, 0.0, 0.0, 0.0, 0.0, 0.0, 0.0, 0.0, 0.0, 0.0, 0.0, 0.0, 0.0, 0.0, 0.0, 0.0, 0.0, 0.0, 0.0, 0.0, 0.0, 0.0, 0.0, 1.0, 0.0, 0.0, 0.0, 0.0, 0.0, 0.0, 0.0, 0.0, 1.0], "bins": [-0.03675580024719238, -0.035828597843647, -0.034901391714811325, -0.033974189311265945, -0.033046986907720566, -0.032119784504175186, -0.031192580237984657, -0.03026537597179413, -0.02933817356824875, -0.02841096930205822, -0.02748376689851284, -0.02655656263232231, -0.025629360228776932, -0.024702155962586403, -0.023774953559041023, -0.022847749292850494, -0.021920546889305115, -0.020993342623114586, -0.020066140219569206, -0.019138935953378677, -0.018211733549833298, -0.01728452928364277, -0.01635732688009739, -0.01543012261390686, -0.014502918347716331, -0.013575715012848377, -0.012648511677980423, -0.011721308343112469, -0.010794105008244514, -0.009866900742053986, -0.008939698338508606, -0.008012494072318077, -0.0070852916687726974, -0.006158088333904743, -0.005230884999036789, -0.004303681664168835, -0.0033764780964702368, -0.002449274528771639, -0.0015220711939036846, -0.0005948678590357304, 0.0003323350101709366, 0.0012595383450388908, 0.002186741679906845, 0.003113945247605443, 0.004041148349642754, 0.004968352150171995, 0.005895555485039949, 0.006822758819907904, 0.007749962620437145, 0.0086771659553051, 0.009604369290173054, 0.010531572625041008, 0.011458775959908962, 0.012385979294776917, 0.013313183560967445, 0.014240385964512825, 0.015167590230703354, 0.016094794496893883, 0.017021996900439262, 0.01794920116662979, 0.01887640357017517, 0.0198036078363657, 0.02073081023991108, 0.02165801450610161, 0.022585216909646988]}, "gradients/graph_22fc2.weight": {"_type": "histogram", "values": [1.0, 0.0, 1.0, 0.0, 1.0, 0.0, 1.0, 0.0, 2.0, 3.0, 2.0, 0.0, 1.0, 8.0, 6.0, 8.0, 11.0, 9.0, 11.0, 16.0, 14.0, 19.0, 22.0, 19.0, 20.0, 22.0, 7.0, 16.0, 16.0, 17.0, 11.0, 13.0, 27.0, 28.0, 23.0, 24.0, 25.0, 34.0, 30.0, 39.0, 42.0, 39.0, 44.0, 30.0, 35.0, 38.0, 40.0, 33.0, 29.0, 21.0, 19.0, 20.0, 10.0, 9.0, 2.0, 2.0, 2.0, 2.0, 0.0, 1.0, 2.0, 0.0, 1.0, 2.0], "bins": [-0.03942839056253433, -0.03835315257310867, -0.037277914583683014, -0.036202676594257355, -0.035127438604831696, -0.034052200615406036, -0.03297696262598038, -0.03190172463655472, -0.03082648478448391, -0.02975124679505825, -0.02867600880563259, -0.027600770816206932, -0.026525530964136124, -0.025450292974710464, -0.024375054985284805, -0.023299816995859146, -0.022224579006433487, -0.021149341017007828, -0.02007410302758217, -0.01899886503815651, -0.01792362704873085, -0.01684838905930519, -0.015773149207234383, -0.014697911217808723, -0.013622673228383064, -0.012547435238957405, -0.011472197249531746, -0.010396958328783512, -0.009321720339357853, -0.008246482349932194, -0.007171243894845247, -0.006096005439758301, -0.005020767450332642, -0.003945529460906982, -0.002870291005820036, -0.001795052783563733, -0.0007198145613074303, 0.0003554234281182289, 0.0014306618832051754, 0.002505900338292122, 0.003581138327717781, 0.00465637631714344, 0.005731614772230387, 0.006806853227317333, 0.007882091216742992, 0.008957329206168652, 0.010032568126916885, 0.011107806116342545, 0.012183044105768204, 0.013258282095193863, 0.014333520084619522, 0.015408759005367756, 0.01648399606347084, 0.0175592340528965, 0.018634473904967308, 0.019709711894392967, 0.020784949883818626, 0.021860187873244286, 0.022935425862669945, 0.024010663852095604, 0.025085903704166412, 0.02616114169359207, 0.02723637968301773, 0.02831161767244339, 0.02938685566186905]}, "gradients/graph_22spatial.1.weight": {"_type": "histogram", "values": [1.0, 0.0, 0.0, 0.0, 0.0, 0.0, 0.0, 1.0, 0.0, 1.0, 0.0, 0.0, 0.0, 1.0, 0.0, 0.0, 0.0, 0.0, 0.0, 0.0, 0.0, 0.0, 0.0, 0.0, 0.0, 1.0, 0.0, 0.0, 0.0, 0.0, 0.0, 0.0, 0.0, 0.0, 0.0, 0.0, 0.0, 0.0, 1.0, 0.0, 0.0, 0.0, 1.0, 0.0, 0.0, 1.0, 0.0, 0.0, 1.0, 0.0, 0.0, 0.0, 0.0, 0.0, 0.0, 0.0, 0.0, 0.0, 0.0, 0.0, 0.0, 0.0, 0.0, 1.0], "bins": [-0.09629444032907486, -0.09307157248258591, -0.08984869718551636, -0.0866258293390274, -0.08340296149253845, -0.0801800936460495, -0.07695722579956055, -0.073734350502491, -0.07051148265600204, -0.06728861480951309, -0.06406573951244354, -0.06084287166595459, -0.05762000381946564, -0.054397135972976685, -0.051174264401197433, -0.04795139282941818, -0.04472852498292923, -0.04150565713644028, -0.038282785564661026, -0.035059913992881775, -0.03183704614639282, -0.02861417643725872, -0.02539130672812462, -0.022168437018990517, -0.018945567309856415, -0.015722697600722313, -0.012499827891588211, -0.00927695818245411, -0.006054088473320007, -0.0028312187641859055, 0.0003916509449481964, 0.0036145206540822983, 0.006837382912635803, 0.010060252621769905, 0.013283122330904007, 0.01650599204003811, 0.01972886174917221, 0.022951731458306313, 0.026174601167440414, 0.029397470876574516, 0.03262034058570862, 0.03584320843219757, 0.03906608000397682, 0.04228895157575607, 0.045511819422245026, 0.04873468726873398, 0.05195755884051323, 0.05518043041229248, 0.05840329825878143, 0.061626166105270386, 0.06484903395175934, 0.06807190924882889, 0.07129477709531784, 0.0745176449418068, 0.07774052023887634, 0.0809633880853653, 0.08418625593185425, 0.0874091237783432, 0.09063199162483215, 0.0938548669219017, 0.09707773476839066, 0.10030060261487961, 0.10352347791194916, 0.10674634575843811, 0.10996921360492706]}, "gradients/graph_22spatial.1.bias": {"_type": "histogram", "values": [1.0, 0.0, 0.0, 0.0, 0.0, 0.0, 0.0, 0.0, 0.0, 0.0, 0.0, 0.0, 0.0, 0.0, 0.0, 0.0, 0.0, 1.0, 0.0, 0.0, 0.0, 0.0, 1.0, 0.0, 0.0, 0.0, 0.0, 0.0, 0.0, 1.0, 0.0, 0.0, 0.0, 1.0, 0.0, 0.0, 0.0, 0.0, 0.0, 0.0, 0.0, 0.0, 0.0, 0.0, 0.0, 0.0, 0.0, 0.0, 0.0, 0.0, 0.0, 0.0, 1.0, 0.0, 0.0, 2.0, 0.0, 0.0, 0.0, 0.0, 1.0, 0.0, 0.0, 1.0], "bins": [-0.14298474788665771, -0.13926835358142853, -0.13555194437503815, -0.13183555006980896, -0.12811914086341858, -0.12440274655818939, -0.1206863522529602, -0.11696995049715042, -0.11325354874134064, -0.10953714698553085, -0.10582074522972107, -0.10210435092449188, -0.0983879491686821, -0.09467154741287231, -0.09095515310764313, -0.08723875135183334, -0.08352234959602356, -0.07980594784021378, -0.07608954608440399, -0.0723731517791748, -0.06865675002336502, -0.06494034826755524, -0.06122395023703575, -0.057507552206516266, -0.05379115045070648, -0.0500747486948967, -0.04635835066437721, -0.04264195263385773, -0.03892555087804794, -0.03520914912223816, -0.031492751091718674, -0.02777635119855404, -0.024059951305389404, -0.02034355141222477, -0.016627151519060135, -0.0129107516258955, -0.009194351732730865, -0.005477951839566231, -0.001761551946401596, 0.0019548479467630386, 0.005671247839927673, 0.009387647733092308, 0.013104047626256943, 0.016820447519421577, 0.020536847412586212, 0.024253247305750847, 0.02796964719891548, 0.03168604522943497, 0.03540244698524475, 0.039118848741054535, 0.04283524677157402, 0.046551644802093506, 0.05026804655790329, 0.053984448313713074, 0.05770084634423256, 0.061417244374752045, 0.06513364613056183, 0.06885004788637161, 0.0725664496421814, 0.07628284394741058, 0.07999924570322037, 0.08371564745903015, 0.08743204176425934, 0.09114844352006912, 0.0948648452758789]}, "gradients/graph_22spatial.0.weight": {"_type": "histogram",