{"batch loss": 0.6538503170013428, "_timestamp": 1651789909, "_runtime": 687, "_step": 649, "epoch": 24, "train/train_loss": 0.6222207474708558, "train/train_acc": 0.7293781725888325, "train/train_f1": 0.7270594339837483, "val/val_loss": 1.0065404772758484, "val/vaL_acc": 0.5797720797720798, "val/val_f1": 0.5759465708125543, "gradients/graph_31fc2.bias": {"_type": "histogram", "values": [1.0, 0.0, 0.0, 0.0, 0.0, 0.0, 0.0, 0.0, 0.0, 1.0, 0.0, 0.0, 0.0, 0.0, 0.0, 0.0, 0.0, 0.0, 0.0, 0.0, 0.0, 0.0, 0.0, 0.0, 0.0, 0.0, 0.0, 0.0, 0.0, 0.0, 0.0, 0.0, 0.0, 0.0, 0.0, 0.0, 0.0, 0.0, 0.0, 0.0, 0.0, 0.0, 0.0, 0.0, 0.0, 0.0, 0.0, 0.0, 0.0, 0.0, 0.0, 0.0, 0.0, 0.0, 0.0, 0.0, 0.0, 0.0, 0.0, 0.0, 0.0, 0.0, 0.0, 1.0], "bins": [-0.03852713853120804, -0.03694447875022888, -0.035361818969249725, -0.03377916291356087, -0.03219650313258171, -0.030613843351602554, -0.029031183570623398, -0.02744852565228939, -0.025865867733955383, -0.024283207952976227, -0.02270055003464222, -0.021117890253663063, -0.019535232335329056, -0.0179525725543499, -0.016369912773370743, -0.014787254855036736, -0.013204595074057579, -0.011621936224400997, -0.010039277374744415, -0.008456617593765259, -0.006873959209769964, -0.005291299894452095, -0.003708641044795513, -0.0021259821951389313, -0.0005433224141597748, 0.001039336551912129, 0.0026219955179840326, 0.004204654600471258, 0.00578731345012784, 0.007369972765445709, 0.008952631615102291, 0.010535290464758873, 0.01211794838309288, 0.013700607232749462, 0.015283266082406044, 0.0168659258633852, 0.018448583781719208, 0.020031243562698364, 0.02161390334367752, 0.023196561262011528, 0.024779219180345535, 0.026361878961324692, 0.0279445368796587, 0.029527196660637856, 0.031109854578971863, 0.03269251435995102, 0.034275174140930176, 0.03585783392190933, 0.03744049370288849, 0.039023153483867645, 0.0406058132648468, 0.04218846932053566, 0.043771129101514816, 0.04535378888249397, 0.04693644866347313, 0.04851910471916199, 0.050101764500141144, 0.0516844242811203, 0.05326708406209946, 0.054849740117788315, 0.05643239989876747, 0.05801505967974663, 0.059597719460725784, 0.06118037551641464, 0.0627630352973938]}, "gradients/graph_31fc2.weight": {"_type": "histogram", "values": [4.0, 3.0, 3.0, 3.0, 5.0, 10.0, 6.0, 8.0, 8.0, 15.0, 13.0, 21.0, 24.0, 31.0, 32.0, 41.0, 41.0, 60.0, 73.0, 54.0, 60.0, 61.0, 62.0, 56.0, 54.0, 70.0, 47.0, 58.0, 46.0, 37.0, 33.0, 31.0, 31.0, 37.0, 31.0, 21.0, 23.0, 9.0, 21.0, 25.0, 29.0, 22.0, 33.0, 37.0, 29.0, 31.0, 45.0, 35.0, 49.0, 40.0, 26.0, 30.0, 27.0, 23.0, 20.0, 11.0, 8.0, 9.0, 7.0, 5.0, 4.0, 3.0, 5.0, 4.0], "bins": [-0.024073123931884766, -0.023287512362003326, -0.022501898929476738, -0.0217162873595953, -0.02093067392706871, -0.02014506235718727, -0.019359450787305832, -0.018573837354779243, -0.017788223922252655, -0.017002612352371216, -0.016216998919844627, -0.015431387349963188, -0.0146457739174366, -0.01386016234755516, -0.013074549846351147, -0.012288937345147133, -0.011503325775265694, -0.01071771327406168, -0.009932100772857666, -0.009146489202976227, -0.008360875770449638, -0.007575263734906912, -0.006789651699364185, -0.0060040391981601715, -0.005218427628278732, -0.0044328151270747185, -0.0036472028587013483, -0.002861590590327978, -0.0020759780891239643, -0.0012903655879199505, -0.000504753552377224, 0.00028085894882678986, 0.001066470518708229, 0.001852082903496921, 0.002637695288285613, 0.0034233075566589832, 0.004208920057862997, 0.004994532559067011, 0.005780144594609737, 0.006565757095813751, 0.00735137052834034, 0.008136983029544353, 0.008922595530748367, 0.009708207100629807, 0.010493820533156395, 0.011279432103037834, 0.012065044604241848, 0.012850657105445862, 0.013636268675327301, 0.014421881176531315, 0.015207493677735329, 0.015993105247616768, 0.016778718680143356, 0.017564330250024796, 0.018349941819906235, 0.019135555252432823, 0.01992116868495941, 0.02070678025484085, 0.02149239368736744, 0.02227800525724888, 0.023063618689775467, 0.023849230259656906, 0.024634841829538345, 0.025420455262064934, 0.026206066831946373]}, "gradients/graph_31spatial.1.weight": {"_type": "histogram", "values": [1.0, 0.0, 0.0, 0.0, 0.0, 1.0, 0.0, 0.0, 1.0, 0.0, 0.0, 0.0, 0.0, 0.0, 0.0, 0.0, 0.0, 1.0, 1.0, 0.0, 0.0, 0.0, 1.0, 0.0, 0.0, 0.0, 0.0, 0.0, 0.0, 0.0, 0.0, 1.0, 2.0, 1.0, 2.0, 0.0, 0.0, 0.0, 1.0, 0.0, 0.0, 0.0, 1.0, 0.0, 0.0, 0.0, 2.0, 0.0, 1.0, 1.0, 0.0, 1.0, 0.0, 0.0, 0.0, 0.0, 0.0, 0.0, 0.0, 0.0, 0.0, 0.0, 0.0, 1.0], "bins": [-0.20321440696716309, -0.197064608335495, -0.1909148097038269, -0.18476502597332, -0.17861522734165192, -0.17246542870998383, -0.16631564497947693, -0.16016584634780884, -0.15401604771614075, -0.14786624908447266, -0.14171645045280457, -0.13556666672229767, -0.12941686809062958, -0.12326706945896149, -0.11711727827787399, -0.1109674870967865, -0.10481768846511841, -0.09866788983345032, -0.09251809865236282, -0.08636830747127533, -0.08021850883960724, -0.07406871020793915, -0.06791891902685165, -0.06176912412047386, -0.05561932921409607, -0.04946953430771828, -0.043319739401340485, -0.03716994449496269, -0.0310201495885849, -0.024870354682207108, -0.018720559775829315, -0.012570764869451523, -0.006420984864234924, -0.00027118995785713196, 0.00587860494852066, 0.012028399854898453, 0.018178194761276245, 0.024327989667654037, 0.03047778457403183, 0.03662757948040962, 0.042777374386787415, 0.04892716929316521, 0.055076964199543, 0.06122675910592079, 0.06737655401229858, 0.07352635264396667, 0.07967614382505417, 0.08582593500614166, 0.09197573363780975, 0.09812553226947784, 0.10427532345056534, 0.11042511463165283, 0.11657491326332092, 0.12272471189498901, 0.1288745105266571, 0.135024294257164, 0.1411740928888321, 0.14732389152050018, 0.15347367525100708, 0.15962347388267517, 0.16577327251434326, 0.17192307114601135, 0.17807286977767944, 0.18422265350818634, 0.19037245213985443]}, "gradients/graph_31spatial.1.bias": {"_type": "histogram", "values": [1.0, 0.0, 0.0, 0.0, 0.0, 0.0, 0.0, 1.0, 0.0, 0.0, 1.0, 0.0, 0.0, 0.0, 0.0, 0.0, 0.0, 0.0, 0.0, 0.0, 2.0, 0.0, 0.0, 0.0, 0.0, 0.0, 1.0, 0.0, 0.0, 0.0, 0.0, 0.0, 0.0, 0.0, 4.0, 1.0, 0.0, 0.0, 1.0, 0.0, 1.0, 0.0, 1.0, 0.0, 0.0, 0.0, 1.0, 1.0, 1.0, 1.0, 0.0, 0.0, 1.0, 0.0, 0.0, 0.0, 0.0, 0.0, 0.0, 0.0, 0.0, 0.0, 0.0, 1.0], "bins": [-0.2593328356742859, -0.2517193853855133, -0.24410592019557953, -0.23649246990680695, -0.22887901961803436, -0.22126555442810059, -0.213652104139328, -0.20603865385055542, -0.19842518866062164, -0.19081173837184906, -0.18319827318191528, -0.1755848228931427, -0.16797137260437012, -0.16035790741443634, -0.15274445712566376, -0.14513099193572998, -0.1375175416469574, -0.12990409135818481, -0.12229063361883163, -0.11467717587947845, -0.10706371814012527, -0.0994502604007721, -0.09183681011199951, -0.08422335237264633, -0.07660990953445435, -0.06899645179510117, -0.061382997781038284, -0.0537695437669754, -0.04615608602762222, -0.03854263201355934, -0.03092917799949646, -0.02331572026014328, -0.0157022625207901, -0.00808880664408207, -0.0004753516986966133, 0.007138103246688843, 0.014751559123396873, 0.022365015000104904, 0.029978469014167786, 0.037591926753520966, 0.045205384492874146, 0.05281883850693703, 0.06043229624629021, 0.06804575026035309, 0.07565920799970627, 0.08327266573905945, 0.09088611602783203, 0.09849957376718521, 0.1061130240559578, 0.11372648179531097, 0.12133993208408356, 0.12895339727401733, 0.13656684756278992, 0.1441802978515625, 0.15179374814033508, 0.15940721333026886, 0.16702066361904144, 0.17463411390781403, 0.1822475790977478, 0.18986102938652039, 0.19747447967529297, 0.20508794486522675, 0.21270139515399933, 0.2203148603439331, 0.2279283106327057]}, "gradients/graph_31spatial.0.weight": {"_type": "histogram",