{"batch loss": 0.7557618021965027, "_timestamp": 1651752776, "_runtime": 400, "_step": 3919, "gradients/fc2.bias": {"_type": "histogram", "values": [1.0, 0.0, 0.0, 0.0, 0.0, 0.0, 0.0, 0.0, 0.0, 0.0, 0.0, 0.0, 0.0, 0.0, 0.0, 0.0, 0.0, 0.0, 0.0, 0.0, 0.0, 0.0, 0.0, 0.0, 0.0, 0.0, 0.0, 0.0, 0.0, 0.0, 0.0, 0.0, 0.0, 0.0, 0.0, 0.0, 0.0, 0.0, 0.0, 0.0, 0.0, 0.0, 0.0, 0.0, 1.0, 0.0, 0.0, 0.0, 0.0, 0.0, 0.0, 0.0, 0.0, 0.0, 0.0, 0.0, 0.0, 0.0, 0.0, 0.0, 0.0, 0.0, 0.0, 1.0], "bins": [-0.18170955777168274, -0.17670311033725739, -0.17169666290283203, -0.16669023036956787, -0.16168378293514252, -0.15667733550071716, -0.151670902967453, -0.14666445553302765, -0.1416580080986023, -0.13665156066417694, -0.1316451132297516, -0.12663868069648743, -0.12163223326206207, -0.11662578582763672, -0.11161934584379196, -0.1066129058599472, -0.10160645842552185, -0.0966000109910965, -0.09159357100725174, -0.08658713102340698, -0.08158068358898163, -0.07657423615455627, -0.07156779617071152, -0.06656135618686676, -0.061554908752441406, -0.05654846504330635, -0.051542021334171295, -0.04653557762503624, -0.041529133915901184, -0.03652269020676613, -0.03151624649763107, -0.026509802788496017, -0.021503373980522156, -0.0164969302713871, -0.011490486562252045, -0.006484042853116989, -0.0014775991439819336, 0.003528844565153122, 0.008535288274288177, 0.013541731983423233, 0.01854817569255829, 0.023554619401693344, 0.0285610631108284, 0.033567506819963455, 0.03857395052909851, 0.043580394238233566, 0.04858683794736862, 0.05359328165650368, 0.05859972536563873, 0.06360617280006409, 0.06861261278390884, 0.0736190527677536, 0.07862550020217896, 0.08363194763660431, 0.08863838762044907, 0.09364482760429382, 0.09865127503871918, 0.10365772247314453, 0.10866416245698929, 0.11367060244083405, 0.1186770498752594, 0.12368349730968475, 0.1286899447441101, 0.13369637727737427, 0.13870282471179962]}, "gradients/fc2.weight": {"_type": "histogram", "values": [3.0, 1.0, 1.0, 2.0, 2.0, 1.0, 2.0, 2.0, 1.0, 1.0, 5.0, 3.0, 5.0, 7.0, 6.0, 7.0, 4.0, 8.0, 7.0, 12.0, 15.0, 21.0, 27.0, 25.0, 30.0, 39.0, 62.0, 75.0, 87.0, 94.0, 65.0, 61.0, 44.0, 33.0, 23.0, 18.0, 15.0, 5.0, 8.0, 2.0, 8.0, 8.0, 10.0, 6.0, 4.0, 5.0, 8.0, 1.0, 3.0, 2.0, 0.0, 3.0, 1.0, 4.0, 0.0, 3.0, 1.0, 0.0, 0.0, 0.0, 0.0, 0.0, 2.0, 2.0], "bins": [-0.06795351952314377, -0.06560374796390533, -0.0632539764046669, -0.06090420484542847, -0.058554429560899734, -0.0562046580016613, -0.05385488644242287, -0.051505111157894135, -0.0491553395986557, -0.04680556803941727, -0.04445579648017883, -0.0421060249209404, -0.03975624963641167, -0.03740647807717323, -0.0350567065179348, -0.03270693123340607, -0.03035716339945793, -0.028007391840219498, -0.025657618418335915, -0.02330784685909748, -0.020958073437213898, -0.018608301877975464, -0.01625853031873703, -0.013908756896853447, -0.011558987200260162, -0.009209214709699154, -0.006859442684799433, -0.004509670659899712, -0.002159898169338703, 0.0001898743212223053, 0.002539645880460739, 0.004889419302344322, 0.007239192724227905, 0.009588965214788914, 0.011938737705349922, 0.014288509264588356, 0.01663828268647194, 0.018988054245710373, 0.021337825804948807, 0.02368759922683239, 0.026037372648715973, 0.028387144207954407, 0.03073691762983799, 0.033086687326431274, 0.03543646261096001, 0.03778623417019844, 0.040136005729436874, 0.04248578101396561, 0.04483554884791374, 0.047185320407152176, 0.04953509196639061, 0.05188486725091934, 0.054234638810157776, 0.05658441036939621, 0.058934181928634644, 0.06128395348787308, 0.06363372504711151, 0.06598349660634995, 0.06833326816558838, 0.07068303972482681, 0.07303281128406525, 0.07538259029388428, 0.07773235440254211, 0.08008213341236115, 0.08243190497159958]}, "gradients/spatial.1.weight": {"_type": "histogram", "values": [1.0, 1.0, 0.0, 0.0, 0.0, 0.0, 0.0, 0.0, 0.0, 0.0, 0.0, 0.0, 0.0, 1.0, 0.0, 0.0, 0.0, 0.0, 1.0, 1.0, 0.0, 0.0, 0.0, 0.0, 0.0, 0.0, 0.0, 0.0, 0.0, 0.0, 0.0, 1.0, 0.0, 0.0, 0.0, 0.0, 0.0, 1.0, 1.0, 0.0, 0.0, 0.0, 0.0, 0.0, 0.0, 0.0, 0.0, 0.0, 0.0, 0.0, 0.0, 0.0, 0.0, 1.0, 0.0, 0.0, 0.0, 0.0, 0.0, 0.0, 0.0, 0.0, 0.0, 1.0], "bins": [-0.40065011382102966, -0.3888649642467499, -0.3770797848701477, -0.3652946352958679, -0.35350948572158813, -0.34172433614730835, -0.3299391567707062, -0.3181540071964264, -0.3063688278198242, -0.29458367824554443, -0.28279849886894226, -0.2710133492946625, -0.2592281997203827, -0.2474430352449417, -0.23565787076950073, -0.22387272119522095, -0.21208757162094116, -0.20030240714550018, -0.1885172575712204, -0.17673209309577942, -0.16494694352149963, -0.15316177904605865, -0.14137661457061768, -0.1295914649963379, -0.11780628561973572, -0.10602112859487534, -0.09423597157001495, -0.08245080709457397, -0.07066565006971359, -0.05888049304485321, -0.04709532856941223, -0.03531017154455185, -0.02352502942085266, -0.01173987053334713, 4.528835415840149e-05, 0.011830449104309082, 0.023615606129169464, 0.035400763154029846, 0.047185927629470825, 0.05897108465433121, 0.0707562267780304, 0.08254138380289078, 0.09432654082775116, 0.10611170530319214, 0.11789686232805252, 0.1296820193529129, 0.14146718382835388, 0.15325233340263367, 0.16503751277923584, 0.17682267725467682, 0.1886078268289566, 0.20039299130439758, 0.21217814087867737, 0.22396330535411835, 0.23574846982955933, 0.2475336194038391, 0.2593187689781189, 0.2711039185523987, 0.28288909792900085, 0.29467424750328064, 0.3064593970775604, 0.3182445764541626, 0.3300297260284424, 0.34181487560272217, 0.35360005497932434]}, "gradients/spatial.1.bias": {"_type": "histogram", "values": [1.0, 0.0, 0.0, 0.0, 0.0, 0.0, 0.0, 0.0, 1.0, 0.0, 0.0, 0.0, 0.0, 0.0, 0.0, 0.0, 0.0, 0.0, 0.0, 0.0, 0.0, 0.0, 0.0, 0.0, 0.0, 0.0, 1.0, 0.0, 0.0, 0.0, 0.0, 0.0, 0.0, 0.0, 1.0, 1.0, 1.0, 1.0, 1.0, 0.0, 0.0, 1.0, 0.0, 0.0, 0.0, 0.0, 0.0, 0.0, 0.0, 0.0, 0.0, 0.0, 0.0, 0.0, 0.0, 0.0, 0.0, 0.0, 0.0, 0.0, 0.0, 0.0, 0.0, 1.0], "bins": [-1.0838319063186646, -1.0540692806243896, -1.0243065357208252, -0.9945439100265503, -0.9647812247276306, -0.9350185394287109, -0.9052558541297913, -0.8754931688308716, -0.8457305431365967, -0.815967857837677, -0.7862051725387573, -0.7564425468444824, -0.7266798615455627, -0.6969171762466431, -0.6671544909477234, -0.6373918056488037, -0.6076291799545288, -0.5778664946556091, -0.5481038093566895, -0.5183411836624146, -0.4885784983634949, -0.4588158130645752, -0.4290531277656555, -0.3992904722690582, -0.36952775716781616, -0.3397650718688965, -0.3100024163722992, -0.2802397310733795, -0.2504770755767822, -0.22071439027786255, -0.19095171988010406, -0.16118904948234558, -0.1314263939857483, -0.10166372358798981, -0.07190105319023132, -0.04213837534189224, -0.012375704944133759, 0.017386972904205322, 0.047149643301963806, 0.07691231369972229, 0.10667496919631958, 0.13643763959407806, 0.16620030999183655, 0.19596299529075623, 0.22572565078735352, 0.2554883360862732, 0.28525102138519287, 0.31501367688179016, 0.34477636218070984, 0.3745390474796295, 0.4043017029762268, 0.4340643882751465, 0.4638270437717438, 0.49358972907066345, 0.5233523845672607, 0.5531150698661804, 0.5828777551651001, 0.6126404404640198, 0.6424031257629395, 0.6721657514572144, 0.701928436756134, 0.7316911220550537, 0.7614538073539734, 0.7912164926528931, 0.820979118347168]}, "gradients/spatial.0.weight": {"_type": "histogram", "values": [1.0, 0.0, 0.0, 0.0, 0.0, 0.0, 0.0, 1.0, 0.0, 0.0, 0.0, 0.0, 1.0, 0.0, 1.0, 0.0, 1.0, 3.0, 0.0, 2.0, 2.0, 3.0, 3.0, 3.0, 5.0, 6.0, 9.0, 8.0, 8.0, 13.0, 16.0, 15.0, 23.0, 50.0, 65.0, 97.0, 102.0, 116.0, 73.0, 37.0, 32.0, 22.0, 19.0, 4.0, 10.0, 10.0, 4.0, 4.0, 3.0, 4.0, 2.0, 1.0, 1.0, 3.0, 1.0, 3.0, 2.0, 1.0, 2.0, 2.0, 3.0, 1.0, 1.0, 1.0],