{"batch loss": 0.9517003297805786, "_timestamp": 1651858604, "_runtime": 435, "_step": 689, "epoch": 29, "train/train_loss": 0.8679903041232716, "train/train_acc": 0.5920690288232054, "train/train_f1": 0.5911266505225461, "val/val_loss": 0.9483124613761902, "val/vaL_acc": 0.5375240538806928, "val/val_f1": 0.5458877249459043, "gradients/graph_20fc2.bias": {"_type": "histogram", "values": [1.0, 0.0, 0.0, 0.0, 0.0, 0.0, 0.0, 0.0, 0.0, 0.0, 1.0, 0.0, 0.0, 0.0, 0.0, 0.0, 0.0, 0.0, 0.0, 0.0, 0.0, 0.0, 0.0, 0.0, 0.0, 0.0, 0.0, 0.0, 0.0, 0.0, 0.0, 0.0, 0.0, 0.0, 0.0, 0.0, 0.0, 0.0, 0.0, 0.0, 0.0, 0.0, 0.0, 0.0, 0.0, 0.0, 0.0, 0.0, 0.0, 0.0, 0.0, 0.0, 0.0, 0.0, 0.0, 0.0, 0.0, 0.0, 0.0, 0.0, 0.0, 0.0, 0.0, 1.0], "bins": [-0.041664838790893555, -0.03998129442334175, -0.03829775005578995, -0.03661420941352844, -0.03493066504597664, -0.033247120678424835, -0.03156357631087303, -0.029880031943321228, -0.028196489438414574, -0.02651294507086277, -0.024829402565956116, -0.023145858198404312, -0.02146231383085251, -0.019778771325945854, -0.01809522695839405, -0.016411684453487396, -0.014728140085935593, -0.013044596649706364, -0.011361053213477135, -0.009677508845925331, -0.007993965409696102, -0.006310421973466873, -0.00462687760591507, -0.0029433341696858406, -0.0012597888708114624, 0.0004237547982484102, 0.002107298467308283, 0.003790842369198799, 0.005474385805428028, 0.007157929241657257, 0.00884147360920906, 0.01052501704543829, 0.01220855861902237, 0.013892102055251598, 0.015575645491480827, 0.01725918985903263, 0.018942732363939285, 0.02062627673149109, 0.022309821099042892, 0.023993365466594696, 0.0256769061088562, 0.027360450476408005, 0.02904399298131466, 0.030727537348866463, 0.03241107985377312, 0.03409462422132492, 0.035778168588876724, 0.03746171295642853, 0.03914525732398033, 0.040828801691532135, 0.04251234605908394, 0.04419589042663574, 0.04587943106889725, 0.04756297543644905, 0.049246519804000854, 0.05093006417155266, 0.05261360853910446, 0.054297152906656265, 0.05598069727420807, 0.057664237916469574, 0.05934778228402138, 0.06103132665157318, 0.06271487474441528, 0.06439841538667679, 0.0660819560289383]}, "gradients/graph_20fc2.weight": {"_type": "histogram", "values": [2.0, 2.0, 0.0, 3.0, 2.0, 4.0, 6.0, 7.0, 14.0, 13.0, 19.0, 15.0, 30.0, 14.0, 18.0, 30.0, 18.0, 22.0, 24.0, 26.0, 17.0, 13.0, 11.0, 14.0, 19.0, 7.0, 3.0, 2.0, 2.0, 1.0, 1.0, 1.0, 1.0, 0.0, 4.0, 3.0, 2.0, 5.0, 4.0, 3.0, 11.0, 13.0, 19.0, 17.0, 12.0, 15.0, 11.0, 9.0, 10.0, 11.0, 5.0, 5.0, 3.0, 4.0, 3.0, 3.0, 1.0, 2.0, 0.0, 1.0, 0.0, 1.0, 1.0, 1.0], "bins": [-0.038265425711870193, -0.03678525984287262, -0.035305097699165344, -0.03382493183016777, -0.032344769686460495, -0.03086460381746292, -0.029384439811110497, -0.027904275804758072, -0.026424109935760498, -0.024943945929408073, -0.02346378192305565, -0.021983616054058075, -0.02050345204770565, -0.019023288041353226, -0.0175431240350008, -0.016062960028648376, -0.014582796022295952, -0.013102632015943527, -0.011622467078268528, -0.010142303071916103, -0.008662138134241104, -0.0071819741278886795, -0.005701810121536255, -0.004221645183861256, -0.0027414821088314056, -0.0012613177532330155, 0.00021884660236537457, 0.0016990108415484428, 0.0031791753135621548, 0.004659339785575867, 0.006139503791928291, 0.0076196687296032906, 0.00909983366727829, 0.010579997673630714, 0.012060162611305714, 0.013540326617658138, 0.015020491555333138, 0.016500655561685562, 0.017980819568037987, 0.01946098357439041, 0.020941149443387985, 0.02242131344974041, 0.023901477456092834, 0.02538164332509041, 0.026861807331442833, 0.028341971337795258, 0.029822135344147682, 0.03130229935050011, 0.03278246521949768, 0.034262631088495255, 0.03574279323220253, 0.037222959101200104, 0.03870312124490738, 0.04018328711390495, 0.04166345298290253, 0.0431436151266098, 0.04462377727031708, 0.04610394313931465, 0.04758410528302193, 0.0490642711520195, 0.050544433295726776, 0.05202459916472435, 0.053504765033721924, 0.0549849271774292, 0.05646509304642677]}, "gradients/graph_20spatial.1.weight": {"_type": "histogram", "values": [1.0, 0.0, 0.0, 0.0, 0.0, 0.0, 0.0, 0.0, 0.0, 0.0, 0.0, 0.0, 0.0, 0.0, 1.0, 0.0, 0.0, 0.0, 0.0, 0.0, 0.0, 0.0, 0.0, 0.0, 0.0, 0.0, 0.0, 0.0, 0.0, 1.0, 0.0, 0.0, 0.0, 0.0, 0.0, 1.0, 0.0, 0.0, 1.0, 0.0, 0.0, 0.0, 0.0, 0.0, 1.0, 0.0, 1.0, 0.0, 0.0, 0.0, 1.0, 0.0, 0.0, 0.0, 0.0, 0.0, 0.0, 0.0, 0.0, 0.0, 0.0, 0.0, 0.0, 2.0], "bins": [-0.10586092621088028, -0.10317372530698776, -0.10048653185367584, -0.09779933094978333, -0.0951121374964714, -0.09242493659257889, -0.08973774313926697, -0.08705054223537445, -0.08436334133148193, -0.08167614042758942, -0.0789889469742775, -0.07630174607038498, -0.07361455261707306, -0.07092735171318054, -0.06824015080928802, -0.0655529573559761, -0.06286576390266418, -0.060178566724061966, -0.05749136954545975, -0.05480416864156723, -0.05211697146296501, -0.04942977428436279, -0.046742577105760574, -0.044055379927158356, -0.04136817902326584, -0.03868098184466362, -0.0359937846660614, -0.033306583762168884, -0.030619386583566666, -0.027932189404964447, -0.02524499222636223, -0.02255779318511486, -0.019870594143867493, -0.017183396965265274, -0.014496197924017906, -0.011809000745415688, -0.009121802635490894, -0.006434604525566101, -0.0037474073469638824, -0.0010602083057165146, 0.0016269907355308533, 0.0043141888454556465, 0.0070013864897191525, 0.009688584133982658, 0.012375782243907452, 0.015062980353832245, 0.017750177532434464, 0.02043737657368183, 0.0231245718896389, 0.02581176906824112, 0.028498968109488487, 0.031186165288090706, 0.033873364329338074, 0.03656056150794029, 0.03924775868654251, 0.04193495959043503, 0.04462215304374695, 0.04730935022234917, 0.049996547400951385, 0.0526837483048439, 0.05537094548344612, 0.05805814266204834, 0.06074533984065056, 0.06343253701925278, 0.0661197379231453]}, "gradients/graph_20spatial.1.bias": {"_type": "histogram", "values": [1.0, 0.0, 0.0, 0.0, 1.0, 0.0, 0.0, 0.0, 0.0, 0.0, 0.0, 0.0, 0.0, 0.0, 0.0, 0.0, 0.0, 0.0, 0.0, 0.0, 0.0, 0.0, 0.0, 0.0, 0.0, 0.0, 0.0, 1.0, 0.0, 0.0, 0.0, 1.0, 1.0, 0.0, 0.0, 0.0, 0.0, 0.0, 0.0, 1.0, 1.0, 0.0, 0.0, 0.0, 0.0, 0.0, 0.0, 0.0, 0.0, 1.0, 0.0, 0.0, 0.0, 0.0, 0.0, 0.0, 0.0, 0.0, 0.0, 0.0, 1.0, 0.0, 0.0, 1.0], "bins": [-0.12117414176464081, -0.11765546351671219, -0.11413678526878357, -0.11061809957027435, -0.10709942132234573, -0.10358074307441711, -0.1000620648264885, -0.09654338657855988, -0.09302470088005066, -0.08950602263212204, -0.08598734438419342, -0.0824686586856842, -0.07894998043775558, -0.07543130218982697, -0.07191262394189835, -0.06839394569396973, -0.06487525999546051, -0.06135658174753189, -0.05783789977431297, -0.054319221526384354, -0.050800539553165436, -0.047281861305236816, -0.0437631830573082, -0.04024450108408928, -0.03672582656145096, -0.03320714831352234, -0.02968846634030342, -0.0261697880923748, -0.022651106119155884, -0.019132427871227264, -0.015613747760653496, -0.012095067650079727, -0.00857638567686081, -0.005057705566287041, -0.0015390259213745594, 0.001979653723537922, 0.0054983338341116905, 0.009017013013362885, 0.012535693123936653, 0.016054373234510422, 0.01957305520772934, 0.023091735318303108, 0.026610415428876877, 0.030129093676805496, 0.033647775650024414, 0.03716645389795303, 0.04068513214588165, 0.04420381411910057, 0.04772249236702919, 0.05124117061495781, 0.05475985258817673, 0.05827853083610535, 0.061797212809324265, 0.06531588733196259, 0.0688345730304718, 0.07235325127840042, 0.07587192952632904, 0.07939060777425766, 0.08290928602218628, 0.0864279717206955, 0.08994664996862411, 0.09346532821655273, 0.09698400646448135, 0.10050268471240997, 0.10402137041091919]}, "gradients/graph_20spatial.0.weight": {"_type": "histogram",