{"batch loss": 0.7064271569252014, "_timestamp": 1651867750, "_runtime": 747, "_step": 689, "epoch": 29, "train/train_loss": 0.736056696284901, "train/train_acc": 0.6827611529282174, "train/train_f1": 0.6844961279522689, "val/val_loss": 0.9648487567901611, "val/vaL_acc": 0.5426555484284797, "val/val_f1": 0.559091471479789, "gradients/graph_34fc2.bias": {"_type": "histogram", "values": [1.0, 0.0, 1.0, 0.0, 0.0, 0.0, 0.0, 0.0, 0.0, 0.0, 0.0, 0.0, 0.0, 0.0, 0.0, 0.0, 0.0, 0.0, 0.0, 0.0, 0.0, 0.0, 0.0, 0.0, 0.0, 0.0, 0.0, 0.0, 0.0, 0.0, 0.0, 0.0, 0.0, 0.0, 0.0, 0.0, 0.0, 0.0, 0.0, 0.0, 0.0, 0.0, 0.0, 0.0, 0.0, 0.0, 0.0, 0.0, 0.0, 0.0, 0.0, 0.0, 0.0, 0.0, 0.0, 0.0, 0.0, 0.0, 0.0, 0.0, 0.0, 0.0, 0.0, 1.0], "bins": [-0.04285500571131706, -0.040928129106760025, -0.03900124877691269, -0.03707437217235565, -0.035147495567798615, -0.03322061896324158, -0.03129373863339424, -0.029366862028837204, -0.027439983561635017, -0.02551310509443283, -0.023586228489875793, -0.021659350022673607, -0.01973247155547142, -0.017805594950914383, -0.015878716483712196, -0.013951838947832584, -0.012024961411952972, -0.01009808387607336, -0.008171206340193748, -0.006244327872991562, -0.00431745033711195, -0.002390572801232338, -0.00046369433403015137, 0.0014631832018494606, 0.003390062600374222, 0.005316940136253834, 0.007243818137794733, 0.009170696139335632, 0.011097573675215244, 0.013024451211094856, 0.014951329678297043, 0.01687820628285408, 0.01880507916212082, 0.020731957629323006, 0.022658834233880043, 0.02458571270108223, 0.026512589305639267, 0.028439467772841454, 0.03036634624004364, 0.03229322284460068, 0.034220099449157715, 0.03614697605371475, 0.03807385638356209, 0.040000732988119125, 0.04192760959267616, 0.0438544899225235, 0.045781366527080536, 0.04770824313163757, 0.04963512346148491, 0.051562000066041946, 0.05348888039588928, 0.05541575700044632, 0.05734263360500336, 0.059269510209560394, 0.06119639053940773, 0.06312327086925507, 0.0650501474738121, 0.06697702407836914, 0.06890390068292618, 0.07083077728748322, 0.07275766134262085, 0.07468453794717789, 0.07661141455173492, 0.07853829115629196, 0.080465167760849]}, "gradients/graph_34fc2.weight": {"_type": "histogram", "values": [1.0, 1.0, 1.0, 0.0, 0.0, 1.0, 1.0, 6.0, 5.0, 7.0, 14.0, 14.0, 7.0, 20.0, 25.0, 29.0, 40.0, 47.0, 47.0, 58.0, 64.0, 62.0, 66.0, 50.0, 30.0, 35.0, 25.0, 20.0, 15.0, 13.0, 4.0, 2.0, 2.0, 5.0, 2.0, 0.0, 0.0, 1.0, 0.0, 0.0, 0.0, 1.0, 2.0, 3.0, 2.0, 9.0, 8.0, 19.0, 33.0, 24.0, 36.0, 34.0, 39.0, 39.0, 33.0, 22.0, 16.0, 15.0, 11.0, 2.0, 7.0, 1.0, 1.0, 3.0], "bins": [-0.0497264489531517, -0.048119641840457916, -0.04651283472776413, -0.04490602761507034, -0.043299224227666855, -0.04169241711497307, -0.04008561000227928, -0.038478802889585495, -0.03687199577689171, -0.03526518866419792, -0.033658381551504135, -0.03205157816410065, -0.03044476918876171, -0.028837963938713074, -0.027231156826019287, -0.0256243497133255, -0.024017544463276863, -0.022410737350583076, -0.02080393210053444, -0.019197124987840652, -0.017590317875146866, -0.01598351076245308, -0.014376705512404442, -0.012769898399710655, -0.011163093149662018, -0.009556286968290806, -0.00794947985559702, -0.006342673674225807, -0.004735867027193308, -0.0031290603801608086, -0.0015222541987895966, 8.455291390419006e-05, 0.0016913600265979767, 0.003298166673630476, 0.004904973320662975, 0.006511779502034187, 0.008118586614727974, 0.009725392796099186, 0.011332198977470398, 0.012939006090164185, 0.014545813202857971, 0.016152620315551758, 0.017759425565600395, 0.019366232678294182, 0.02097303979098797, 0.022579845041036606, 0.024186652153730392, 0.02579345926642418, 0.027400264516472816, 0.029007071629166603, 0.03061387687921524, 0.03222068399190903, 0.033827491104602814, 0.0354342982172966, 0.03704110532999039, 0.038647912442684174, 0.04025471583008766, 0.04186152294278145, 0.043468330055475235, 0.04507513344287872, 0.04668194055557251, 0.048288747668266296, 0.04989555478096008, 0.05150236189365387, 0.053109169006347656]}, "gradients/graph_34spatial.1.weight": {"_type": "histogram", "values": [1.0, 2.0, 0.0, 1.0, 1.0, 0.0, 0.0, 0.0, 1.0, 0.0, 0.0, 0.0, 0.0, 0.0, 0.0, 0.0, 0.0, 0.0, 0.0, 0.0, 2.0, 1.0, 0.0, 0.0, 0.0, 0.0, 0.0, 0.0, 1.0, 0.0, 0.0, 1.0, 0.0, 0.0, 1.0, 0.0, 0.0, 2.0, 0.0, 3.0, 0.0, 0.0, 0.0, 0.0, 0.0, 0.0, 0.0, 0.0, 0.0, 0.0, 0.0, 0.0, 0.0, 0.0, 0.0, 1.0, 0.0, 0.0, 1.0, 0.0, 0.0, 0.0, 0.0, 1.0], "bins": [-0.07394544035196304, -0.07138664275407791, -0.06882785260677338, -0.06626905500888824, -0.06371025741100311, -0.06115145981311798, -0.05859266594052315, -0.056033872067928314, -0.05347507447004318, -0.05091627687215805, -0.04835748299956322, -0.045798689126968384, -0.04323989152908325, -0.04068109393119812, -0.03812230005860329, -0.03556350618600845, -0.03300470858812332, -0.03044591285288334, -0.027887117117643356, -0.025328321382403374, -0.02276952564716339, -0.02021072991192341, -0.017651934176683426, -0.015093138441443443, -0.01253434270620346, -0.009975546970963478, -0.0074167512357234955, -0.004857955500483513, -0.0022991597652435303, 0.00025963596999645233, 0.002818431705236435, 0.0053772274404764175, 0.007936015725135803, 0.010494811460375786, 0.013053607195615768, 0.015612402930855751, 0.018171198666095734, 0.020729994401335716, 0.0232887901365757, 0.02584758587181568, 0.028406381607055664, 0.030965177342295647, 0.03352397307753563, 0.03608276695013046, 0.038641564548015594, 0.041200362145900726, 0.04375915601849556, 0.04631794989109039, 0.048876747488975525, 0.05143554508686066, 0.05399433895945549, 0.056553132832050323, 0.059111930429935455, 0.06167072802782059, 0.06422951817512512, 0.06678831577301025, 0.06934711337089539, 0.07190591096878052, 0.07446470856666565, 0.07702349871397018, 0.07958229631185532, 0.08214109390974045, 0.08469988405704498, 0.08725868165493011, 0.08981747925281525]}, "gradients/graph_34spatial.1.bias": {"_type": "histogram", "values": [1.0, 0.0, 1.0, 0.0, 0.0, 1.0, 0.0, 0.0, 0.0, 1.0, 1.0, 0.0, 1.0, 0.0, 0.0, 0.0, 0.0, 0.0, 0.0, 0.0, 0.0, 1.0, 0.0, 0.0, 1.0, 0.0, 0.0, 1.0, 0.0, 0.0, 1.0, 0.0, 0.0, 0.0, 0.0, 0.0, 0.0, 0.0, 1.0, 1.0, 0.0, 3.0, 0.0, 0.0, 0.0, 0.0, 1.0, 0.0, 0.0, 1.0, 0.0, 0.0, 0.0, 0.0, 0.0, 0.0, 0.0, 0.0, 0.0, 1.0, 0.0, 0.0, 1.0, 1.0], "bins": [-0.11558333039283752, -0.11189243942499161, -0.10820154845714569, -0.10451065003871918, -0.10081975907087326, -0.09712886810302734, -0.09343796968460083, -0.08974707871675491, -0.086056187748909, -0.08236529678106308, -0.07867440581321716, -0.07498350739479065, -0.07129261642694473, -0.06760172545909882, -0.0639108270406723, -0.060219936072826385, -0.05652904510498047, -0.05283815413713455, -0.04914725944399834, -0.04545636475086212, -0.041765473783016205, -0.03807458281517029, -0.03438368812203407, -0.030692795291543007, -0.02700190246105194, -0.023311009630560875, -0.01962011680006981, -0.015929223969578743, -0.012238331139087677, -0.008547438308596611, -0.004856545478105545, -0.001165652647614479, 0.00252523273229599, 0.006216125562787056, 0.009907018393278122, 0.013597911223769188, 0.017288804054260254, 0.02097969688475132, 0.024670589715242386, 0.028361482545733452, 0.03205237537622452, 0.035743266344070435, 0.03943416103720665, 0.043125055730342865, 0.04681594669818878, 0.0505068376660347, 0.054197732359170914, 0.05788862705230713, 0.061579518020153046, 0.06527040898799896, 0.06896130740642548, 0.07265219837427139, 0.07634308934211731, 0.08003398030996323, 0.08372487127780914, 0.08741576969623566, 0.09110666066408157, 0.09479755163192749, 0.098488450050354, 0.10217934101819992, 0.10587023198604584, 0.10956112295389175, 0.11325201392173767, 0.11694291234016418, 0.1206338033080101]}, "gradients/graph_34spatial.0.weight": {"_type": "histogram",