{"batch loss": 0.7588421702384949, "_timestamp": 1651861057, "_runtime": 700, "_step": 689, "epoch": 29, "train/train_loss": 0.7267699918963693, "train/train_acc": 0.6904718193501009, "train/train_f1": 0.6867155651728526, "val/val_loss": 0.9874320455959865, "val/vaL_acc": 0.5298268120590122, "val/val_f1": 0.5287635737221581, "gradients/graph_24fc2.bias": {"_type": "histogram", "values": [1.0, 0.0, 0.0, 0.0, 0.0, 0.0, 0.0, 0.0, 0.0, 0.0, 0.0, 0.0, 0.0, 0.0, 0.0, 0.0, 0.0, 0.0, 0.0, 0.0, 0.0, 0.0, 0.0, 0.0, 0.0, 0.0, 0.0, 0.0, 0.0, 0.0, 0.0, 0.0, 0.0, 1.0, 0.0, 0.0, 0.0, 0.0, 0.0, 0.0, 0.0, 0.0, 0.0, 0.0, 0.0, 0.0, 0.0, 0.0, 0.0, 0.0, 0.0, 0.0, 0.0, 0.0, 0.0, 0.0, 0.0, 0.0, 0.0, 0.0, 0.0, 0.0, 0.0, 1.0], "bins": [-0.03813600167632103, -0.03696209937334061, -0.035788193345069885, -0.03461429104208946, -0.03344038873910904, -0.03226648271083832, -0.031092580407857895, -0.029918676242232323, -0.02874477207660675, -0.02757086791098118, -0.026396963745355606, -0.025223061442375183, -0.02404915727674961, -0.02287525311112404, -0.021701350808143616, -0.020527446642518044, -0.01935354247689247, -0.0181796383112669, -0.017005734145641327, -0.015831831842660904, -0.014657927677035332, -0.01348402351140976, -0.012310120277106762, -0.011136217042803764, -0.009962312877178192, -0.00878840871155262, -0.007614505477249622, -0.0064406017772853374, -0.0052666980773210526, -0.004092794377356768, -0.0029188906773924828, -0.0017449874430894852, -0.0005710870027542114, 0.0006028166972100735, 0.0017767203971743584, 0.0029506240971386433, 0.004124527797102928, 0.005298431497067213, 0.006472335197031498, 0.0076462384313344955, 0.008820142596960068, 0.00999404676258564, 0.011167949996888638, 0.012341853231191635, 0.013515757396817207, 0.01468966156244278, 0.015863563865423203, 0.017037468031048775, 0.018211372196674347, 0.01938527636229992, 0.02055918052792549, 0.021733082830905914, 0.022906986996531487, 0.02408089116215706, 0.02525479346513748, 0.026428697630763054, 0.027602601796388626, 0.0287765059620142, 0.02995041012763977, 0.031124312430620193, 0.032298214733600616, 0.03347212076187134, 0.03464602306485176, 0.035819925367832184, 0.036993831396102905]}, "gradients/graph_24fc2.weight": {"_type": "histogram", "values": [3.0, 0.0, 2.0, 1.0, 0.0, 4.0, 4.0, 1.0, 1.0, 2.0, 4.0, 3.0, 6.0, 6.0, 5.0, 9.0, 16.0, 19.0, 17.0, 25.0, 23.0, 28.0, 19.0, 23.0, 21.0, 30.0, 19.0, 19.0, 21.0, 26.0, 24.0, 13.0, 23.0, 29.0, 28.0, 20.0, 29.0, 26.0, 40.0, 33.0, 31.0, 41.0, 45.0, 29.0, 32.0, 42.0, 31.0, 35.0, 32.0, 36.0, 22.0, 24.0, 12.0, 19.0, 7.0, 8.0, 4.0, 3.0, 1.0, 1.0, 0.0, 2.0, 0.0, 1.0], "bins": [-0.04566109925508499, -0.04437967389822006, -0.043098244816064835, -0.04181681573390961, -0.04053539037704468, -0.03925396502017975, -0.03797253593802452, -0.03669110685586929, -0.035409681499004364, -0.034128256142139435, -0.03284682705998421, -0.03156539797782898, -0.03028397262096405, -0.029002545401453972, -0.027721118181943893, -0.026439690962433815, -0.025158263742923737, -0.023876836523413658, -0.02259540930390358, -0.0213139820843935, -0.020032554864883423, -0.018751127645373344, -0.017469700425863266, -0.016188273206353188, -0.014906845986843109, -0.01362541876733303, -0.012343991547822952, -0.011062564328312874, -0.009781137108802795, -0.008499709889292717, -0.0072182826697826385, -0.00593685545027256, -0.004655428230762482, -0.0033740010112524033, -0.002092573791742325, -0.0008111465722322464, 0.00047028064727783203, 0.0017517078667879105, 0.003033135086297989, 0.004314562305808067, 0.005595989525318146, 0.006877416744828224, 0.008158843964338303, 0.009440271183848381, 0.01072169840335846, 0.012003125622868538, 0.013284552842378616, 0.014565980061888695, 0.015847407281398773, 0.01712883450090885, 0.01841026172041893, 0.01969168893992901, 0.020973116159439087, 0.022254543378949165, 0.023535970598459244, 0.024817397817969322, 0.0260988250374794, 0.02738025225698948, 0.028661679476499557, 0.029943106696009636, 0.031224533915519714, 0.032505959272384644, 0.03378738835453987, 0.0350688174366951, 0.03635024279356003]}, "gradients/graph_24spatial.1.weight": {"_type": "histogram", "values": [1.0, 0.0, 0.0, 0.0, 0.0, 0.0, 0.0, 2.0, 0.0, 0.0, 0.0, 0.0, 1.0, 1.0, 1.0, 0.0, 0.0, 0.0, 1.0, 0.0, 0.0, 0.0, 1.0, 0.0, 0.0, 0.0, 0.0, 0.0, 0.0, 0.0, 0.0, 0.0, 1.0, 0.0, 0.0, 0.0, 1.0, 1.0, 0.0, 1.0, 0.0, 0.0, 1.0, 0.0, 0.0, 0.0, 0.0, 0.0, 0.0, 0.0, 0.0, 1.0, 0.0, 1.0, 1.0, 2.0, 0.0, 0.0, 0.0, 0.0, 1.0, 0.0, 0.0, 1.0], "bins": [-0.05253137648105621, -0.05116681754589081, -0.0498022586107254, -0.04843769967556, -0.047073137015104294, -0.04570857807993889, -0.04434401914477348, -0.04297946020960808, -0.041614897549152374, -0.04025033861398697, -0.038885779678821564, -0.03752122074365616, -0.036156658083200455, -0.03479209914803505, -0.033427540212869644, -0.03206298127770424, -0.030698422342538834, -0.02933386340737343, -0.027969302609562874, -0.02660474367439747, -0.025240182876586914, -0.02387562394142151, -0.022511065006256104, -0.021146506071090698, -0.019781947135925293, -0.018417388200759888, -0.017052827402949333, -0.015688268467783928, -0.014323708601295948, -0.012959148734807968, -0.011594589799642563, -0.010230029933154583, -0.008865468204021454, -0.007500908337533474, -0.006136348936706781, -0.004771789535880089, -0.003407229669392109, -0.002042669802904129, -0.0006781108677387238, 0.0006864489987492561, 0.0020510107278823853, 0.0034155703615397215, 0.004780129995197058, 0.00614468939602375, 0.00750924926251173, 0.00887380912899971, 0.010238368064165115, 0.011602927930653095, 0.012967485934495926, 0.014332045800983906, 0.015696605667471886, 0.01706116460263729, 0.018425725400447845, 0.01979028433561325, 0.021154843270778656, 0.02251940220594406, 0.023883963003754616, 0.02524852193892002, 0.026613082736730576, 0.02797764167189598, 0.029342200607061386, 0.03070676140487194, 0.032071322202682495, 0.0334358811378479, 0.034800440073013306]}, "gradients/graph_24spatial.1.bias": {"_type": "histogram", "values": [1.0, 0.0, 0.0, 0.0, 0.0, 0.0, 0.0, 0.0, 1.0, 0.0, 0.0, 0.0, 1.0, 0.0, 1.0, 0.0, 1.0, 0.0, 0.0, 0.0, 0.0, 0.0, 1.0, 0.0, 0.0, 1.0, 1.0, 0.0, 0.0, 0.0, 0.0, 0.0, 0.0, 1.0, 0.0, 0.0, 0.0, 0.0, 0.0, 0.0, 0.0, 1.0, 2.0, 0.0, 0.0, 0.0, 2.0, 1.0, 0.0, 0.0, 0.0, 0.0, 0.0, 2.0, 1.0, 0.0, 1.0, 0.0, 0.0, 0.0, 0.0, 0.0, 0.0, 1.0], "bins": [-0.07273699343204498, -0.07070254534482956, -0.06866809725761414, -0.06663364917039871, -0.06459920108318329, -0.06256475299596786, -0.06053030118346214, -0.05849585309624672, -0.056461405009031296, -0.05442695692181587, -0.05239250883460045, -0.050358060747385025, -0.0483236089348793, -0.04628916084766388, -0.044254712760448456, -0.04222026467323303, -0.04018581658601761, -0.038151368498802185, -0.03611692041158676, -0.03408247232437134, -0.032048024237155914, -0.03001357428729534, -0.02797912433743477, -0.025944676250219345, -0.02391022816300392, -0.021875780075788498, -0.019841331988573074, -0.0178068820387125, -0.015772433951497078, -0.013737985864281654, -0.011703536845743656, -0.009669087827205658, -0.007634636014699936, -0.005600187461823225, -0.003565738908946514, -0.0015312903560698032, 0.0005031581968069077, 0.0025376062840223312, 0.0045720553025603294, 0.006606504321098328, 0.008640952408313751, 0.010675400495529175, 0.012709849514067173, 0.014744298532605171, 0.016778746619820595, 0.01881319470703602, 0.02084764465689659, 0.022882092744112015, 0.02491654083132744, 0.026950988918542862, 0.028985437005758286, 0.03101988695561886, 0.03305433690547943, 0.035088784992694855, 0.03712323307991028, 0.0391576811671257, 0.041192129254341125, 0.04322657734155655, 0.04526102542877197, 0.047295473515987396, 0.04932992160320282, 0.05136436969041824, 0.053398821502923965, 0.05543326959013939, 0.05746771767735481]}, "gradients/graph_24spatial.0.weight": {"_type": "histogram",