,final_val_accuracy,final_val_f1,val_prec,val_rec,val_roc_auc,full_valacc,full_acc_classes
"crossval_data\pilots\intermediate_datafiles\preprocess\X01_wet\X01_wet_csp_filtord4_freqlimits['5_10Hz', '10_15Hz', '15_20Hz', '20_25Hz', '25_30Hz', '30_35Hz']_ws500.pkl",0.44,0.417,0.435,0.439,0.0,"[0.38461538461538464, 0.5974025974025974, 0.41025641025641024, 0.48717948717948717, 0.42857142857142855, 0.5384615384615384, 0.5466666666666666, 0.32051282051282054, 0.28378378378378377, 0.4025974025974026]","[array([0.5       , 0.38461538, 0.26923077]), array([0.53846154, 0.96153846, 0.28      ]), array([0.34615385, 0.61538462, 0.26923077]), array([0.73076923, 0.30769231, 0.42307692]), array([0.5       , 0.76923077, 0.        ]), array([0.65384615, 0.38461538, 0.57692308]), array([0.48      , 0.75      , 0.42307692]), array([0.46153846, 0.19230769, 0.30769231]), array([0.68      , 0.        , 0.15384615]), array([0.88461538, 0.19230769, 0.12      ])]"
"crossval_data\pilots\intermediate_datafiles\preprocess\X01_wet\X01_wet_csp_filtord4_freqlimits['5_10Hz', '10_15Hz', '15_20Hz', '20_25Hz']_ws500.pkl",0.393,0.375,0.395,0.392,0.0,"[0.358974358974359, 0.5714285714285714, 0.32051282051282054, 0.358974358974359, 0.3116883116883117, 0.5, 0.4266666666666667, 0.28205128205128205, 0.47297297297297297, 0.3246753246753247]","[array([0.30769231, 0.30769231, 0.46153846]), array([0.57692308, 0.80769231, 0.32      ]), array([0.34615385, 0.53846154, 0.07692308]), array([0.46153846, 0.30769231, 0.30769231]), array([0.61538462, 0.30769231, 0.        ]), array([0.53846154, 0.42307692, 0.53846154]), array([0.28, 0.5 , 0.5 ]), array([0.11538462, 0.57692308, 0.15384615]), array([0.72      , 0.30434783, 0.38461538]), array([0.69230769, 0.07692308, 0.2       ])]"
