,final_val_accuracy,final_val_f1,val_prec,val_rec,val_roc_auc,full_valacc,full_acc_classes
crossval_data\pilots\intermediate_datafiles\preprocess\X01_wet\X01_wet_deep_or_riemann_filtord4_freqlimits['8_35Hz']_ws500.pkl,0.455,0.446,0.466,0.454,0.0,"[0.44871794871794873, 0.6103896103896104, 0.38461538461538464, 0.48717948717948717, 0.44155844155844154, 0.5512820512820513, 0.4, 0.38461538461538464, 0.36486486486486486, 0.4805194805194805]","[array([0.42307692, 0.53846154, 0.38461538]), array([0.57692308, 0.80769231, 0.44      ]), array([0.23076923, 0.69230769, 0.23076923]), array([0.53846154, 0.26923077, 0.65384615]), array([0.57692308, 0.5       , 0.24      ]), array([0.61538462, 0.46153846, 0.57692308]), array([0.72      , 0.125     , 0.34615385]), array([0.61538462, 0.19230769, 0.34615385]), array([0.68      , 0.08695652, 0.30769231]), array([0.84615385, 0.23076923, 0.36      ])]"
crossval_data\pilots\intermediate_datafiles\preprocess\X01_wet\X01_wet_deep_or_riemann_filtord4_freqlimits['8-40Hz']_ws500.pkl,0.452,0.439,0.467,0.451,0.0,"[0.3717948717948718, 0.5584415584415584, 0.3974358974358974, 0.5512820512820513, 0.42857142857142855, 0.5512820512820513, 0.5333333333333333, 0.358974358974359, 0.3783783783783784, 0.38961038961038963]","[array([0.34615385, 0.53846154, 0.23076923]), array([0.57692308, 0.76923077, 0.32      ]), array([0.38461538, 0.65384615, 0.15384615]), array([0.65384615, 0.26923077, 0.73076923]), array([0.65384615, 0.46153846, 0.16      ]), array([0.53846154, 0.46153846, 0.65384615]), array([0.88      , 0.41666667, 0.30769231]), array([0.61538462, 0.15384615, 0.30769231]), array([0.76      , 0.08695652, 0.26923077]), array([0.65384615, 0.30769231, 0.2       ])]"
