{"batch loss": 0.47139015793800354, "_timestamp": 1651795110, "_runtime": 1530, "_step": 649, "epoch": 24, "train/train_loss": 0.4857124412059784, "train/train_acc": 0.8017131979695431, "train/train_f1": 0.8009186826240424, "val/val_loss": 1.1458184719085693, "val/vaL_acc": 0.594017094017094, "val/val_f1": 0.5951369197743067, "gradients/graph_36fc2.bias": {"_type": "histogram", "values": [1.0, 0.0, 0.0, 1.0, 0.0, 0.0, 0.0, 0.0, 0.0, 0.0, 0.0, 0.0, 0.0, 0.0, 0.0, 0.0, 0.0, 0.0, 0.0, 0.0, 0.0, 0.0, 0.0, 0.0, 0.0, 0.0, 0.0, 0.0, 0.0, 0.0, 0.0, 0.0, 0.0, 0.0, 0.0, 0.0, 0.0, 0.0, 0.0, 0.0, 0.0, 0.0, 0.0, 0.0, 0.0, 0.0, 0.0, 0.0, 0.0, 0.0, 0.0, 0.0, 0.0, 0.0, 0.0, 0.0, 0.0, 0.0, 0.0, 0.0, 0.0, 0.0, 0.0, 1.0], "bins": [-0.03724619001150131, -0.03559624403715134, -0.03394629433751106, -0.03229634463787079, -0.030646398663520813, -0.028996450826525688, -0.027346502989530563, -0.02569655515253544, -0.024046607315540314, -0.02239665947854519, -0.020746711641550064, -0.01909676380455494, -0.017446815967559814, -0.01579686813056469, -0.014146920293569565, -0.01249697245657444, -0.010847024619579315, -0.00919707678258419, -0.0075471289455890656, -0.005897181108593941, -0.004247233271598816, -0.002597285434603691, -0.0009473375976085663, 0.0007026102393865585, 0.0023525580763816833, 0.004002505913376808, 0.005652453750371933, 0.007302401587367058, 0.008952349424362183, 0.010602297261357307, 0.012252245098352432, 0.013902192935347557, 0.015552140772342682, 0.017202088609337807, 0.01885203644633293, 0.020501984283328056, 0.02215193212032318, 0.023801879957318306, 0.02545182779431343, 0.027101775631308556, 0.02875172346830368, 0.030401671305298805, 0.03205161914229393, 0.033701568841934204, 0.03535151481628418, 0.037001460790634155, 0.03865141049027443, 0.0403013601899147, 0.04195130616426468, 0.043601252138614655, 0.04525120183825493, 0.0469011515378952, 0.04855109751224518, 0.050201043486595154, 0.05185099318623543, 0.0535009428858757, 0.05515088886022568, 0.05680083483457565, 0.05845078453421593, 0.0601007342338562, 0.06175068020820618, 0.06340062618255615, 0.06505057215690613, 0.0667005255818367, 0.06835047155618668]}, "gradients/graph_36fc2.weight": {"_type": "histogram", "values": [1.0, 0.0, 0.0, 1.0, 0.0, 1.0, 1.0, 1.0, 1.0, 0.0, 3.0, 1.0, 5.0, 4.0, 2.0, 7.0, 5.0, 12.0, 16.0, 19.0, 30.0, 30.0, 51.0, 46.0, 70.0, 89.0, 103.0, 97.0, 129.0, 176.0, 161.0, 195.0, 199.0, 189.0, 203.0, 199.0, 201.0, 175.0, 166.0, 159.0, 132.0, 128.0, 108.0, 81.0, 86.0, 63.0, 60.0, 29.0, 36.0, 23.0, 20.0, 18.0, 20.0, 7.0, 17.0, 7.0, 2.0, 2.0, 3.0, 4.0, 2.0, 2.0, 1.0, 1.0], "bins": [-0.05294354632496834, -0.05142691358923912, -0.0499102845788002, -0.048393651843070984, -0.046877019107341766, -0.04536038637161255, -0.04384375736117363, -0.04232712462544441, -0.04081049561500549, -0.039293862879276276, -0.03777723386883736, -0.03626060113310814, -0.03474396839737892, -0.03322733938694, -0.031710706651210785, -0.030194073915481567, -0.02867744117975235, -0.02716081030666828, -0.025644177570939064, -0.024127546697854996, -0.022610913962125778, -0.02109428308904171, -0.01957765221595764, -0.018061019480228424, -0.016544390469789505, -0.015027758665382862, -0.01351112686097622, -0.011994495987892151, -0.010477864183485508, -0.008961232379078865, -0.007444601505994797, -0.005927969701588154, -0.004411332309246063, -0.002894700737670064, -0.0013780691660940647, 0.0001385621726512909, 0.0016551939770579338, 0.0031718257814645767, 0.004688456654548645, 0.006205088458955288, 0.00772172212600708, 0.009238353930413723, 0.010754985734820366, 0.012271616607904434, 0.013788248412311077, 0.01530488021671772, 0.01682151108980179, 0.018338143825531006, 0.019854772835969925, 0.021371403709053993, 0.02288803644478321, 0.02440466731786728, 0.025921300053596497, 0.027437930926680565, 0.028954561799764633, 0.03047119453549385, 0.03198782354593277, 0.03350445628166199, 0.035021085292100906, 0.036537718027830124, 0.03805435076355934, 0.03957097977399826, 0.04108761250972748, 0.042604245245456696, 0.04412087798118591]}, "gradients/graph_36spatial.1.weight": {"_type": "histogram", "values": [1.0, 0.0, 0.0, 0.0, 0.0, 1.0, 0.0, 0.0, 0.0, 2.0, 0.0, 0.0, 0.0, 0.0, 0.0, 0.0, 1.0, 0.0, 1.0, 1.0, 1.0, 1.0, 0.0, 3.0, 1.0, 0.0, 1.0, 1.0, 0.0, 2.0, 0.0, 1.0, 2.0, 2.0, 2.0, 1.0, 0.0, 1.0, 0.0, 1.0, 0.0, 1.0, 1.0, 0.0, 1.0, 2.0, 1.0, 0.0, 0.0, 1.0, 1.0, 0.0, 0.0, 1.0, 1.0, 0.0, 1.0, 0.0, 0.0, 1.0, 0.0, 0.0, 0.0, 1.0], "bins": [-0.09265897423028946, -0.08990680426359177, -0.08715463429689407, -0.08440247178077698, -0.08165030181407928, -0.07889813184738159, -0.0761459618806839, -0.0733937919139862, -0.07064162939786911, -0.06788945943117142, -0.06513728946447372, -0.06238512322306633, -0.059632956981658936, -0.05688078701496124, -0.05412861704826355, -0.051376450806856155, -0.04862428084015846, -0.04587211087346077, -0.043119944632053375, -0.04036777466535568, -0.03761560842394829, -0.034863438457250595, -0.0321112722158432, -0.029359102249145508, -0.026606932282447815, -0.02385476417839527, -0.021102596074342728, -0.018350426107645035, -0.015598258934915066, -0.012846090830862522, -0.010093921795487404, -0.00734175369143486, -0.004589587450027466, -0.0018374191131442785, 0.0009147492237389088, 0.0036669177934527397, 0.006419085897505283, 0.009171254001557827, 0.011923423036932945, 0.014675591140985489, 0.017427757382392883, 0.020179925486445427, 0.02293209359049797, 0.025684263557195663, 0.028436429798603058, 0.03118859976530075, 0.033940769731998444, 0.03669293597340584, 0.03944510594010353, 0.042197275906801224, 0.04494944214820862, 0.04770161211490631, 0.050453778356313705, 0.0532059483230114, 0.05595811456441879, 0.058710284531116486, 0.06146245449781418, 0.06421462446451187, 0.06696679443120956, 0.06971895694732666, 0.07247112691402435, 0.07522329688072205, 0.07797546684741974, 0.08072763681411743, 0.08347979933023453]}, "gradients/graph_36spatial.1.bias": {"_type": "histogram", "values": [1.0, 0.0, 0.0, 0.0, 0.0, 0.0, 0.0, 0.0, 0.0, 0.0, 0.0, 0.0, 0.0, 0.0, 0.0, 0.0, 0.0, 1.0, 0.0, 1.0, 0.0, 0.0, 1.0, 1.0, 0.0, 0.0, 0.0, 2.0, 0.0, 1.0, 0.0, 1.0, 1.0, 2.0, 1.0, 1.0, 1.0, 1.0, 0.0, 0.0, 4.0, 1.0, 3.0, 2.0, 1.0, 1.0, 0.0, 1.0, 2.0, 0.0, 1.0, 0.0, 0.0, 1.0, 1.0, 0.0, 0.0, 0.0, 0.0, 0.0, 2.0, 3.0, 0.0, 1.0], "bins": [-0.350263386964798, -0.3415606915950775, -0.33285796642303467, -0.3241552710533142, -0.31545257568359375, -0.3067498505115509, -0.29804715514183044, -0.28934445977211, -0.28064173460006714, -0.2719390392303467, -0.26323631405830383, -0.2545336186885834, -0.24583090841770172, -0.23712819814682007, -0.2284255027770996, -0.21972279250621796, -0.2110200971364975, -0.20231738686561584, -0.19361469149589539, -0.18491198122501373, -0.17620927095413208, -0.16750657558441162, -0.15880386531352997, -0.15010115504264832, -0.14139845967292786, -0.1326957494020462, -0.12399304658174515, -0.11529034376144409, -0.10658763349056244, -0.09788493067026138, -0.08918222784996033, -0.08047951757907867, -0.07177679240703583, -0.06307408958673477, -0.05437137931585312, -0.04566867649555206, -0.03696596994996071, -0.028263263404369354, -0.0195605605840683, -0.010857854038476944, -0.0021551400423049927, 0.006547565571963787, 0.015250271186232567, 0.023952975869178772, 0.032655682414770126, 0.04135838896036148, 0.05006109178066254, 0.05876379832625389, 0.06746649742126465, 0.0761692002415657, 0.08487191051244736, 0.09357461333274841, 0.10227732360363007, 0.11098002642393112, 0.11968272924423218, 0.12838543951511383, 0.13708814978599548, 0.14579086005687714, 0.1544935554265976, 0.16319626569747925, 0.1718989759683609, 0.18060168623924255, 0.189304381608963, 0.19800709187984467, 0.20670978724956512]}, "gradients/graph_36spatial.0.weight": {"_type": "histogram",