{"batch loss": 0.6109512448310852, "_timestamp": 1651815485, "_runtime": 1530, "_step": 649, "epoch": 24, "train/train_loss": 0.5678081238269805, "train/train_acc": 0.7652284263959391, "train/train_f1": 0.7638263055675567, "val/val_loss": 0.9969666202863058, "val/vaL_acc": 0.5655270655270656, "val/val_f1": 0.5647935354791936, "gradients/graph_57fc2.bias": {"_type": "histogram", "values": [1.0, 0.0, 1.0, 0.0, 0.0, 0.0, 0.0, 0.0, 0.0, 0.0, 0.0, 0.0, 0.0, 0.0, 0.0, 0.0, 0.0, 0.0, 0.0, 0.0, 0.0, 0.0, 0.0, 0.0, 0.0, 0.0, 0.0, 0.0, 0.0, 0.0, 0.0, 0.0, 0.0, 0.0, 0.0, 0.0, 0.0, 0.0, 0.0, 0.0, 0.0, 0.0, 0.0, 0.0, 0.0, 0.0, 0.0, 0.0, 0.0, 0.0, 0.0, 0.0, 0.0, 0.0, 0.0, 0.0, 0.0, 0.0, 0.0, 0.0, 0.0, 0.0, 0.0, 1.0], "bins": [-0.024012289941310883, -0.022924168035387993, -0.021836046129465103, -0.020747926086187363, -0.019659804180264473, -0.018571682274341583, -0.017483562231063843, -0.016395440325140953, -0.015307318419218063, -0.014219196513295174, -0.013131075538694859, -0.012042954564094543, -0.010954832658171654, -0.009866710752248764, -0.008778589777648449, -0.0076904683373868465, -0.006602346897125244, -0.005514225456863642, -0.004426104016602039, -0.003337982576340437, -0.0022498611360788345, -0.0011617396958172321, -7.361825555562973e-05, 0.0010145031847059727, 0.002102624624967575, 0.0031907460652291775, 0.00427886750549078, 0.005366988945752382, 0.006455110386013985, 0.007543231826275587, 0.00863135326653719, 0.009719474241137505, 0.010807596147060394, 0.011895718052983284, 0.012983839027583599, 0.014071960002183914, 0.015160081908106804, 0.016248203814029694, 0.017336323857307434, 0.018424445763230324, 0.019512567669153214, 0.020600689575076103, 0.021688811480998993, 0.022776931524276733, 0.023865053430199623, 0.024953175336122513, 0.026041295379400253, 0.027129417285323143, 0.028217539191246033, 0.029305661097168922, 0.030393783003091812, 0.03148190304636955, 0.03257002681493759, 0.03365814685821533, 0.03474626690149307, 0.03583439067006111, 0.03692251071333885, 0.03801063075661659, 0.03909875452518463, 0.04018687456846237, 0.04127499461174011, 0.04236311838030815, 0.04345123842358589, 0.04453936219215393, 0.04562748223543167]}, "gradients/graph_57fc2.weight": {"_type": "histogram", "values": [2.0, 0.0, 4.0, 3.0, 4.0, 5.0, 3.0, 2.0, 7.0, 1.0, 4.0, 8.0, 9.0, 13.0, 20.0, 12.0, 13.0, 15.0, 28.0, 26.0, 40.0, 36.0, 35.0, 43.0, 48.0, 43.0, 45.0, 48.0, 49.0, 47.0, 45.0, 32.0, 37.0, 42.0, 36.0, 37.0, 25.0, 22.0, 23.0, 18.0, 16.0, 16.0, 10.0, 12.0, 14.0, 11.0, 10.0, 4.0, 6.0, 9.0, 5.0, 4.0, 1.0, 4.0, 2.0, 5.0, 1.0, 2.0, 3.0, 1.0, 4.0, 3.0, 3.0, 4.0], "bins": [-0.028148148208856583, -0.027184966951608658, -0.026221785694360733, -0.02525860257446766, -0.024295421317219734, -0.02333224005997181, -0.022369058802723885, -0.02140587568283081, -0.020442694425582886, -0.01947951316833496, -0.018516331911087036, -0.017553148791193962, -0.016589967533946037, -0.015626786276698112, -0.014663605019450188, -0.013700422830879688, -0.012737241573631763, -0.011774060316383839, -0.01081087812781334, -0.009847696870565414, -0.008884514681994915, -0.00792133342474699, -0.006958151701837778, -0.005994969978928566, -0.005031788721680641, -0.004068606998771429, -0.003105425275862217, -0.0021422437857836485, -0.0011790620628744364, -0.00021588057279586792, 0.0007473011501133442, 0.0017104828730225563, 0.0026736650615930557, 0.003636846784502268, 0.00460002850741148, 0.005563209764659405, 0.006526391953229904, 0.007489573210477829, 0.008452754467725754, 0.009415936656296253, 0.010379118844866753, 0.011342300102114677, 0.012305482290685177, 0.013268663547933102, 0.014231845736503601, 0.015195026993751526, 0.01615820825099945, 0.017121389508247375, 0.0180845707654953, 0.019047752022743225, 0.02001093327999115, 0.020974116399884224, 0.02193729765713215, 0.022900478914380074, 0.023863660171628, 0.024826843291521072, 0.025790024548768997, 0.026753205806016922, 0.027716387063264847, 0.02867957018315792, 0.029642751440405846, 0.03060593269765377, 0.031569115817546844, 0.03253229707479477, 0.033495478332042694]}, "gradients/graph_57spatial.1.weight": {"_type": "histogram", "values": [1.0, 0.0, 0.0, 0.0, 0.0, 0.0, 1.0, 0.0, 1.0, 0.0, 0.0, 0.0, 0.0, 1.0, 0.0, 1.0, 0.0, 0.0, 2.0, 0.0, 0.0, 0.0, 2.0, 0.0, 1.0, 0.0, 1.0, 0.0, 0.0, 1.0, 0.0, 2.0, 1.0, 1.0, 0.0, 0.0, 4.0, 2.0, 2.0, 2.0, 3.0, 0.0, 0.0, 2.0, 1.0, 0.0, 3.0, 0.0, 0.0, 1.0, 1.0, 1.0, 1.0, 0.0, 0.0, 0.0, 0.0, 0.0, 0.0, 0.0, 0.0, 0.0, 0.0, 1.0], "bins": [-0.05716303735971451, -0.05553622543811798, -0.053909413516521454, -0.05228259786963463, -0.0506557859480381, -0.049028974026441574, -0.04740215837955475, -0.04577534645795822, -0.044148534536361694, -0.04252172261476517, -0.04089491069316864, -0.039268095046281815, -0.03764128312468529, -0.03601447120308876, -0.034387655556201935, -0.03276084363460541, -0.03113403171300888, -0.029507219791412354, -0.027880406007170677, -0.026253592222929, -0.024626780301332474, -0.022999968379735947, -0.02137315459549427, -0.019746340811252594, -0.018119528889656067, -0.01649271696805954, -0.014865903183817863, -0.013239090330898762, -0.01161227747797966, -0.009985464625060558, -0.008358651772141457, -0.006731838919222355, -0.005105026066303253, -0.0034782132133841515, -0.0018514003604650497, -0.00022458750754594803, 0.0014022253453731537, 0.0030290381982922554, 0.004655851051211357, 0.006282663904130459, 0.00790947675704956, 0.009536289609968662, 0.011163102462887764, 0.012789915315806866, 0.014416728168725967, 0.016043540090322495, 0.01767035387456417, 0.019297167658805847, 0.020923979580402374, 0.0225507915019989, 0.024177605286240578, 0.025804419070482254, 0.02743123099207878, 0.029058042913675308, 0.030684856697916985, 0.03231167048215866, 0.03393848240375519, 0.035565294325351715, 0.03719210624694824, 0.03881892189383507, 0.040445733815431595, 0.04207254573702812, 0.04369936138391495, 0.045326173305511475, 0.046952985227108]}, "gradients/graph_57spatial.1.bias": {"_type": "histogram", "values": [1.0, 0.0, 0.0, 0.0, 0.0, 0.0, 1.0, 0.0, 1.0, 1.0, 1.0, 1.0, 1.0, 0.0, 0.0, 0.0, 1.0, 0.0, 1.0, 0.0, 0.0, 1.0, 2.0, 0.0, 1.0, 0.0, 1.0, 0.0, 1.0, 0.0, 0.0, 1.0, 0.0, 0.0, 1.0, 0.0, 3.0, 0.0, 2.0, 0.0, 1.0, 0.0, 0.0, 1.0, 1.0, 0.0, 2.0, 0.0, 1.0, 0.0, 3.0, 1.0, 1.0, 1.0, 0.0, 0.0, 0.0, 0.0, 3.0, 0.0, 1.0, 0.0, 0.0, 2.0], "bins": [-0.12080136686563492, -0.11738156527280807, -0.11396176367998123, -0.11054196208715439, -0.10712216049432755, -0.1037023663520813, -0.10028256475925446, -0.09686276316642761, -0.09344296157360077, -0.09002315998077393, -0.08660335838794708, -0.08318355679512024, -0.0797637552022934, -0.07634395360946655, -0.07292415201663971, -0.06950435787439346, -0.06608454883098602, -0.06266474723815918, -0.059244945645332336, -0.05582514405250549, -0.05240534618496895, -0.048985544592142105, -0.04556574299931526, -0.04214594513177872, -0.038726143538951874, -0.03530634194612503, -0.03188654035329819, -0.028466740623116493, -0.0250469408929348, -0.021627139300107956, -0.018207337707281113, -0.014787537977099419, -0.011367738246917725, -0.007947937585413456, -0.0045281364582479, -0.001108335331082344, 0.0023114653304219246, 0.005731265991926193, 0.009151067584753036, 0.01257086731493473, 0.015990667045116425, 0.019410468637943268, 0.022830268368124962, 0.026250069960951805, 0.0296698696911335, 0.03308967128396034, 0.036509472876787186, 0.03992927074432373, 0.04334907606244087, 0.046768877655267715, 0.05018867924809456, 0.053608477115631104, 0.05702827870845795, 0.06044808030128479, 0.06386788189411163, 0.06728768348693848, 0.07070748507976532, 0.07412728667259216, 0.077547088265419, 0.08096688985824585, 0.08438669145107269, 0.08780649304389954, 0.09122629463672638, 0.09464608877897263, 0.09806589037179947]}, "gradients/graph_57spatial.0.weight": {"_type": "histogram",