{"batch loss": 0.49117526412010193, "_timestamp": 1651820524, "_runtime": 1510, "_step": 649, "epoch": 24, "train/train_loss": 0.528748654127121, "train/train_acc": 0.7815672588832487, "train/train_f1": 0.7802577802937098, "val/val_loss": 1.075633446375529, "val/vaL_acc": 0.5911680911680912, "val/val_f1": 0.5979825917236211, "gradients/graph_62fc2.bias": {"_type": "histogram", "values": [1.0, 0.0, 0.0, 0.0, 0.0, 0.0, 0.0, 0.0, 0.0, 0.0, 0.0, 1.0, 0.0, 0.0, 0.0, 0.0, 0.0, 0.0, 0.0, 0.0, 0.0, 0.0, 0.0, 0.0, 0.0, 0.0, 0.0, 0.0, 0.0, 0.0, 0.0, 0.0, 0.0, 0.0, 0.0, 0.0, 0.0, 0.0, 0.0, 0.0, 0.0, 0.0, 0.0, 0.0, 0.0, 0.0, 0.0, 0.0, 0.0, 0.0, 0.0, 0.0, 0.0, 0.0, 0.0, 0.0, 0.0, 0.0, 0.0, 0.0, 0.0, 0.0, 0.0, 1.0], "bins": [-0.04360789805650711, -0.04187662899494171, -0.04014535993337631, -0.03841409087181091, -0.036682821810245514, -0.034951552748680115, -0.033220283687114716, -0.031489018350839615, -0.029757749289274216, -0.028026480227708817, -0.026295211166143417, -0.024563942104578018, -0.022832674905657768, -0.02110140584409237, -0.01937013678252697, -0.01763886958360672, -0.01590759865939617, -0.014176329597830772, -0.012445061467587948, -0.010713792406022549, -0.008982524275779724, -0.007251255214214325, -0.005519986152648926, -0.0037887180224061012, -0.0020574480295181274, -0.00032617931719869375, 0.00140508939512074, 0.0031363582238554955, 0.004867626819759607, 0.006598895415663719, 0.008330164477229118, 0.010061432607471943, 0.011792700737714767, 0.013523969799280167, 0.015255237929522991, 0.016986507922410965, 0.018717775121331215, 0.020449044182896614, 0.022180313244462013, 0.023911580443382263, 0.025642849504947662, 0.02737411856651306, 0.02910538762807846, 0.03083665668964386, 0.03256792575120926, 0.03429919481277466, 0.03603046387434006, 0.03776172921061516, 0.039493001997470856, 0.041224271059036255, 0.042955540120601654, 0.04468680918216705, 0.04641807824373245, 0.04814934730529785, 0.04988061636686325, 0.05161188170313835, 0.05334315076470375, 0.05507441982626915, 0.05680568888783455, 0.05853695794939995, 0.06026822701096535, 0.06199949234724045, 0.06373076140880585, 0.06546203047037125, 0.06719329953193665]}, "gradients/graph_62fc2.weight": {"_type": "histogram", "values": [3.0, 0.0, 1.0, 1.0, 1.0, 3.0, 2.0, 3.0, 5.0, 4.0, 7.0, 12.0, 17.0, 20.0, 18.0, 32.0, 31.0, 38.0, 79.0, 65.0, 67.0, 89.0, 98.0, 109.0, 121.0, 120.0, 110.0, 97.0, 134.0, 90.0, 119.0, 100.0, 78.0, 78.0, 78.0, 63.0, 52.0, 45.0, 34.0, 27.0, 32.0, 17.0, 14.0, 10.0, 10.0, 7.0, 7.0, 2.0, 2.0, 2.0, 1.0, 1.0, 1.0, 0.0, 1.0, 0.0, 0.0, 1.0, 0.0, 0.0, 0.0, 0.0, 0.0, 1.0], "bins": [-0.03723806142807007, -0.035878997296094894, -0.03451993688941002, -0.033160872757434845, -0.03180180862545967, -0.030442746356129646, -0.02908368408679962, -0.027724619954824448, -0.026365557685494423, -0.025006495416164398, -0.023647431284189224, -0.0222883690148592, -0.020929306745529175, -0.019570242613554, -0.018211180344223976, -0.01685211807489395, -0.015493053942918777, -0.014133990742266178, -0.012774927541613579, -0.011415865272283554, -0.010056802071630955, -0.008697738870978355, -0.007338676601648331, -0.005979613400995731, -0.004620552062988281, -0.0032614890951663256, -0.0019024261273443699, -0.0005433633923530579, 0.0008156998082995415, 0.002174763008952141, 0.0035338252782821655, 0.004892888478934765, 0.006251953542232513, 0.007611016742885113, 0.008970079943537712, 0.010329142212867737, 0.011688205413520336, 0.013047268614172935, 0.01440633088350296, 0.015765395015478134, 0.017124459147453308, 0.018483521416783333, 0.019842585548758507, 0.02120164781808853, 0.022560711950063705, 0.02391977421939373, 0.025278836488723755, 0.02663790062069893, 0.027996961027383804, 0.02935602329671383, 0.030715087428689003, 0.03207414969801903, 0.0334332138299942, 0.03479227423667908, 0.03615133836865425, 0.037510402500629425, 0.0388694629073143, 0.040228527039289474, 0.04158758744597435, 0.042946651577949524, 0.0443057157099247, 0.04566477984189987, 0.04702384024858475, 0.04838290438055992, 0.049741968512535095]}, "gradients/graph_62spatial.1.weight": {"_type": "histogram", "values": [1.0, 0.0, 0.0, 0.0, 0.0, 0.0, 0.0, 0.0, 0.0, 0.0, 0.0, 0.0, 0.0, 1.0, 0.0, 1.0, 0.0, 2.0, 0.0, 0.0, 0.0, 1.0, 1.0, 1.0, 1.0, 0.0, 2.0, 1.0, 2.0, 0.0, 0.0, 0.0, 2.0, 1.0, 0.0, 3.0, 1.0, 2.0, 0.0, 3.0, 0.0, 0.0, 2.0, 0.0, 1.0, 1.0, 3.0, 0.0, 2.0, 1.0, 0.0, 2.0, 0.0, 0.0, 0.0, 0.0, 0.0, 0.0, 0.0, 0.0, 0.0, 0.0, 0.0, 2.0], "bins": [-0.09414015710353851, -0.0915905311703682, -0.08904089778661728, -0.08649127185344696, -0.08394164592027664, -0.08139201253652573, -0.07884238660335541, -0.07629275321960449, -0.07374312728643417, -0.07119350135326385, -0.06864386796951294, -0.06609424203634262, -0.0635446161031723, -0.06099498271942139, -0.05844535678625107, -0.05589572712779045, -0.05334610119462013, -0.050796471536159515, -0.0482468456029892, -0.04569721594452858, -0.04314758628606796, -0.040597960352897644, -0.03804833069443703, -0.03549870103597641, -0.03294907510280609, -0.030399447306990623, -0.027849817648530006, -0.02530018985271454, -0.02275056019425392, -0.020200932398438454, -0.017651304602622986, -0.015101674944162369, -0.012552045285701752, -0.01000241655856371, -0.007452788297086954, -0.004903160035610199, -0.0023535313084721565, 0.00019609741866588593, 0.0027457252144813538, 0.005295354872941971, 0.007844984531402588, 0.01039461325854063, 0.012944241985678673, 0.01549386978149414, 0.018043499439954758, 0.020593127235770226, 0.023142755031585693, 0.02569238469004631, 0.02824201062321663, 0.030791638419032097, 0.033341266214847565, 0.03589089587330818, 0.0384405255317688, 0.04099015146493912, 0.043539781123399734, 0.04608941078186035, 0.04863903671503067, 0.05118866637349129, 0.053738292306661606, 0.05628792196512222, 0.05883755162358284, 0.06138718128204346, 0.06393680721521378, 0.0664864331483841, 0.06903606653213501]}, "gradients/graph_62spatial.1.bias": {"_type": "histogram", "values": [1.0, 0.0, 0.0, 1.0, 0.0, 0.0, 0.0, 0.0, 0.0, 0.0, 1.0, 1.0, 0.0, 2.0, 0.0, 1.0, 0.0, 0.0, 0.0, 2.0, 0.0, 2.0, 0.0, 0.0, 1.0, 2.0, 0.0, 1.0, 0.0, 0.0, 0.0, 0.0, 2.0, 1.0, 1.0, 3.0, 0.0, 1.0, 1.0, 0.0, 2.0, 0.0, 2.0, 2.0, 1.0, 0.0, 1.0, 0.0, 0.0, 2.0, 1.0, 0.0, 0.0, 0.0, 2.0, 0.0, 1.0, 0.0, 0.0, 0.0, 0.0, 0.0, 1.0, 1.0], "bins": [-0.2095487266778946, -0.20347358286380768, -0.19739843904972076, -0.19132329523563385, -0.18524815142154694, -0.17917300760746002, -0.1730978786945343, -0.1670227348804474, -0.16094759106636047, -0.15487244725227356, -0.14879730343818665, -0.14272215962409973, -0.13664701581001282, -0.1305718719959259, -0.12449673563241959, -0.11842159181833267, -0.11234644055366516, -0.10627129673957825, -0.10019615292549133, -0.09412100911140442, -0.0880458652973175, -0.08197072148323059, -0.07589558511972427, -0.06982044130563736, -0.06374530494213104, -0.05767016112804413, -0.051595017313957214, -0.0455198772251606, -0.039444733411073685, -0.03336958959698677, -0.027294449508190155, -0.02121930569410324, -0.01514415442943573, -0.00906901154667139, -0.002993868663907051, 0.0030812732875347137, 0.009156417101621628, 0.015231560915708542, 0.021306701004505157, 0.02738184481859207, 0.03345699608325958, 0.0395321398973465, 0.04560728371143341, 0.051682423800230026, 0.05775756761431694, 0.06383271515369415, 0.06990785151720047, 0.07598299533128738, 0.0820581316947937, 0.08813327550888062, 0.09420841932296753, 0.10028356313705444, 0.10635870695114136, 0.11243385076522827, 0.11850898712873459, 0.1245841309428215, 0.130659282207489, 0.13673442602157593, 0.14280956983566284, 0.14888471364974976, 0.15495985746383667, 0.16103500127792358, 0.1671101450920105, 0.1731852889060974, 0.17926041781902313]}, "gradients/graph_62spatial.0.weight": {"_type": "histogram",