{"batch loss": 0.7897391319274902, "_timestamp": 1651751833, "_runtime": 23, "_step": 194, "gradients/fc2.bias": {"_type": "histogram", "values": [1.0, 0.0, 0.0, 0.0, 0.0, 0.0, 0.0, 0.0, 0.0, 0.0, 0.0, 0.0, 0.0, 0.0, 0.0, 0.0, 0.0, 0.0, 0.0, 0.0, 0.0, 0.0, 1.0, 0.0, 0.0, 0.0, 0.0, 0.0, 0.0, 0.0, 0.0, 0.0, 0.0, 0.0, 0.0, 0.0, 0.0, 0.0, 0.0, 0.0, 0.0, 0.0, 0.0, 0.0, 0.0, 0.0, 0.0, 0.0, 0.0, 0.0, 0.0, 0.0, 0.0, 0.0, 0.0, 0.0, 0.0, 0.0, 0.0, 0.0, 0.0, 0.0, 0.0, 1.0], "bins": [-0.07337502390146255, -0.07083728164434433, -0.0682995468378067, -0.06576180458068848, -0.06322406232357025, -0.060686323791742325, -0.0581485852599144, -0.05561084300279617, -0.053073104470968246, -0.05053536593914032, -0.047997623682022095, -0.04545988515019417, -0.04292214661836624, -0.040384404361248016, -0.03784666582942009, -0.03530892729759216, -0.03277118504047394, -0.030233444646000862, -0.027695704251527786, -0.02515796571969986, -0.022620225325226784, -0.020082484930753708, -0.01754474639892578, -0.015007006004452705, -0.01246926560997963, -0.009931525215506554, -0.007393785752356052, -0.004856045823544264, -0.0023183058947324753, 0.00021943449974060059, 0.002757173962891102, 0.005294913426041603, 0.007832646369934082, 0.010370386764407158, 0.01290812622755766, 0.01544586569070816, 0.017983606085181236, 0.020521346479654312, 0.02305908501148224, 0.025596825405955315, 0.02813456580042839, 0.030672306194901466, 0.03321004658937454, 0.03574778512120247, 0.038285523653030396, 0.04082326591014862, 0.04336100444197655, 0.045898742973804474, 0.0484364852309227, 0.050974223762750626, 0.05351196601986885, 0.05604970455169678, 0.058587446808815, 0.06112518534064293, 0.06366292387247086, 0.06620066612958908, 0.06873840093612671, 0.07127614319324493, 0.07381387799978256, 0.07635162025690079, 0.07888936251401901, 0.08142709732055664, 0.08396483957767487, 0.08650258183479309, 0.08904032409191132]}, "gradients/fc2.weight": {"_type": "histogram", "values": [2.0, 1.0, 1.0, 1.0, 0.0, 2.0, 2.0, 3.0, 7.0, 1.0, 4.0, 5.0, 2.0, 6.0, 10.0, 10.0, 14.0, 14.0, 22.0, 22.0, 25.0, 18.0, 31.0, 33.0, 36.0, 58.0, 75.0, 77.0, 61.0, 51.0, 37.0, 29.0, 19.0, 18.0, 22.0, 19.0, 18.0, 17.0, 8.0, 11.0, 6.0, 11.0, 5.0, 4.0, 5.0, 0.0, 3.0, 2.0, 1.0, 0.0, 3.0, 0.0, 1.0, 2.0, 0.0, 0.0, 2.0, 1.0, 1.0, 0.0, 0.0, 0.0, 0.0, 1.0], "bins": [-0.08544570207595825, -0.08231998980045319, -0.07919427752494812, -0.07606855779886246, -0.07294284552335739, -0.06981713324785233, -0.06669142097234726, -0.0635657012462616, -0.06043998897075653, -0.057314276695251465, -0.0541885606944561, -0.051062848418951035, -0.04793713241815567, -0.044811420142650604, -0.04168570786714554, -0.038559991866350174, -0.03543427959084511, -0.03230856731534004, -0.029182851314544678, -0.026057139039039612, -0.022931423038244247, -0.01980571076273918, -0.016679996624588966, -0.013554282486438751, -0.010428570210933685, -0.00730285607278347, -0.004177142400294542, -0.0010514287278056145, 0.0020742854103446007, 0.005199998617172241, 0.008325712755322456, 0.011451426893472672, 0.014577142894268036, 0.01770285703241825, 0.020828571170568466, 0.023954283446073532, 0.027079999446868896, 0.030205711722373962, 0.03333142399787903, 0.03645713999867439, 0.03958285599946976, 0.04270856827497482, 0.04583428427577019, 0.04895999655127525, 0.05208571255207062, 0.055211424827575684, 0.05833713710308075, 0.061462853103876114, 0.06458856165409088, 0.06771427392959595, 0.07083998620510101, 0.07396570593118668, 0.07709141820669174, 0.08021713048219681, 0.08334284275770187, 0.08646856248378754, 0.0895942747592926, 0.09271998703479767, 0.09584569931030273, 0.0989714190363884, 0.10209713131189346, 0.10522284358739853, 0.1083485558629036, 0.11147427558898926, 0.11459998786449432]}, "gradients/spatial.1.weight": {"_type": "histogram", "values": [1.0, 0.0, 0.0, 3.0, 0.0, 0.0, 0.0, 0.0, 0.0, 0.0, 0.0, 0.0, 0.0, 0.0, 0.0, 0.0, 1.0, 2.0, 1.0, 0.0, 0.0, 0.0, 0.0, 0.0, 0.0, 0.0, 0.0, 0.0, 0.0, 0.0, 0.0, 1.0, 0.0, 0.0, 0.0, 0.0, 0.0, 0.0, 0.0, 0.0, 0.0, 0.0, 0.0, 0.0, 0.0, 0.0, 0.0, 0.0, 0.0, 0.0, 0.0, 0.0, 0.0, 0.0, 0.0, 0.0, 0.0, 0.0, 0.0, 0.0, 0.0, 0.0, 0.0, 1.0], "bins": [-0.06390436738729477, -0.05945003777742386, -0.05499570816755295, -0.05054137855768204, -0.04608704894781113, -0.041632719337940216, -0.03717838600277901, -0.032724056392908096, -0.028269726783037186, -0.023815397173166275, -0.019361067563295364, -0.014906736090779305, -0.010452406480908394, -0.005998076871037483, -0.0015437453985214233, 0.0029105842113494873, 0.007364913821220398, 0.011819243431091309, 0.01627357304096222, 0.02072790451347828, 0.02518223412334919, 0.0296365637332201, 0.03409089520573616, 0.03854522481560707, 0.04299955815076828, 0.04745388776063919, 0.0519082173705101, 0.05636254698038101, 0.06081687659025192, 0.06527120620012283, 0.06972554326057434, 0.07417987287044525, 0.07863420248031616, 0.08308853209018707, 0.08754286170005798, 0.0919971913099289, 0.0964515209197998, 0.10090585052967072, 0.10536018013954163, 0.10981450974941254, 0.11426883935928345, 0.11872316896915436, 0.12317749857902527, 0.12763182818889618, 0.1320861577987671, 0.136540487408638, 0.1409948170185089, 0.14544914662837982, 0.14990347623825073, 0.15435780584812164, 0.15881213545799255, 0.16326646506786346, 0.16772079467773438, 0.17217512428760529, 0.1766294538974762, 0.1810837835073471, 0.1855381280183792, 0.18999245762825012, 0.19444678723812103, 0.19890111684799194, 0.20335544645786285, 0.20780977606773376, 0.21226410567760468, 0.21671843528747559, 0.2211727648973465]}, "gradients/spatial.1.bias": {"_type": "histogram", "values": [1.0, 0.0, 1.0, 0.0, 0.0, 0.0, 0.0, 0.0, 0.0, 1.0, 0.0, 1.0, 0.0, 0.0, 0.0, 0.0, 0.0, 0.0, 0.0, 0.0, 0.0, 0.0, 0.0, 1.0, 0.0, 1.0, 0.0, 2.0, 0.0, 0.0, 0.0, 0.0, 0.0, 0.0, 0.0, 0.0, 0.0, 0.0, 0.0, 0.0, 0.0, 0.0, 1.0, 0.0, 0.0, 0.0, 0.0, 0.0, 0.0, 0.0, 0.0, 0.0, 0.0, 0.0, 0.0, 0.0, 0.0, 0.0, 0.0, 0.0, 0.0, 0.0, 0.0, 1.0], "bins": [-0.08062564581632614, -0.0770496279001236, -0.07347360998392105, -0.0698975920677185, -0.06632157415151596, -0.06274555623531342, -0.05916953459382057, -0.05559351667761803, -0.05201749876141548, -0.048441480845212936, -0.04486546292901039, -0.04128944128751755, -0.037713423371315, -0.03413740545511246, -0.030561387538909912, -0.026985369622707367, -0.023409351706504822, -0.019833333790302277, -0.01625731587409973, -0.012681296095252037, -0.009105278179049492, -0.005529260262846947, -0.0019532404839992523, 0.0016227774322032928, 0.0051987990736961365, 0.008774816989898682, 0.012350835837423801, 0.01592685468494892, 0.019502872601151466, 0.02307889051735401, 0.026654910296201706, 0.03023092821240425, 0.033806949853897095, 0.03738296777009964, 0.040958985686302185, 0.04453500360250473, 0.048111021518707275, 0.05168703943490982, 0.055263061076402664, 0.05883907899260521, 0.062415093183517456, 0.06599111109972, 0.06956712901592255, 0.07314314693212509, 0.07671916484832764, 0.08029518276453018, 0.08387120068073273, 0.08744722604751587, 0.09102324396371841, 0.09459926187992096, 0.0981752797961235, 0.10175129771232605, 0.1053273156285286, 0.10890333354473114, 0.11247935891151428, 0.11605536937713623, 0.11963139474391937, 0.12320741266012192, 0.12678343057632446, 0.1303594559431076, 0.13393546640872955, 0.1375114917755127, 0.14108750224113464, 0.14466352760791779, 0.14823953807353973]}, "gradients/spatial.0.weight": {"_type": "histogram", "values": [4.0, 0.0, 0.0, 0.0, 1.0, 3.0, 4.0, 3.0, 5.0, 14.0, 10.0, 17.0, 19.0, 35.0, 49.0, 85.0, 156.0, 167.0, 72.0, 36.0, 16.0, 19.0, 26.0, 9.0, 4.0, 9.0, 5.0, 3.0, 3.0, 1.0, 3.0, 0.0, 2.0, 2.0, 0.0, 1.0, 1.0, 0.0, 1.0, 2.0, 1.0, 0.0, 0.0, 0.0, 1.0, 2.0, 1.0, 0.0, 1.0, 0.0, 0.0, 1.0, 0.0, 2.0, 0.0, 1.0, 0.0, 0.0, 1.0, 1.0, 0.0, 0.0, 0.0, 1.0],