{"batch loss": 0.8187944293022156, "_timestamp": 1651787086, "_runtime": 720, "_step": 649, "epoch": 24, "train/train_loss": 0.6814235806465149, "train/train_acc": 0.7184327411167513, "train/train_f1": 0.7167252466339901, "val/val_loss": 0.8638867934544882, "val/vaL_acc": 0.6125356125356125, "val/val_f1": 0.6144484151286983, "gradients/graph_27fc2.bias": {"_type": "histogram", "values": [1.0, 0.0, 0.0, 0.0, 0.0, 0.0, 0.0, 0.0, 0.0, 0.0, 0.0, 0.0, 0.0, 0.0, 0.0, 0.0, 0.0, 0.0, 0.0, 0.0, 0.0, 0.0, 0.0, 0.0, 0.0, 0.0, 0.0, 1.0, 0.0, 0.0, 0.0, 0.0, 0.0, 0.0, 0.0, 0.0, 0.0, 0.0, 0.0, 0.0, 0.0, 0.0, 0.0, 0.0, 0.0, 0.0, 0.0, 0.0, 0.0, 0.0, 0.0, 0.0, 0.0, 0.0, 0.0, 0.0, 0.0, 0.0, 0.0, 0.0, 0.0, 0.0, 0.0, 1.0], "bins": [-0.08945772051811218, -0.08652970939874649, -0.0836016982793808, -0.08067367970943451, -0.07774566859006882, -0.07481765747070312, -0.07188963890075684, -0.06896162778139114, -0.06603361666202545, -0.06310560554265976, -0.06017759069800377, -0.05724957585334778, -0.054321564733982086, -0.051393553614616394, -0.0484655387699604, -0.04553752392530441, -0.04260951280593872, -0.03968150168657303, -0.03675348684191704, -0.03382547199726105, -0.030897460877895355, -0.027969447895884514, -0.025041434913873672, -0.02211342193186283, -0.01918540894985199, -0.01625739596784115, -0.013329382985830307, -0.010401370003819466, -0.007473357021808624, -0.004545344039797783, -0.0016173310577869415, 0.0013106819242238998, 0.004238694906234741, 0.007166707888245583, 0.010094720870256424, 0.013022733852267265, 0.015950746834278107, 0.018878759816288948, 0.02180677279829979, 0.02473478578031063, 0.027662798762321472, 0.030590811744332314, 0.033518824726343155, 0.036446839570999146, 0.03937485069036484, 0.04230286180973053, 0.04523087665438652, 0.04815889149904251, 0.0510869026184082, 0.054014913737773895, 0.056942928582429886, 0.059870943427085876, 0.06279895454645157, 0.06572696566581726, 0.06865498423576355, 0.07158299535512924, 0.07451100647449493, 0.07743901759386063, 0.08036702871322632, 0.08329504728317261, 0.0862230584025383, 0.08915106952190399, 0.09207908809185028, 0.09500709921121597, 0.09793511033058167]}, "gradients/graph_27fc2.weight": {"_type": "histogram", "values": [1.0, 0.0, 1.0, 2.0, 5.0, 5.0, 11.0, 14.0, 15.0, 19.0, 16.0, 22.0, 28.0, 30.0, 31.0, 31.0, 31.0, 19.0, 14.0, 18.0, 15.0, 10.0, 9.0, 10.0, 12.0, 25.0, 27.0, 21.0, 24.0, 32.0, 33.0, 28.0, 31.0, 26.0, 26.0, 13.0, 13.0, 7.0, 4.0, 2.0, 1.0, 0.0, 2.0, 5.0, 5.0, 12.0, 9.0, 17.0, 31.0, 31.0, 27.0, 37.0, 30.0, 30.0, 34.0, 16.0, 19.0, 4.0, 13.0, 4.0, 2.0, 6.0, 3.0, 1.0], "bins": [-0.06826739013195038, -0.06613221019506454, -0.06399703770875931, -0.06186186149716377, -0.05972668528556824, -0.057591505348682404, -0.05545632913708687, -0.05332115292549133, -0.0511859767138958, -0.04905080050230026, -0.04691562429070473, -0.04478044807910919, -0.04264526814222336, -0.04051009565591812, -0.03837491571903229, -0.03623973950743675, -0.03410456329584122, -0.03196938708424568, -0.029834210872650146, -0.027699032798409462, -0.025563856586813927, -0.02342868037521839, -0.021293502300977707, -0.01915832608938217, -0.017023149877786636, -0.014887973666191101, -0.012752796523272991, -0.010617619380354881, -0.008482443168759346, -0.006347266957163811, -0.004212089814245701, -0.002076912671327591, 5.825608968734741e-05, 0.00219343276694417, 0.004328609444200993, 0.006463786121457815, 0.008598962798714638, 0.010734139010310173, 0.012869316153228283, 0.015004493296146393, 0.017139669507741928, 0.019274845719337463, 0.021410021930933, 0.023545200005173683, 0.02568037621676922, 0.027815552428364754, 0.029950730502605438, 0.032085906714200974, 0.03422108292579651, 0.036356259137392044, 0.03849143534898758, 0.040626611560583115, 0.04276178777217865, 0.044896967709064484, 0.04703214392066002, 0.049167320132255554, 0.05130249634385109, 0.053437672555446625, 0.05557284876704216, 0.057708024978637695, 0.05984320491552353, 0.061978377401828766, 0.0641135573387146, 0.06624872982501984, 0.06838390976190567]}, "gradients/graph_27spatial.1.weight": {"_type": "histogram", "values": [1.0, 0.0, 0.0, 0.0, 3.0, 0.0, 0.0, 0.0, 1.0, 0.0, 0.0, 0.0, 1.0, 0.0, 0.0, 1.0, 1.0, 0.0, 0.0, 0.0, 0.0, 0.0, 0.0, 0.0, 0.0, 0.0, 0.0, 0.0, 0.0, 0.0, 2.0, 0.0, 0.0, 0.0, 0.0, 1.0, 0.0, 1.0, 0.0, 1.0, 0.0, 0.0, 0.0, 0.0, 1.0, 0.0, 0.0, 0.0, 0.0, 0.0, 1.0, 2.0, 0.0, 0.0, 1.0, 1.0, 0.0, 0.0, 0.0, 0.0, 0.0, 0.0, 0.0, 1.0], "bins": [-0.10535819828510284, -0.1021452397108078, -0.09893228858709335, -0.09571933001279831, -0.09250637888908386, -0.08929342031478882, -0.08608046174049377, -0.08286751061677933, -0.07965455949306488, -0.07644160091876984, -0.07322864979505539, -0.07001569122076035, -0.0668027400970459, -0.06358978152275085, -0.06037682667374611, -0.057163871824741364, -0.05395091325044632, -0.050737958401441574, -0.04752500355243683, -0.044312044978141785, -0.04109909385442734, -0.037886135280132294, -0.03467318043112755, -0.0314602255821228, -0.02824726700782776, -0.025034312158823013, -0.021821357309818268, -0.018608400598168373, -0.015395445749163628, -0.012182490900158882, -0.008969534188508987, -0.005756579339504242, -0.002543628215789795, 0.0006693270988762379, 0.0038822824135422707, 0.007095238193869591, 0.010308193042874336, 0.013521147891879082, 0.016734104603528976, 0.019947059452533722, 0.02316001057624817, 0.026372965425252914, 0.02958592027425766, 0.032798878848552704, 0.03601182997226715, 0.039224788546562195, 0.04243774339556694, 0.045650698244571686, 0.04886365681886673, 0.052076611667871475, 0.05528956651687622, 0.058502525091171265, 0.06171547621488571, 0.06492843478918076, 0.0681413859128952, 0.07135434448719025, 0.07456730306148529, 0.07778026163578033, 0.08099321275949478, 0.08420617133378983, 0.08741912245750427, 0.09063208103179932, 0.09384503960609436, 0.09705799072980881, 0.10027094185352325]}, "gradients/graph_27spatial.1.bias": {"_type": "histogram", "values": [1.0, 0.0, 0.0, 0.0, 0.0, 1.0, 0.0, 1.0, 1.0, 0.0, 1.0, 0.0, 0.0, 0.0, 0.0, 1.0, 0.0, 0.0, 0.0, 1.0, 0.0, 1.0, 0.0, 0.0, 0.0, 0.0, 0.0, 0.0, 0.0, 1.0, 0.0, 1.0, 0.0, 0.0, 0.0, 0.0, 1.0, 0.0, 0.0, 1.0, 0.0, 1.0, 0.0, 0.0, 0.0, 0.0, 0.0, 1.0, 0.0, 0.0, 0.0, 1.0, 1.0, 0.0, 1.0, 0.0, 1.0, 1.0, 0.0, 0.0, 0.0, 0.0, 0.0, 1.0], "bins": [-0.16603244841098785, -0.16091182827949524, -0.15579120814800262, -0.15067058801651, -0.1455499678850174, -0.14042934775352478, -0.13530872762203217, -0.13018810749053955, -0.12506750226020813, -0.11994688212871552, -0.1148262619972229, -0.10970564186573029, -0.10458502173423767, -0.09946440160274506, -0.09434378892183304, -0.08922316879034042, -0.08410254120826721, -0.0789819210767746, -0.07386130094528198, -0.06874068081378937, -0.06362006068229675, -0.05849944427609444, -0.05337882786989212, -0.048258207738399506, -0.04313758760690689, -0.038016967475414276, -0.03289634734392166, -0.027775730937719345, -0.02265511080622673, -0.017534490674734116, -0.01241387240588665, -0.007293254137039185, -0.00217263400554657, 0.0029479851946234703, 0.00806860439479351, 0.01318922359496355, 0.01830984279513359, 0.023430462926626205, 0.02855108119547367, 0.033671699464321136, 0.03879231959581375, 0.043912939727306366, 0.04903355985879898, 0.0541541762650013, 0.05927479639649391, 0.06439541280269623, 0.06951603293418884, 0.07463665306568146, 0.07975727319717407, 0.08487789332866669, 0.0899985134601593, 0.09511913359165192, 0.10023975372314453, 0.10536037385463715, 0.11048098653554916, 0.11560160666704178, 0.1207222267985344, 0.1258428394794464, 0.13096345961093903, 0.13608407974243164, 0.14120469987392426, 0.14632532000541687, 0.15144594013690948, 0.1565665602684021, 0.16168718039989471]}, "gradients/graph_27spatial.0.weight": {"_type": "histogram",