{"batch loss": 1.1006749868392944, "_timestamp": 1651756133, "_runtime": 53, "_step": 25, "epoch": 0, "train/train_loss": 1.0637015724182128, "train/train_acc": 106.12, "train/train_f1": 0.4135131339272474, "val/val_loss": 1.088899552822113, "val/vaL_acc": 76.25, "val/val_f1": 0.3211241070682415, "_wandb": {"runtime": 52}}