{"batch loss": 0.42178112268447876, "_timestamp": 1651858160, "_runtime": 844, "_step": 689, "epoch": 29, "train/train_loss": 0.5215213447809219, "train/train_acc": 0.7870387369194052, "train/train_f1": 0.7860186178888078, "val/val_loss": 1.484349284853254, "val/vaL_acc": 0.4894162924951892, "val/val_f1": 0.4816516715813646, "gradients/graph_19fc2.bias": {"_type": "histogram", "values": [1.0, 0.0, 0.0, 0.0, 0.0, 0.0, 0.0, 0.0, 0.0, 0.0, 0.0, 0.0, 0.0, 0.0, 0.0, 0.0, 0.0, 0.0, 0.0, 0.0, 0.0, 0.0, 0.0, 0.0, 0.0, 0.0, 0.0, 0.0, 0.0, 0.0, 0.0, 0.0, 0.0, 0.0, 0.0, 0.0, 1.0, 0.0, 0.0, 0.0, 0.0, 0.0, 0.0, 0.0, 0.0, 0.0, 0.0, 0.0, 0.0, 0.0, 0.0, 0.0, 0.0, 0.0, 0.0, 0.0, 0.0, 0.0, 0.0, 0.0, 0.0, 0.0, 0.0, 1.0], "bins": [-0.0375981479883194, -0.03647327050566673, -0.03534839302301407, -0.034223511815071106, -0.03309863433241844, -0.03197375684976578, -0.030848879367113113, -0.02972400188446045, -0.028599124401807785, -0.02747424691915512, -0.026349367573857307, -0.025224490091204643, -0.02409961260855198, -0.022974733263254166, -0.0218498557806015, -0.020724978297948837, -0.019600098952651024, -0.01847522146999836, -0.017350342124700546, -0.016225464642047882, -0.015100587159395218, -0.013975708745419979, -0.01285083033144474, -0.011725952848792076, -0.010601073503494263, -0.009476195089519024, -0.00835131760686636, -0.007226439192891121, -0.006101561244577169, -0.004976683296263218, -0.003851804882287979, -0.002726927399635315, -0.0016020499169826508, -0.00047717185225337744, 0.0006477062124758959, 0.001772584393620491, 0.0028974623419344425, 0.004022340290248394, 0.005147218704223633, 0.006272096186876297, 0.007396973669528961, 0.0085218520835042, 0.009646729566156864, 0.010771607980132103, 0.011896485462784767, 0.013021363876760006, 0.014146242290735245, 0.015271119773387909, 0.016395999118685722, 0.017520876601338387, 0.0186457559466362, 0.019770633429288864, 0.02089551091194153, 0.022020388394594193, 0.023145267739892006, 0.02427014522254467, 0.025395024567842484, 0.026519902050495148, 0.02764478139579296, 0.028769658878445625, 0.02989453636109829, 0.031019415706396103, 0.03214429318904877, 0.03326917067170143, 0.034394048154354095]}, "gradients/graph_19fc2.weight": {"_type": "histogram", "values": [1.0, 0.0, 1.0, 0.0, 0.0, 0.0, 1.0, 0.0, 1.0, 0.0, 0.0, 0.0, 2.0, 1.0, 2.0, 6.0, 5.0, 7.0, 4.0, 10.0, 8.0, 9.0, 13.0, 24.0, 27.0, 38.0, 24.0, 41.0, 43.0, 44.0, 57.0, 71.0, 72.0, 83.0, 75.0, 76.0, 96.0, 93.0, 92.0, 68.0, 67.0, 57.0, 83.0, 65.0, 58.0, 62.0, 44.0, 45.0, 33.0, 36.0, 34.0, 27.0, 17.0, 19.0, 12.0, 13.0, 10.0, 7.0, 2.0, 2.0, 4.0, 3.0, 3.0, 2.0], "bins": [-0.03689996898174286, -0.03592495247721672, -0.034949932247400284, -0.033974915742874146, -0.03299989923834801, -0.03202488273382187, -0.031049862504005432, -0.030074845999479294, -0.029099827632308006, -0.02812480926513672, -0.02714979276061058, -0.026174774393439293, -0.025199756026268005, -0.024224739521741867, -0.02324972115457058, -0.022274702787399292, -0.021299686282873154, -0.020324667915701866, -0.019349651411175728, -0.01837463304400444, -0.017399616539478302, -0.016424598172307014, -0.015449579805135727, -0.014474562369287014, -0.013499544933438301, -0.012524527497589588, -0.011549510061740875, -0.010574491694569588, -0.009599474258720875, -0.008624456822872162, -0.007649438921362162, -0.006674421019852161, -0.005699401721358299, -0.004724384285509586, -0.003749366383999586, -0.0027743487153202295, -0.001799331046640873, -0.00082431361079216, 0.0001507042907178402, 0.0011257221922278404, 0.0021007396280765533, 0.00307575729675591, 0.0040507749654352665, 0.005025792866945267, 0.00600081030279398, 0.0069758277386426926, 0.00795084610581398, 0.008925863541662693, 0.009900880977511406, 0.010875898413360119, 0.011850915849208832, 0.01282593421638012, 0.013800951652228832, 0.014775969088077545, 0.015750987455248833, 0.01672600582242012, 0.01770102232694626, 0.018676040694117546, 0.019651057198643684, 0.020626075565814972, 0.02160109207034111, 0.022576110437512398, 0.023551128804683685, 0.024526145309209824, 0.02550116367638111]}, "gradients/graph_19spatial.1.weight": {"_type": "histogram", "values": [1.0, 0.0, 0.0, 0.0, 0.0, 0.0, 0.0, 0.0, 0.0, 0.0, 0.0, 0.0, 1.0, 0.0, 0.0, 0.0, 0.0, 0.0, 0.0, 2.0, 1.0, 0.0, 0.0, 0.0, 1.0, 0.0, 1.0, 0.0, 0.0, 1.0, 3.0, 3.0, 1.0, 0.0, 0.0, 0.0, 1.0, 1.0, 0.0, 0.0, 0.0, 0.0, 1.0, 0.0, 0.0, 0.0, 0.0, 0.0, 0.0, 0.0, 0.0, 0.0, 0.0, 0.0, 0.0, 0.0, 0.0, 0.0, 0.0, 0.0, 0.0, 0.0, 0.0, 2.0], "bins": [-0.11951983720064163, -0.11579952389001846, -0.1120792031288147, -0.10835888981819153, -0.10463856905698776, -0.1009182557463646, -0.09719793498516083, -0.09347762167453766, -0.08975730091333389, -0.08603698760271072, -0.08231666684150696, -0.07859635353088379, -0.07487603276968002, -0.07115571945905685, -0.06743539869785309, -0.06371508538722992, -0.05999476835131645, -0.056274451315402985, -0.05255413427948952, -0.04883381724357605, -0.04511350020766258, -0.041393183171749115, -0.037672869861125946, -0.03395254909992218, -0.03023223578929901, -0.026511918753385544, -0.022791601717472076, -0.01907128468155861, -0.015350968576967716, -0.011630652472376823, -0.007910335436463356, -0.004190018400549889, -0.00046969950199127197, 0.0032506173010915518, 0.0069709341041743755, 0.010691250674426556, 0.014411567710340023, 0.018131883814930916, 0.021852200850844383, 0.02557251788675785, 0.029292836785316467, 0.033013153821229935, 0.0367334708571434, 0.04045378789305687, 0.04417410492897034, 0.047894418239593506, 0.05161473900079727, 0.05533505231142044, 0.05905536934733391, 0.06277568638324738, 0.06649599969387054, 0.07021632045507431, 0.07393663376569748, 0.07765695452690125, 0.08137726783752441, 0.08509758859872818, 0.08881790190935135, 0.09253821521997452, 0.09625853598117828, 0.09997884929180145, 0.10369917005300522, 0.10741948336362839, 0.11113980412483215, 0.11486011743545532, 0.11858043819665909]}, "gradients/graph_19spatial.1.bias": {"_type": "histogram", "values": [1.0, 0.0, 0.0, 0.0, 0.0, 0.0, 0.0, 0.0, 0.0, 0.0, 0.0, 0.0, 0.0, 0.0, 1.0, 0.0, 1.0, 1.0, 0.0, 0.0, 0.0, 0.0, 1.0, 0.0, 0.0, 0.0, 0.0, 3.0, 2.0, 3.0, 2.0, 0.0, 1.0, 0.0, 0.0, 0.0, 0.0, 0.0, 1.0, 0.0, 0.0, 0.0, 1.0, 0.0, 0.0, 0.0, 0.0, 0.0, 0.0, 0.0, 0.0, 0.0, 0.0, 0.0, 0.0, 0.0, 0.0, 0.0, 0.0, 0.0, 0.0, 1.0, 0.0, 1.0], "bins": [-0.2674204409122467, -0.25830528140068054, -0.24919013679027557, -0.2400749921798706, -0.23095983266830444, -0.22184467315673828, -0.2127295285463333, -0.20361438393592834, -0.19449922442436218, -0.18538406491279602, -0.17626892030239105, -0.16715377569198608, -0.15803861618041992, -0.14892345666885376, -0.1398083120584488, -0.13069316744804382, -0.12157800793647766, -0.1124628558754921, -0.10334770381450653, -0.09423255175352097, -0.0851173996925354, -0.07600224763154984, -0.06688709557056427, -0.057771943509578705, -0.04865679144859314, -0.039541639387607574, -0.03042648732662201, -0.021311335265636444, -0.012196183204650879, -0.0030810311436653137, 0.0060341209173202515, 0.015149272978305817, 0.02426445484161377, 0.033379606902599335, 0.0424947589635849, 0.051609911024570465, 0.06072506308555603, 0.0698402151465416, 0.07895536720752716, 0.08807051926851273, 0.09718567132949829, 0.10630082339048386, 0.11541597545146942, 0.12453112751245499, 0.13364627957344055, 0.1427614390850067, 0.15187658369541168, 0.16099172830581665, 0.1701068878173828, 0.17922204732894897, 0.18833719193935394, 0.1974523365497589, 0.20656749606132507, 0.21568265557289124, 0.2247978001832962, 0.23391294479370117, 0.24302810430526733, 0.2521432638168335, 0.26125842332839966, 0.27037355303764343, 0.2794887125492096, 0.28860387206077576, 0.29771900177001953, 0.3068341612815857, 0.31594932079315186]}, "gradients/graph_19spatial.0.weight": {"_type": "histogram",