{"batch loss": 0.7529153227806091, "_timestamp": 1651754213, "_runtime": 417, "_step": 3919, "gradients/fc2.bias": {"_type": "histogram", "values": [1.0, 0.0, 0.0, 0.0, 0.0, 0.0, 0.0, 0.0, 0.0, 0.0, 0.0, 0.0, 0.0, 0.0, 0.0, 0.0, 0.0, 1.0, 0.0, 0.0, 0.0, 0.0, 0.0, 0.0, 0.0, 0.0, 0.0, 0.0, 0.0, 0.0, 0.0, 0.0, 0.0, 0.0, 0.0, 0.0, 0.0, 0.0, 0.0, 0.0, 0.0, 0.0, 0.0, 0.0, 0.0, 0.0, 0.0, 0.0, 0.0, 0.0, 0.0, 0.0, 0.0, 0.0, 0.0, 0.0, 0.0, 0.0, 0.0, 0.0, 0.0, 0.0, 0.0, 1.0], "bins": [-0.19292087852954865, -0.18577739596366882, -0.1786338984966278, -0.17149041593074799, -0.16434693336486816, -0.15720343589782715, -0.15005995333194733, -0.1429164707660675, -0.1357729732990265, -0.12862949073314667, -0.12148599326610565, -0.11434251070022583, -0.10719902068376541, -0.10005553066730499, -0.09291204810142517, -0.08576855808496475, -0.07862506806850433, -0.07148157805204391, -0.0643380880355835, -0.057194605469703674, -0.050051115453243256, -0.04290762543678284, -0.03576413914561272, -0.028620652854442596, -0.021477162837982178, -0.014333674684166908, -0.007190186530351639, -4.6698376536369324e-05, 0.0070967897772789, 0.014240279793739319, 0.02138376608490944, 0.02852725237607956, 0.035670727491378784, 0.0428142175078392, 0.04995770379900932, 0.05710119009017944, 0.06424468010663986, 0.07138817012310028, 0.0785316526889801, 0.08567514270544052, 0.09281863272190094, 0.09996212273836136, 0.10710561275482178, 0.1142490953207016, 0.12139258533716202, 0.12853607535362244, 0.13567955791950226, 0.14282304048538208, 0.1499665379524231, 0.15711002051830292, 0.16425351798534393, 0.17139700055122375, 0.17854049801826477, 0.1856839805841446, 0.19282746315002441, 0.19997096061706543, 0.20711444318294525, 0.21425792574882507, 0.2214014232158661, 0.2285449057817459, 0.23568838834762573, 0.24283188581466675, 0.24997536838054657, 0.2571188509464264, 0.2642623484134674]}, "gradients/fc2.weight": {"_type": "histogram", "values": [1.0, 0.0, 0.0, 0.0, 1.0, 2.0, 1.0, 2.0, 4.0, 3.0, 3.0, 1.0, 4.0, 5.0, 3.0, 6.0, 8.0, 12.0, 14.0, 12.0, 15.0, 20.0, 20.0, 22.0, 20.0, 29.0, 25.0, 37.0, 38.0, 39.0, 32.0, 40.0, 38.0, 33.0, 39.0, 32.0, 29.0, 33.0, 27.0, 34.0, 23.0, 26.0, 17.0, 16.0, 17.0, 14.0, 17.0, 9.0, 10.0, 10.0, 8.0, 7.0, 9.0, 5.0, 2.0, 5.0, 2.0, 3.0, 5.0, 3.0, 1.0, 3.0, 2.0, 2.0], "bins": [-0.13994985818862915, -0.13574835658073425, -0.13154685497283936, -0.12734535336494446, -0.12314385920763016, -0.11894236505031586, -0.11474086344242096, -0.11053936183452606, -0.10633786022663116, -0.10213635861873627, -0.09793486446142197, -0.09373336285352707, -0.08953186124563217, -0.08533036708831787, -0.08112886548042297, -0.07692736387252808, -0.07272586971521378, -0.06852436810731888, -0.06432287395000458, -0.06012137234210968, -0.05591987073421478, -0.051718372851610184, -0.047516874969005585, -0.04331537336111069, -0.03911387920379639, -0.03491238132119179, -0.03071087971329689, -0.02650938183069229, -0.022307882085442543, -0.018106382340192795, -0.013904884457588196, -0.009703384712338448, -0.005501881241798401, -0.00130038196220994, 0.002901117317378521, 0.007102616131305695, 0.011304115876555443, 0.015505615621805191, 0.01970711350440979, 0.02390861324965954, 0.028110116720199585, 0.032311614602804184, 0.03651311621069908, 0.04071461409330368, 0.04491611570119858, 0.04911761358380318, 0.053319111466407776, 0.05752061307430267, 0.061722107231616974, 0.06592360883951187, 0.07012510299682617, 0.07432660460472107, 0.07852810621261597, 0.08272960782051086, 0.08693110197782516, 0.09113260358572006, 0.09533409774303436, 0.09953559935092926, 0.10373709350824356, 0.10793859511613846, 0.11214009672403336, 0.11634159088134766, 0.12054309248924255, 0.12474459409713745, 0.12894609570503235]}, "gradients/spatial.1.weight": {"_type": "histogram", "values": [1.0, 0.0, 0.0, 0.0, 0.0, 0.0, 0.0, 0.0, 0.0, 0.0, 0.0, 0.0, 0.0, 0.0, 1.0, 0.0, 1.0, 0.0, 0.0, 0.0, 1.0, 0.0, 0.0, 0.0, 0.0, 0.0, 0.0, 1.0, 0.0, 0.0, 0.0, 0.0, 0.0, 0.0, 1.0, 0.0, 0.0, 0.0, 0.0, 0.0, 0.0, 0.0, 2.0, 0.0, 0.0, 0.0, 0.0, 0.0, 0.0, 0.0, 0.0, 1.0, 0.0, 0.0, 0.0, 0.0, 0.0, 0.0, 0.0, 0.0, 0.0, 0.0, 0.0, 1.0], "bins": [-0.4422469139099121, -0.4292335510253906, -0.41622018814086914, -0.40320682525634766, -0.39019346237182617, -0.3771800994873047, -0.3641667366027832, -0.3511533737182617, -0.33814001083374023, -0.32512664794921875, -0.31211328506469727, -0.2990999221801758, -0.2860865592956543, -0.2730731964111328, -0.26005983352661133, -0.24704647064208984, -0.23403312265872955, -0.22101975977420807, -0.20800639688968658, -0.1949930340051651, -0.18197967112064362, -0.16896632313728333, -0.15595296025276184, -0.14293959736824036, -0.12992623448371887, -0.11691287159919739, -0.1038995087146759, -0.09088614583015442, -0.07787278294563293, -0.06485942751169205, -0.05184606462717056, -0.03883270174264908, -0.025819331407546997, -0.012805969454348087, 0.00020739249885082245, 0.013220753520727158, 0.026234116405248642, 0.03924747556447983, 0.05226083844900131, 0.0652742013335228, 0.07828757166862488, 0.09130093455314636, 0.10431429743766785, 0.11732766032218933, 0.13034102320671082, 0.1433543860912323, 0.15636774897575378, 0.16938111186027527, 0.18239445984363556, 0.19540782272815704, 0.20842118561267853, 0.2214345484972, 0.2344479113817215, 0.2474612593650818, 0.26047462224960327, 0.27348798513412476, 0.28650134801864624, 0.2995147109031677, 0.3125280737876892, 0.3255414366722107, 0.3385547995567322, 0.35156816244125366, 0.36458152532577515, 0.37759488821029663, 0.3906082510948181]}, "gradients/spatial.1.bias": {"_type": "histogram", "values": [1.0, 0.0, 0.0, 0.0, 0.0, 0.0, 0.0, 0.0, 0.0, 0.0, 0.0, 0.0, 0.0, 0.0, 0.0, 0.0, 1.0, 0.0, 0.0, 0.0, 0.0, 0.0, 0.0, 1.0, 1.0, 0.0, 0.0, 0.0, 0.0, 0.0, 0.0, 0.0, 0.0, 0.0, 0.0, 0.0, 1.0, 0.0, 0.0, 1.0, 0.0, 0.0, 0.0, 0.0, 0.0, 1.0, 0.0, 1.0, 0.0, 0.0, 0.0, 0.0, 0.0, 1.0, 0.0, 0.0, 0.0, 0.0, 0.0, 0.0, 0.0, 0.0, 0.0, 1.0], "bins": [-1.3637782335281372, -1.3268373012542725, -1.2898962497711182, -1.2529551982879639, -1.2160142660140991, -1.1790733337402344, -1.14213228225708, -1.1051912307739258, -1.068250298500061, -1.0313093662261963, -0.994368314743042, -0.9574273228645325, -0.920486330986023, -0.8835453391075134, -0.8466043472290039, -0.8096633553504944, -0.7727223634719849, -0.7357813715934753, -0.6988403797149658, -0.6618993878364563, -0.6249583959579468, -0.5880174040794373, -0.5510764122009277, -0.5141354203224182, -0.4771944284439087, -0.44025343656539917, -0.40331244468688965, -0.3663714528083801, -0.3294304609298706, -0.2924894690513611, -0.25554847717285156, -0.21860748529434204, -0.18166637420654297, -0.14472538232803345, -0.10778439044952393, -0.0708433985710144, -0.03390240669250488, 0.0030385851860046387, 0.03997957706451416, 0.07692056894302368, 0.1138615608215332, 0.15080255270004272, 0.18774354457855225, 0.22468453645706177, 0.2616255283355713, 0.2985665202140808, 0.33550751209259033, 0.37244850397109985, 0.4093894958496094, 0.4463304877281189, 0.4832714796066284, 0.5202124714851379, 0.5571534633636475, 0.594094455242157, 0.6310354471206665, 0.667976438999176, 0.7049174308776855, 0.7418584227561951, 0.7787994146347046, 0.8157404065132141, 0.8526813983917236, 0.8896223902702332, 0.9265633821487427, 0.9635043740272522, 1.0004453659057617]}, "gradients/spatial.0.weight": {"_type": "histogram", "values": [1.0, 1.0, 0.0, 0.0, 0.0, 0.0, 0.0, 1.0, 0.0, 0.0, 2.0, 2.0, 0.0, 2.0, 0.0, 0.0, 1.0, 0.0, 4.0, 4.0, 0.0, 0.0, 3.0, 3.0, 1.0, 2.0, 4.0, 6.0, 5.0, 7.0, 13.0, 12.0, 18.0, 6.0, 23.0, 22.0, 39.0, 35.0, 37.0, 48.0, 49.0, 52.0, 54.0, 46.0, 48.0, 39.0, 43.0, 33.0, 18.0, 15.0, 19.0, 15.0, 15.0, 5.0, 12.0, 10.0, 3.0, 7.0, 3.0, 4.0, 3.0, 1.0, 1.0, 3.0],