{"batch loss": 0.7190386056900024, "_timestamp": 1651868182, "_runtime": 423, "_step": 689, "epoch": 29, "train/train_loss": 0.7396276024254885, "train/train_acc": 0.6682577565632458, "train/train_f1": 0.6667544717994058, "val/val_loss": 1.184546777180263, "val/vaL_acc": 0.4765875561257216, "val/val_f1": 0.46106507018626103, "gradients/graph_35fc2.bias": {"_type": "histogram", "values": [1.0, 0.0, 0.0, 0.0, 0.0, 0.0, 0.0, 0.0, 0.0, 0.0, 0.0, 0.0, 0.0, 0.0, 0.0, 0.0, 0.0, 0.0, 0.0, 0.0, 0.0, 0.0, 0.0, 0.0, 0.0, 0.0, 0.0, 0.0, 0.0, 0.0, 0.0, 0.0, 0.0, 0.0, 0.0, 0.0, 0.0, 0.0, 0.0, 0.0, 0.0, 1.0, 0.0, 0.0, 0.0, 0.0, 0.0, 0.0, 0.0, 0.0, 0.0, 0.0, 0.0, 0.0, 0.0, 0.0, 0.0, 0.0, 0.0, 0.0, 0.0, 0.0, 0.0, 1.0], "bins": [-0.08731827139854431, -0.08483190089464188, -0.08234553039073944, -0.079859159886837, -0.07737278938293457, -0.07488641887903214, -0.0724000483751297, -0.06991367787122726, -0.06742730736732483, -0.0649409368634224, -0.06245456635951996, -0.05996819585561752, -0.05748182535171509, -0.05499545484781265, -0.05250908434391022, -0.05002271384000778, -0.04753633961081505, -0.04504996910691261, -0.04256359860301018, -0.04007722809910774, -0.03759085759520531, -0.03510448709130287, -0.03261811286211014, -0.030131744220852852, -0.027645371854305267, -0.025159001350402832, -0.022672630846500397, -0.02018626034259796, -0.017699889838695526, -0.015213518403470516, -0.012727146968245506, -0.010240776464343071, -0.007754407823085785, -0.00526803731918335, -0.002781666349619627, -0.0002952953800559044, 0.002191075123846531, 0.004677445627748966, 0.007163817062973976, 0.009650187566876411, 0.012136556208133698, 0.014622926712036133, 0.017109297215938568, 0.019595667719841003, 0.02208203822374344, 0.024568408727645874, 0.02705478109419346, 0.029541151598095894, 0.03202752396464348, 0.034513894468545914, 0.03700026497244835, 0.039486635476350784, 0.04197300598025322, 0.044459376484155655, 0.04694575071334839, 0.049432121217250824, 0.05191849172115326, 0.054404862225055695, 0.05689123272895813, 0.059377603232860565, 0.061863973736763, 0.06435034424066544, 0.06683671474456787, 0.0693230852484703, 0.07180945575237274]}, "gradients/graph_35fc2.weight": {"_type": "histogram", "values": [1.0, 0.0, 0.0, 0.0, 1.0, 0.0, 1.0, 3.0, 9.0, 6.0, 11.0, 9.0, 16.0, 20.0, 28.0, 29.0, 28.0, 20.0, 33.0, 26.0, 24.0, 9.0, 13.0, 6.0, 4.0, 4.0, 0.0, 2.0, 10.0, 8.0, 7.0, 18.0, 15.0, 20.0, 22.0, 25.0, 25.0, 31.0, 30.0, 22.0, 27.0, 27.0, 26.0, 21.0, 21.0, 47.0, 35.0, 31.0, 30.0, 17.0, 27.0, 14.0, 9.0, 6.0, 8.0, 7.0, 3.0, 3.0, 2.0, 2.0, 0.0, 0.0, 0.0, 1.0], "bins": [-0.05472375079989433, -0.05309529975056648, -0.05146685242652893, -0.04983840137720108, -0.04820995032787323, -0.04658150300383568, -0.04495305195450783, -0.043324604630470276, -0.041696153581142426, -0.040067702531814575, -0.03843925520777702, -0.03681080415844917, -0.03518235683441162, -0.03355390578508377, -0.03192545473575592, -0.03029700554907322, -0.028668556362390518, -0.027040107175707817, -0.025411657989025116, -0.023783206939697266, -0.022154757753014565, -0.020526308566331863, -0.018897857517004013, -0.017269408330321312, -0.01564095914363861, -0.01401250995695591, -0.012384059838950634, -0.010755609720945358, -0.009127160534262657, -0.007498711347579956, -0.00587026122957468, -0.004241811111569405, -0.002613358199596405, -0.0009849085472524166, 0.0006435411050915718, 0.0022719907574355602, 0.0039004404097795486, 0.00552888959646225, 0.0071573397144675255, 0.008785789832472801, 0.010414239019155502, 0.012042688205838203, 0.01367113832384348, 0.015299588441848755, 0.016928037628531456, 0.018556486815214157, 0.020184937864542007, 0.02181338705122471, 0.02344183623790741, 0.02507028542459011, 0.026698734611272812, 0.028327185660600662, 0.029955634847283363, 0.031584084033966064, 0.033212535083293915, 0.034840986132621765, 0.03646943345665932, 0.03809788450598717, 0.03972633183002472, 0.04135478287935257, 0.04298323392868042, 0.04461168125271797, 0.04624013230204582, 0.047868579626083374, 0.049497030675411224]}, "gradients/graph_35spatial.1.weight": {"_type": "histogram", "values": [1.0, 0.0, 0.0, 0.0, 0.0, 0.0, 0.0, 0.0, 1.0, 0.0, 0.0, 0.0, 0.0, 0.0, 2.0, 0.0, 0.0, 0.0, 0.0, 0.0, 0.0, 0.0, 0.0, 0.0, 0.0, 1.0, 0.0, 0.0, 0.0, 0.0, 0.0, 0.0, 0.0, 0.0, 0.0, 0.0, 0.0, 0.0, 0.0, 0.0, 1.0, 0.0, 0.0, 0.0, 0.0, 1.0, 0.0, 0.0, 0.0, 0.0, 0.0, 0.0, 0.0, 0.0, 0.0, 1.0, 0.0, 0.0, 0.0, 0.0, 0.0, 0.0, 0.0, 2.0], "bins": [-0.22851352393627167, -0.22169911861419678, -0.21488472819328308, -0.2080703228712082, -0.2012559175491333, -0.1944415271282196, -0.18762712180614471, -0.18081271648406982, -0.17399832606315613, -0.16718392074108124, -0.16036953032016754, -0.15355512499809265, -0.14674073457717896, -0.13992632925510406, -0.13311192393302917, -0.12629753351211548, -0.11948312819004059, -0.1126687303185463, -0.105854332447052, -0.09903992712497711, -0.09222552925348282, -0.08541113138198853, -0.07859672605991364, -0.07178232818841934, -0.06496793031692505, -0.058153532445430756, -0.051339130848646164, -0.04452472925186157, -0.03771033138036728, -0.030895933508872986, -0.024081531912088394, -0.017267130315303802, -0.010452747344970703, -0.0036383476108312607, 0.0031760521233081818, 0.009990451857447624, 0.016804851591587067, 0.02361924946308136, 0.03043365105986595, 0.03724805265665054, 0.044062450528144836, 0.05087684839963913, 0.05769124999642372, 0.06450565159320831, 0.0713200494647026, 0.0781344473361969, 0.08494885265827179, 0.09176325052976608, 0.09857764840126038, 0.10539204627275467, 0.11220644414424896, 0.11902084946632385, 0.12583523988723755, 0.13264964520931244, 0.13946405053138733, 0.14627844095230103, 0.15309284627437592, 0.1599072515964508, 0.1667216420173645, 0.1735360473394394, 0.18035045266151428, 0.18716484308242798, 0.19397924840450287, 0.20079365372657776, 0.20760804414749146]}, "gradients/graph_35spatial.1.bias": {"_type": "histogram", "values": [1.0, 0.0, 0.0, 0.0, 0.0, 0.0, 0.0, 0.0, 0.0, 0.0, 0.0, 0.0, 0.0, 1.0, 1.0, 0.0, 0.0, 0.0, 0.0, 0.0, 0.0, 1.0, 0.0, 0.0, 0.0, 1.0, 0.0, 0.0, 0.0, 0.0, 0.0, 0.0, 0.0, 0.0, 0.0, 0.0, 0.0, 0.0, 0.0, 1.0, 0.0, 0.0, 0.0, 1.0, 0.0, 0.0, 0.0, 0.0, 0.0, 0.0, 0.0, 0.0, 0.0, 1.0, 0.0, 0.0, 0.0, 0.0, 0.0, 0.0, 0.0, 0.0, 0.0, 2.0], "bins": [-0.3507014513015747, -0.34034281969070435, -0.3299841582775116, -0.31962552666664124, -0.3092668950557709, -0.2989082336425781, -0.28854960203170776, -0.2781909704208374, -0.26783233880996704, -0.2574737071990967, -0.24711506068706512, -0.23675641417503357, -0.2263977825641632, -0.21603913605213165, -0.2056804895401001, -0.19532185792922974, -0.184963196516037, -0.17460455000400543, -0.16424591839313507, -0.15388727188110352, -0.14352864027023315, -0.1331699937582016, -0.12281134724617004, -0.11245270818471909, -0.10209406912326813, -0.09173543006181717, -0.08137679100036621, -0.07101814448833466, -0.0606595054268837, -0.05030086636543274, -0.03994222357869148, -0.029583580791950226, -0.019224941730499268, -0.00886630080640316, 0.0014923401176929474, 0.011850981041789055, 0.022209621965885162, 0.03256826102733612, 0.04292690381407738, 0.053285546600818634, 0.06364418566226959, 0.07400282472372055, 0.08436146378517151, 0.09472011029720306, 0.10507874935865402, 0.11543738842010498, 0.12579603493213654, 0.1361546814441681, 0.14651331305503845, 0.15687195956707, 0.16723059117794037, 0.17758923768997192, 0.18794786930084229, 0.19830651581287384, 0.2086651623249054, 0.21902379393577576, 0.2293824404478073, 0.23974108695983887, 0.25009971857070923, 0.2604583501815796, 0.27081701159477234, 0.2811756432056427, 0.29153427481651306, 0.3018929362297058, 0.31225156784057617]}, "gradients/graph_35spatial.0.weight": {"_type": "histogram",