{"batch loss": 0.837265133857727, "_timestamp": 1651818048, "_runtime": 383, "_step": 649, "epoch": 24, "train/train_loss": 0.7851632356643676, "train/train_acc": 0.6583121827411168, "train/train_f1": 0.6569962940192735, "val/val_loss": 0.8433904051780701, "val/vaL_acc": 0.6111111111111112, "val/val_f1": 0.6092530561865229, "gradients/graph_60fc2.bias": {"_type": "histogram", "values": [1.0, 0.0, 0.0, 0.0, 0.0, 0.0, 0.0, 0.0, 0.0, 0.0, 0.0, 0.0, 0.0, 0.0, 0.0, 0.0, 0.0, 0.0, 0.0, 0.0, 0.0, 1.0, 0.0, 0.0, 0.0, 0.0, 0.0, 0.0, 0.0, 0.0, 0.0, 0.0, 0.0, 0.0, 0.0, 0.0, 0.0, 0.0, 0.0, 0.0, 0.0, 0.0, 0.0, 0.0, 0.0, 0.0, 0.0, 0.0, 0.0, 0.0, 0.0, 0.0, 0.0, 0.0, 0.0, 0.0, 0.0, 0.0, 0.0, 0.0, 0.0, 0.0, 0.0, 1.0], "bins": [-0.06533437222242355, -0.06305427849292755, -0.06077417731285095, -0.05849408358335495, -0.05621398612856865, -0.05393388867378235, -0.051653794944286346, -0.049373697489500046, -0.047093600034713745, -0.044813502579927444, -0.042533405125141144, -0.04025331139564514, -0.03797321394085884, -0.03569311648607254, -0.03341302275657654, -0.031132925301790237, -0.028852827847003937, -0.026572730392217636, -0.024292634800076485, -0.022012539207935333, -0.019732441753149033, -0.017452344298362732, -0.01517224870622158, -0.012892153114080429, -0.010612055659294128, -0.008331959135830402, -0.006051862612366676, -0.0037717660889029503, -0.0014916695654392242, 0.0007884269580245018, 0.003068523481488228, 0.005348619073629379, 0.007628723978996277, 0.009908820502460003, 0.012188917025923729, 0.014469013549387455, 0.01674911007285118, 0.01902920752763748, 0.021309303119778633, 0.023589398711919785, 0.025869496166706085, 0.028149593621492386, 0.030429689213633537, 0.03270978480577469, 0.03498988226056099, 0.03726997971534729, 0.03955007344484329, 0.04183017089962959, 0.044110268354415894, 0.046390365809202194, 0.048670463263988495, 0.0509505569934845, 0.0532306544482708, 0.0555107519030571, 0.0577908456325531, 0.0600709430873394, 0.0623510405421257, 0.0646311342716217, 0.0669112354516983, 0.0691913291811943, 0.07147142291069031, 0.0737515240907669, 0.07603161782026291, 0.07831171154975891, 0.08059181272983551]}, "gradients/graph_60fc2.weight": {"_type": "histogram", "values": [1.0, 0.0, 1.0, 1.0, 1.0, 1.0, 3.0, 0.0, 2.0, 1.0, 3.0, 4.0, 9.0, 4.0, 3.0, 10.0, 15.0, 10.0, 11.0, 19.0, 9.0, 16.0, 16.0, 8.0, 15.0, 11.0, 11.0, 13.0, 13.0, 17.0, 20.0, 14.0, 13.0, 11.0, 15.0, 17.0, 10.0, 2.0, 2.0, 0.0, 1.0, 3.0, 3.0, 1.0, 4.0, 2.0, 10.0, 9.0, 14.0, 16.0, 14.0, 14.0, 14.0, 13.0, 15.0, 17.0, 8.0, 5.0, 8.0, 2.0, 2.0, 1.0, 0.0, 2.0], "bins": [-0.06643932312726974, -0.06449819356203079, -0.06255706399679184, -0.06061593070626259, -0.05867479741573334, -0.056733667850494385, -0.05479253828525543, -0.05285140499472618, -0.05091027170419693, -0.04896914213895798, -0.047028008848428726, -0.045086879283189774, -0.04314574599266052, -0.04120461642742157, -0.03926348686218262, -0.037322353571653366, -0.03538122400641441, -0.03344009444117546, -0.03149896115064621, -0.029557831585407257, -0.027616698294878006, -0.025675568729639053, -0.02373443730175495, -0.02179330587387085, -0.019852176308631897, -0.017911044880747795, -0.015969913452863693, -0.014028782956302166, -0.012087651528418064, -0.010146520100533962, -0.008205389603972435, -0.006264258176088333, -0.004323121160268784, -0.0023819899652153254, -0.00044085877016186714, 0.0015002721920609474, 0.0034414036199450493, 0.005382535047829151, 0.007323665544390678, 0.00926479697227478, 0.011205930262804031, 0.013147061690688133, 0.015088193118572235, 0.017029322683811188, 0.01897045597434044, 0.02091158553957939, 0.022852716967463493, 0.024793848395347595, 0.026734977960586548, 0.02867610938847065, 0.03061724081635475, 0.032558370381593704, 0.034499503672122955, 0.03644063323736191, 0.03838176280260086, 0.04032289609313011, 0.04226402938365936, 0.044205158948898315, 0.046146292239427567, 0.04808742180466652, 0.05002855509519577, 0.05196968466043472, 0.053910814225673676, 0.05585194751620293, 0.05779307708144188]}, "gradients/graph_60spatial.1.weight": {"_type": "histogram", "values": [1.0, 0.0, 0.0, 0.0, 0.0, 0.0, 0.0, 1.0, 0.0, 0.0, 0.0, 0.0, 0.0, 0.0, 0.0, 0.0, 0.0, 0.0, 0.0, 1.0, 0.0, 0.0, 0.0, 0.0, 0.0, 0.0, 0.0, 0.0, 0.0, 1.0, 0.0, 0.0, 0.0, 1.0, 0.0, 0.0, 1.0, 1.0, 0.0, 0.0, 0.0, 0.0, 0.0, 0.0, 0.0, 0.0, 0.0, 0.0, 0.0, 0.0, 0.0, 0.0, 0.0, 0.0, 0.0, 1.0, 0.0, 0.0, 1.0, 0.0, 0.0, 0.0, 0.0, 1.0], "bins": [-0.10862059891223907, -0.10550937056541443, -0.10239813476800919, -0.09928690642118454, -0.0961756706237793, -0.09306444227695465, -0.08995321393013, -0.08684198558330536, -0.08373074978590012, -0.08061952143907547, -0.07750828564167023, -0.07439705729484558, -0.07128582894802094, -0.06817459315061569, -0.06506336480379105, -0.0619521327316761, -0.05884090065956116, -0.05572966858744621, -0.05261843651533127, -0.04950720816850662, -0.04639597609639168, -0.04328474402427673, -0.04017351567745209, -0.03706228360533714, -0.0339510515332222, -0.030839819461107254, -0.02772858925163746, -0.024617359042167664, -0.02150612697005272, -0.018394894897937775, -0.01528366468846798, -0.012172434478998184, -0.009061209857463837, -0.005949978716671467, -0.002838747575879097, 0.00027248356491327286, 0.0033837147057056427, 0.0064949458464980125, 0.009606176987290382, 0.012717407196760178, 0.015828639268875122, 0.018939871340990067, 0.022051101550459862, 0.025162331759929657, 0.0282735638320446, 0.031384795904159546, 0.03449602425098419, 0.037607256323099136, 0.04071848839521408, 0.043829720467329025, 0.04694095253944397, 0.050052180886268616, 0.05316341295838356, 0.056274645030498505, 0.05938587337732315, 0.062497105449438095, 0.06560833752155304, 0.06871956586837769, 0.07183080166578293, 0.07494203001260757, 0.07805326581001282, 0.08116449415683746, 0.08427572250366211, 0.08738695085048676, 0.090498186647892]}, "gradients/graph_60spatial.1.bias": {"_type": "histogram", "values": [1.0, 0.0, 0.0, 0.0, 0.0, 0.0, 0.0, 1.0, 0.0, 0.0, 0.0, 0.0, 0.0, 0.0, 0.0, 1.0, 0.0, 0.0, 0.0, 0.0, 0.0, 0.0, 0.0, 0.0, 0.0, 0.0, 0.0, 0.0, 0.0, 0.0, 1.0, 0.0, 0.0, 1.0, 0.0, 1.0, 0.0, 0.0, 0.0, 0.0, 0.0, 0.0, 0.0, 0.0, 1.0, 0.0, 0.0, 0.0, 0.0, 0.0, 0.0, 0.0, 0.0, 1.0, 0.0, 0.0, 0.0, 0.0, 0.0, 0.0, 0.0, 0.0, 0.0, 2.0], "bins": [-0.15437693893909454, -0.1497679054737091, -0.14515887200832367, -0.14054982364177704, -0.1359407901763916, -0.13133175671100616, -0.12672272324562073, -0.1221136823296547, -0.11750464141368866, -0.11289560794830322, -0.10828656703233719, -0.10367753356695175, -0.09906849265098572, -0.09445945918560028, -0.08985042572021484, -0.08524138480424881, -0.08063235133886337, -0.07602331787347794, -0.0714142769575119, -0.06680524349212646, -0.06219620257616043, -0.057587169110774994, -0.05297813192009926, -0.04836909472942352, -0.043760061264038086, -0.03915102407336235, -0.034541986882686615, -0.02993295155465603, -0.025323914363980293, -0.020714877173304558, -0.01610584184527397, -0.011496804654598236, -0.006887763738632202, -0.002278727013617754, 0.002330309711396694, 0.006939345970749855, 0.01154838316142559, 0.016157420352101326, 0.020766455680131912, 0.025375492870807648, 0.02998453378677368, 0.03459357097744942, 0.03920260816812515, 0.04381164163351059, 0.048420682549476624, 0.05302971601486206, 0.057638753205537796, 0.06224779039621353, 0.06685682386159897, 0.0714658573269844, 0.07607489824295044, 0.08068393170833588, 0.08529297262430191, 0.08990200608968735, 0.09451104700565338, 0.09912008047103882, 0.10372911393642426, 0.10833814740180969, 0.11294718831777573, 0.11755622178316116, 0.1221652626991272, 0.12677429616451263, 0.13138332962989807, 0.1359923779964447, 0.14060141146183014]}, "gradients/graph_60spatial.0.weight": {"_type": "histogram",