{"batch loss": 0.21520905196666718, "_timestamp": 1651782451, "_runtime": 1005, "_step": 649, "epoch": 24, "train/train_loss": 0.2680935835838318, "train/train_acc": 0.9054568527918782, "train/train_f1": 0.9052757231754223, "val/val_loss": 1.345470706621806, "val/vaL_acc": 0.5925925925925926, "val/val_f1": 0.5904493663574302, "gradients/graph_22fc2.bias": {"_type": "histogram", "values": [1.0, 0.0, 0.0, 0.0, 0.0, 1.0, 0.0, 0.0, 0.0, 0.0, 0.0, 0.0, 0.0, 0.0, 0.0, 0.0, 0.0, 0.0, 0.0, 0.0, 0.0, 0.0, 0.0, 0.0, 0.0, 0.0, 0.0, 0.0, 0.0, 0.0, 0.0, 0.0, 0.0, 0.0, 0.0, 0.0, 0.0, 0.0, 0.0, 0.0, 0.0, 0.0, 0.0, 0.0, 0.0, 0.0, 0.0, 0.0, 0.0, 0.0, 0.0, 0.0, 0.0, 0.0, 0.0, 0.0, 0.0, 0.0, 0.0, 0.0, 0.0, 0.0, 0.0, 1.0], "bins": [-0.031827785074710846, -0.030460642650723457, -0.02909349836409092, -0.02772635594010353, -0.026359211653470993, -0.024992069229483604, -0.023624926805496216, -0.022257782518863678, -0.02089064009487629, -0.0195234976708889, -0.018156353384256363, -0.016789210960268974, -0.015422067604959011, -0.014054924249649048, -0.01268778182566166, -0.011320638470351696, -0.009953495115041733, -0.00858635175973177, -0.007219208870083094, -0.005852065980434418, -0.0044849226251244545, -0.0031177792698144913, -0.0017506368458271027, -0.00038349349051713943, 0.0009836480021476746, 0.002350791124626994, 0.0037179342471063137, 0.00508507713675499, 0.006452220492064953, 0.007819363847374916, 0.009186506271362305, 0.010553649626672268, 0.01192079484462738, 0.013287938199937344, 0.014655081555247307, 0.016022223979234695, 0.017389368265867233, 0.018756510689854622, 0.02012365311384201, 0.02149079740047455, 0.022857941687107086, 0.024225084111094475, 0.025592228397727013, 0.0269593708217144, 0.02832651510834694, 0.029693657532334328, 0.031060799956321716, 0.032427944242954254, 0.033795084804296494, 0.03516222909092903, 0.03652936965227127, 0.03789651393890381, 0.039263658225536346, 0.040630802512168884, 0.041997943073511124, 0.04336508736014366, 0.0447322279214859, 0.04609937220811844, 0.04746651276946068, 0.048833657056093216, 0.050200801342725754, 0.05156794190406799, 0.05293508619070053, 0.05430223047733307, 0.05566937476396561]}, "gradients/graph_22fc2.weight": {"_type": "histogram", "values": [2.0, 0.0, 0.0, 0.0, 0.0, 0.0, 3.0, 1.0, 1.0, 8.0, 1.0, 6.0, 19.0, 19.0, 24.0, 40.0, 60.0, 64.0, 82.0, 111.0, 130.0, 154.0, 162.0, 162.0, 165.0, 153.0, 117.0, 107.0, 77.0, 44.0, 44.0, 31.0, 15.0, 25.0, 21.0, 38.0, 46.0, 58.0, 83.0, 91.0, 92.0, 83.0, 70.0, 57.0, 66.0, 42.0, 30.0, 30.0, 20.0, 23.0, 6.0, 4.0, 2.0, 5.0, 2.0, 1.0, 0.0, 1.0, 1.0, 0.0, 0.0, 0.0, 0.0, 1.0], "bins": [-0.036022525280714035, -0.03478112071752548, -0.03353971242904663, -0.03229830786585808, -0.031056901440024376, -0.029815495014190674, -0.02857409045100212, -0.02733268402516842, -0.026091277599334717, -0.024849871173501015, -0.023608464747667313, -0.02236706018447876, -0.021125653758645058, -0.019884247332811356, -0.018642842769622803, -0.0174014363437891, -0.0161600299179554, -0.014918623492121696, -0.013677217997610569, -0.012435812503099442, -0.01119440607726574, -0.009952999651432037, -0.00871159415692091, -0.007470188662409782, -0.00622878223657608, -0.0049873762764036655, -0.0037459703162312508, -0.002504564356058836, -0.0012631583958864212, -2.1752435714006424e-05, 0.0012196535244584084, 0.002461059018969536, 0.003702465444803238, 0.004943871404975653, 0.0061852773651480675, 0.007426683325320482, 0.008668089285492897, 0.009909495711326599, 0.011150901205837727, 0.012392306700348854, 0.013633713126182556, 0.014875119552016258, 0.01611652597784996, 0.017357930541038513, 0.018599336966872215, 0.019840743392705917, 0.02108214795589447, 0.022323554381728172, 0.023564960807561874, 0.024806367233395576, 0.02604777365922928, 0.02728917822241783, 0.028530584648251534, 0.029771991074085236, 0.03101339563727379, 0.03225480020046234, 0.03349620848894119, 0.034737613052129745, 0.0359790213406086, 0.03722042590379715, 0.038461834192276, 0.039703238755464554, 0.04094464331865311, 0.04218605160713196, 0.04342745617032051]}, "gradients/graph_22spatial.1.weight": {"_type": "histogram", "values": [1.0, 0.0, 0.0, 0.0, 0.0, 0.0, 0.0, 0.0, 0.0, 0.0, 0.0, 0.0, 1.0, 0.0, 0.0, 1.0, 1.0, 0.0, 0.0, 0.0, 1.0, 0.0, 0.0, 0.0, 0.0, 0.0, 2.0, 0.0, 0.0, 0.0, 1.0, 3.0, 1.0, 0.0, 1.0, 0.0, 1.0, 1.0, 3.0, 1.0, 1.0, 0.0, 2.0, 1.0, 1.0, 1.0, 0.0, 1.0, 0.0, 0.0, 0.0, 0.0, 2.0, 1.0, 0.0, 0.0, 0.0, 0.0, 0.0, 0.0, 0.0, 0.0, 0.0, 1.0], "bins": [-0.21432779729366302, -0.20849071443080902, -0.20265363156795502, -0.1968165636062622, -0.1909794807434082, -0.1851423978805542, -0.1793053150177002, -0.1734682321548462, -0.1676311492919922, -0.16179406642913818, -0.15595698356628418, -0.15011990070343018, -0.14428283274173737, -0.13844574987888336, -0.13260866701602936, -0.12677158415317535, -0.12093450874090195, -0.11509742587804794, -0.10926035046577454, -0.10342326760292053, -0.09758618474006653, -0.09174910187721252, -0.08591202646493912, -0.08007494360208511, -0.0742378681898117, -0.0684007853269577, -0.0625637099146843, -0.05672662705183029, -0.05088954418897629, -0.04505246505141258, -0.03921538591384888, -0.03337830305099487, -0.02754122018814087, -0.021704139187932014, -0.01586705818772316, -0.010029979050159454, -0.0041928980499506, 0.001644182950258255, 0.0074812620878219604, 0.013318344950675964, 0.019155427813529968, 0.024992508813738823, 0.030829589813947678, 0.03666666895151138, 0.04250375181436539, 0.04834083095192909, 0.0541779100894928, 0.0600149929523468, 0.06585206836462021, 0.07168915122747421, 0.07752622663974762, 0.08336330950260162, 0.08920039236545563, 0.09503747522830963, 0.10087455064058304, 0.10671163350343704, 0.11254870891571045, 0.11838579177856445, 0.12422286719083786, 0.13005995750427246, 0.13589702546596527, 0.14173410832881927, 0.14757119119167328, 0.15340827405452728, 0.1592453569173813]}, "gradients/graph_22spatial.1.bias": {"_type": "histogram", "values": [1.0, 0.0, 0.0, 0.0, 0.0, 0.0, 0.0, 0.0, 0.0, 0.0, 0.0, 0.0, 0.0, 0.0, 1.0, 0.0, 0.0, 1.0, 0.0, 0.0, 0.0, 0.0, 0.0, 0.0, 1.0, 1.0, 0.0, 0.0, 0.0, 0.0, 2.0, 0.0, 0.0, 1.0, 0.0, 1.0, 1.0, 1.0, 1.0, 1.0, 1.0, 1.0, 2.0, 1.0, 1.0, 1.0, 1.0, 0.0, 1.0, 0.0, 0.0, 0.0, 1.0, 2.0, 1.0, 0.0, 0.0, 0.0, 1.0, 0.0, 0.0, 0.0, 0.0, 3.0], "bins": [-0.24391114711761475, -0.23796065151691437, -0.232010155916214, -0.2260596752166748, -0.22010917961597443, -0.21415868401527405, -0.20820820331573486, -0.20225770771503448, -0.1963072121143341, -0.19035671651363373, -0.18440622091293335, -0.17845574021339417, -0.1725052446126938, -0.1665547490119934, -0.16060426831245422, -0.15465377271175385, -0.14870327711105347, -0.1427527815103531, -0.1368022859096527, -0.13085180521011353, -0.12490130960941315, -0.11895081400871277, -0.11300032585859299, -0.1070498377084732, -0.10109934210777283, -0.09514884650707245, -0.08919835835695267, -0.08324787020683289, -0.07729737460613251, -0.07134687900543213, -0.06539639085531235, -0.05944589897990227, -0.05349540710449219, -0.04754491522908211, -0.04159442335367203, -0.03564393147826195, -0.029693439602851868, -0.023742947727441788, -0.017792455852031708, -0.011841963976621628, -0.005891472101211548, 5.9019774198532104e-05, 0.006009511649608612, 0.011960003525018692, 0.017910495400428772, 0.023860987275838852, 0.029811479151248932, 0.03576197102665901, 0.04171246290206909, 0.04766295477747917, 0.05361344665288925, 0.05956393852829933, 0.06551443040370941, 0.07146492600440979, 0.07741541415452957, 0.08336590230464935, 0.08931639790534973, 0.09526689350605011, 0.10121738165616989, 0.10716786980628967, 0.11311836540699005, 0.11906886100769043, 0.12501934170722961, 0.13096983730793, 0.13692033290863037]}, "gradients/graph_22spatial.0.weight": {"_type": "histogram",