{"train_acc": 0.5798265338901382, "train_loss": 44.757313311100006, "_timestamp": 1651737427, "_runtime": 84, "_step": 9, "train/train_loss": 44.757313311100006, "train/train_acc": [0.3538387407645358, 0.5067459042724061, 0.560873755220045, 0.5806296177320912, 0.5798265338901382], "train/epoch": 4, "val/val_loss": 7.621424913406372, "val/val_accuracy": 0.3641025641025641, "final_val_accuracy": 0.3641025641025641, "_wandb": {"runtime": 82}}