{"batch loss": 0.7502416372299194, "_timestamp": 1651772042, "_runtime": 382, "_step": 649, "epoch": 24, "train/train_loss": 0.7998899960517883, "train/train_acc": 0.6395939086294417, "train/train_f1": 0.63821245754463, "val/val_loss": 0.8969385027885437, "val/vaL_acc": 0.5982905982905983, "val/val_f1": 0.5886951961638229, "gradients/graph_12fc2.bias": {"_type": "histogram", "values": [1.0, 0.0, 0.0, 0.0, 0.0, 0.0, 0.0, 0.0, 0.0, 0.0, 0.0, 0.0, 0.0, 0.0, 0.0, 0.0, 0.0, 0.0, 0.0, 0.0, 0.0, 0.0, 0.0, 0.0, 0.0, 0.0, 0.0, 0.0, 0.0, 0.0, 0.0, 0.0, 0.0, 0.0, 0.0, 0.0, 0.0, 0.0, 0.0, 0.0, 0.0, 0.0, 0.0, 0.0, 0.0, 1.0, 0.0, 0.0, 0.0, 0.0, 0.0, 0.0, 0.0, 0.0, 0.0, 0.0, 0.0, 0.0, 0.0, 0.0, 0.0, 0.0, 0.0, 1.0], "bins": [-0.02522273361682892, -0.02452980726957321, -0.023836879059672356, -0.02314395271241665, -0.022451024502515793, -0.021758098155260086, -0.02106517180800438, -0.020372245460748672, -0.019679317250847816, -0.01898639090359211, -0.018293462693691254, -0.017600536346435547, -0.01690760999917984, -0.016214681789278984, -0.015521755442023277, -0.014828828163444996, -0.014135900884866714, -0.013442973606288433, -0.012750046327710152, -0.012057119980454445, -0.011364192701876163, -0.010671265423297882, -0.009978339076042175, -0.009285411797463894, -0.008592484518885612, -0.007899557240307331, -0.007206630427390337, -0.006513703614473343, -0.0058207763358950615, -0.00512784905731678, -0.004434922244399786, -0.003741995431482792, -0.0030490681529045105, -0.0023561411071568727, -0.001663214061409235, -0.0009702870156615973, -0.0002773599699139595, 0.00041556707583367825, 0.001108494121581316, 0.00180142093449831, 0.0024943482130765915, 0.0031872752588242292, 0.003880202304571867, 0.004573129117488861, 0.0052660563960671425, 0.005958983674645424, 0.006651910487562418, 0.007344837300479412, 0.008037764579057693, 0.008730691857635975, 0.009423619136214256, 0.010116545483469963, 0.010809472762048244, 0.011502400040626526, 0.012195326387882233, 0.012888253666460514, 0.013581180945038795, 0.014274108223617077, 0.014967035502195358, 0.015659961849451065, 0.016352888196706772, 0.017045816406607628, 0.017738742753863335, 0.01843167096376419, 0.019124597311019897]}, "gradients/graph_12fc2.weight": {"_type": "histogram", "values": [2.0, 0.0, 2.0, 1.0, 2.0, 0.0, 2.0, 1.0, 3.0, 0.0, 3.0, 2.0, 1.0, 3.0, 1.0, 1.0, 5.0, 6.0, 2.0, 3.0, 6.0, 3.0, 11.0, 7.0, 3.0, 6.0, 6.0, 9.0, 3.0, 7.0, 7.0, 2.0, 7.0, 6.0, 8.0, 5.0, 7.0, 8.0, 9.0, 7.0, 15.0, 18.0, 8.0, 10.0, 6.0, 3.0, 5.0, 7.0, 2.0, 5.0, 3.0, 6.0, 1.0, 2.0, 2.0, 2.0, 3.0, 1.0, 0.0, 0.0, 1.0, 2.0, 0.0, 1.0], "bins": [-0.02967207133769989, -0.02879215218126774, -0.027912233024835587, -0.027032315731048584, -0.026152396574616432, -0.02527247741818428, -0.02439255826175213, -0.023512639105319977, -0.022632721811532974, -0.021752802655100822, -0.02087288349866867, -0.019992966204881668, -0.019113047048449516, -0.018233127892017365, -0.017353208735585213, -0.01647328957915306, -0.015593370422720909, -0.014713451266288757, -0.01383353304117918, -0.012953613884747028, -0.012073695659637451, -0.0111937765032053, -0.010313857346773148, -0.009433938190340996, -0.008554019033908844, -0.0076741003431379795, -0.006794181652367115, -0.005914262495934963, -0.005034343805164099, -0.004154425114393234, -0.0032745059579610825, -0.002394587267190218, -0.0015146676450967789, -0.0006347488379105926, 0.00024516996927559376, 0.001125088892877102, 0.0020050075836479664, 0.002884926274418831, 0.0037648454308509827, 0.004644764121621847, 0.005524681881070137, 0.0064046005718410015, 0.007284519262611866, 0.008164438419044018, 0.009044356644153595, 0.009924275800585747, 0.010804194957017899, 0.01168411411345005, 0.012564033269882202, 0.013443952426314354, 0.014323870651423931, 0.015203789807856083, 0.01608370803296566, 0.016963627189397812, 0.017843546345829964, 0.018723465502262115, 0.019603382796049118, 0.02048330195248127, 0.02136322110891342, 0.022243138402700424, 0.023123057559132576, 0.024002976715564728, 0.02488289587199688, 0.02576281502842903, 0.026642734184861183]}, "gradients/graph_12spatial.1.weight": {"_type": "histogram", "values": [1.0, 0.0, 0.0, 0.0, 0.0, 0.0, 0.0, 0.0, 0.0, 0.0, 0.0, 1.0, 0.0, 0.0, 0.0, 0.0, 0.0, 0.0, 0.0, 0.0, 0.0, 1.0, 0.0, 0.0, 0.0, 0.0, 0.0, 0.0, 0.0, 0.0, 0.0, 0.0, 0.0, 0.0, 0.0, 0.0, 1.0, 0.0, 0.0, 0.0, 1.0, 1.0, 0.0, 0.0, 0.0, 0.0, 0.0, 0.0, 1.0, 0.0, 0.0, 0.0, 0.0, 0.0, 1.0, 0.0, 0.0, 1.0, 0.0, 0.0, 0.0, 0.0, 0.0, 1.0], "bins": [-0.0697781965136528, -0.06793918460607529, -0.06610017269849777, -0.06426116079092026, -0.06242214888334274, -0.06058313697576523, -0.058744125068187714, -0.0569051131606102, -0.055066101253032684, -0.05322708934545517, -0.051388077437877655, -0.04954906553030014, -0.047710053622722626, -0.04587104171514511, -0.044032029807567596, -0.04219301789999008, -0.04035400226712227, -0.038514990359544754, -0.03667597845196724, -0.034836966544389725, -0.03299795463681221, -0.031158942729234695, -0.02931992895901203, -0.027480917051434517, -0.025641903281211853, -0.02380289137363434, -0.021963879466056824, -0.02012486755847931, -0.018285855650901794, -0.01644684374332428, -0.014607829973101616, -0.012768818065524101, -0.010929804295301437, -0.009090792387723923, -0.007251780014485121, -0.005412767641246319, -0.003573755733668804, -0.0017347438260912895, 0.00010426901280879974, 0.0019432809203863144, 0.00378229096531868, 0.0056213028728961945, 0.007460315246134996, 0.009299327619373798, 0.011138339526951313, 0.012977351434528828, 0.014816364273428917, 0.01665537618100643, 0.018494389951229095, 0.02033340185880661, 0.022172413766384125, 0.02401142567396164, 0.025850437581539154, 0.02768944948911667, 0.029528463259339333, 0.0313674733042717, 0.03320648521184921, 0.03504549711942673, 0.03688450902700424, 0.03872352093458176, 0.04056253284215927, 0.042401544749736786, 0.0442405566573143, 0.046079568564891815, 0.04791858419775963]}, "gradients/graph_12spatial.1.bias": {"_type": "histogram", "values": [2.0, 0.0, 0.0, 0.0, 0.0, 0.0, 0.0, 0.0, 0.0, 0.0, 0.0, 0.0, 0.0, 0.0, 1.0, 0.0, 0.0, 0.0, 0.0, 0.0, 0.0, 0.0, 0.0, 0.0, 0.0, 0.0, 0.0, 0.0, 0.0, 0.0, 0.0, 0.0, 0.0, 1.0, 0.0, 0.0, 0.0, 0.0, 1.0, 0.0, 0.0, 1.0, 0.0, 0.0, 0.0, 0.0, 0.0, 0.0, 1.0, 0.0, 0.0, 0.0, 0.0, 0.0, 0.0, 0.0, 1.0, 0.0, 1.0, 0.0, 0.0, 0.0, 0.0, 1.0], "bins": [-0.05389142781496048, -0.05229271575808525, -0.05069400370121002, -0.04909529164433479, -0.047496579587459564, -0.045897867530584335, -0.044299155473709106, -0.042700447142124176, -0.04110173135995865, -0.03950301930308342, -0.03790430724620819, -0.03630559518933296, -0.03470688313245773, -0.033108171075582504, -0.031509459018707275, -0.029910748824477196, -0.028312038630247116, -0.026713326573371887, -0.02511461451649666, -0.02351590245962143, -0.0219171904027462, -0.02031847834587097, -0.018719768151640892, -0.017121056094765663, -0.015522345900535583, -0.013923633843660355, -0.012324921786785126, -0.010726210661232471, -0.009127498604357243, -0.007528786547482014, -0.0059300754219293594, -0.0043313633650541306, -0.0027326494455337524, -0.0011339376214891672, 0.000464774202555418, 0.0020634857937693596, 0.0036621978506445885, 0.005260909907519817, 0.006859621033072472, 0.0084583330899477, 0.010057047009468079, 0.011655759066343307, 0.013254471123218536, 0.01485318224877119, 0.016451895236968994, 0.018050607293844223, 0.019649317488074303, 0.02124802954494953, 0.02284673973917961, 0.02444545179605484, 0.02604416385293007, 0.027642875909805298, 0.029241587966680527, 0.030840300023555756, 0.032439008355140686, 0.03403772413730621, 0.035636432468891144, 0.03723514452576637, 0.0388338565826416, 0.04043256863951683, 0.04203128069639206, 0.04362999275326729, 0.04522870481014252, 0.04682741314172745, 0.048426128923892975]}, "gradients/graph_12spatial.0.weight": {"_type": "histogram",