{"batch loss": 0.7720188498497009, "_timestamp": 1651853290, "_runtime": 1034, "_step": 689, "epoch": 29, "train/train_loss": 0.7140224548903379, "train/train_acc": 0.6928584541949697, "train/train_f1": 0.6900529840398701, "val/val_loss": 1.1313682964869909, "val/vaL_acc": 0.47979474021808854, "val/val_f1": 0.49664106280911996, "gradients/graph_12fc2.bias": {"_type": "histogram", "values": [1.0, 0.0, 0.0, 0.0, 0.0, 0.0, 0.0, 0.0, 0.0, 0.0, 0.0, 0.0, 0.0, 0.0, 0.0, 0.0, 0.0, 0.0, 0.0, 0.0, 0.0, 0.0, 0.0, 0.0, 0.0, 0.0, 0.0, 0.0, 0.0, 0.0, 0.0, 0.0, 0.0, 0.0, 0.0, 0.0, 0.0, 0.0, 0.0, 0.0, 0.0, 0.0, 0.0, 0.0, 1.0, 0.0, 0.0, 0.0, 0.0, 0.0, 0.0, 0.0, 0.0, 0.0, 0.0, 0.0, 0.0, 0.0, 0.0, 0.0, 0.0, 0.0, 0.0, 1.0], "bins": [-0.013906947337090969, -0.013521679677069187, -0.013136412017047405, -0.012751144357025623, -0.012365876697003841, -0.01198060903698206, -0.011595342308282852, -0.01121007464826107, -0.010824806988239288, -0.010439539328217506, -0.010054271668195724, -0.009669004008173943, -0.00928373634815216, -0.008898468688130379, -0.008513201028108597, -0.008127933368086815, -0.007742665708065033, -0.007357398048043251, -0.006972130388021469, -0.006586862727999687, -0.006201595067977905, -0.005816327407956123, -0.005431060213595629, -0.005045792553573847, -0.004660525359213352, -0.00427525769919157, -0.0038899900391697884, -0.00350472261197865, -0.003119454951956868, -0.0027341872919350863, -0.002348919864743948, -0.001963652204722166, -0.0015783831477165222, -0.0011931154876947403, -0.0008078479440882802, -0.0004225804004818201, -3.7312740460038185e-05, 0.00034795491956174374, 0.000733222346752882, 0.001118490006774664, 0.0015037581324577332, 0.001889025792479515, 0.002274293452501297, 0.0026595608796924353, 0.003044828539714217, 0.003430096199735999, 0.0038153636269271374, 0.004200631286948919, 0.004585898481309414, 0.004971166141331196, 0.005356433801352978, 0.00574170146137476, 0.006126969121396542, 0.0065122367814183235, 0.006897503975778818, 0.0072827716358006, 0.007668039295822382, 0.008053306490182877, 0.008438574150204659, 0.00882384181022644, 0.009209109470248222, 0.009594377130270004, 0.009979644790291786, 0.010364912450313568, 0.01075018011033535]}, "gradients/graph_12fc2.weight": {"_type": "histogram", "values": [2.0, 1.0, 1.0, 0.0, 1.0, 1.0, 8.0, 6.0, 4.0, 11.0, 5.0, 6.0, 15.0, 24.0, 20.0, 22.0, 15.0, 28.0, 24.0, 38.0, 43.0, 56.0, 59.0, 63.0, 71.0, 82.0, 62.0, 79.0, 80.0, 91.0, 62.0, 59.0, 73.0, 72.0, 64.0, 64.0, 69.0, 61.0, 50.0, 56.0, 59.0, 44.0, 33.0, 23.0, 25.0, 20.0, 15.0, 23.0, 13.0, 10.0, 5.0, 8.0, 7.0, 6.0, 7.0, 2.0, 5.0, 1.0, 0.0, 3.0, 0.0, 1.0, 1.0, 1.0], "bins": [-0.02867487259209156, -0.02773943915963173, -0.02680400386452675, -0.025868570432066917, -0.024933136999607086, -0.023997703567147255, -0.023062270134687424, -0.022126834839582443, -0.021191401407122612, -0.02025596797466278, -0.0193205326795578, -0.01838509924709797, -0.017449665814638138, -0.016514232382178307, -0.0155787980183959, -0.014643363654613495, -0.013707930222153664, -0.012772496789693832, -0.011837062425911427, -0.01090162806212902, -0.00996619462966919, -0.009030761197209358, -0.008095326833426952, -0.007159892935305834, -0.006224459037184715, -0.005289025139063597, -0.004353591240942478, -0.0034181573428213596, -0.002482723444700241, -0.0015472895465791225, -0.000611855648458004, 0.00032357824966311455, 0.0012590102851390839, 0.0021944441832602024, 0.003129878081381321, 0.0040653119795024395, 0.005000745877623558, 0.005936179775744677, 0.006871613673865795, 0.007807047571986914, 0.008742481470108032, 0.009677914902567863, 0.01061334926635027, 0.011548783630132675, 0.012484217062592506, 0.013419650495052338, 0.014355084858834743, 0.01529051922261715, 0.01622595265507698, 0.017161386087536812, 0.018096819519996643, 0.019032254815101624, 0.019967688247561455, 0.020903121680021286, 0.021838556975126266, 0.022773990407586098, 0.02370942384004593, 0.02464485727250576, 0.02558029070496559, 0.026515726000070572, 0.027451159432530403, 0.028386592864990234, 0.029322028160095215, 0.030257461592555046, 0.031192895025014877]}, "gradients/graph_12spatial.1.weight": {"_type": "histogram", "values": [2.0, 0.0, 0.0, 0.0, 0.0, 0.0, 0.0, 1.0, 0.0, 1.0, 0.0, 0.0, 1.0, 0.0, 2.0, 0.0, 1.0, 0.0, 1.0, 0.0, 0.0, 0.0, 0.0, 0.0, 1.0, 0.0, 0.0, 0.0, 2.0, 1.0, 1.0, 1.0, 0.0, 0.0, 0.0, 0.0, 1.0, 0.0, 0.0, 0.0, 1.0, 1.0, 0.0, 0.0, 0.0, 0.0, 0.0, 0.0, 0.0, 0.0, 0.0, 0.0, 0.0, 0.0, 1.0, 0.0, 0.0, 0.0, 0.0, 0.0, 0.0, 0.0, 0.0, 1.0], "bins": [-0.04031956195831299, -0.03887360170483589, -0.037427641451358795, -0.035981684923172, -0.0345357246696949, -0.033089764416217804, -0.03164380416274071, -0.03019784390926361, -0.028751885518431664, -0.027305925264954567, -0.02585996687412262, -0.024414006620645523, -0.022968046367168427, -0.02152208797633648, -0.020076127722859383, -0.018630169332027435, -0.01718420907855034, -0.015738248825073242, -0.014292290434241295, -0.012846330180764198, -0.011400370858609676, -0.009954411536455154, -0.008508451282978058, -0.007062491960823536, -0.005616530776023865, -0.004170571453869343, -0.0027246116660535336, -0.0012786518782377243, 0.00016730744391679764, 0.0016132667660713196, 0.003059227019548416, 0.004505186341702938, 0.005951147526502609, 0.007397106848657131, 0.008843066170811653, 0.01028902642428875, 0.011734985746443272, 0.013180945068597794, 0.01462690532207489, 0.016072865575551987, 0.017518822103738785, 0.01896478235721588, 0.02041074074804783, 0.021856701001524925, 0.023302659392356873, 0.02474861964583397, 0.026194579899311066, 0.027640540152788162, 0.02908650040626526, 0.030532460659742355, 0.03197842091321945, 0.03342437744140625, 0.03487033769488335, 0.03631629794836044, 0.03776225820183754, 0.039208218455314636, 0.040654174983501434, 0.04210013523697853, 0.04354609549045563, 0.044992052018642426, 0.04643801227211952, 0.04788397252559662, 0.049329932779073715, 0.05077589303255081, 0.05222185328602791]}, "gradients/graph_12spatial.1.bias": {"_type": "histogram", "values": [1.0, 0.0, 0.0, 0.0, 0.0, 1.0, 0.0, 1.0, 0.0, 0.0, 0.0, 0.0, 0.0, 1.0, 0.0, 0.0, 0.0, 0.0, 0.0, 0.0, 0.0, 1.0, 2.0, 1.0, 0.0, 0.0, 2.0, 0.0, 0.0, 1.0, 0.0, 0.0, 1.0, 0.0, 0.0, 2.0, 1.0, 1.0, 1.0, 0.0, 0.0, 0.0, 0.0, 0.0, 0.0, 0.0, 0.0, 1.0, 0.0, 0.0, 0.0, 0.0, 0.0, 1.0, 0.0, 0.0, 0.0, 0.0, 0.0, 0.0, 0.0, 0.0, 0.0, 1.0], "bins": [-0.07521191239356995, -0.07275009900331497, -0.07028828561306, -0.06782647222280502, -0.06536465883255005, -0.06290284544229507, -0.0604410320520401, -0.057979218661785126, -0.05551740527153015, -0.05305559188127518, -0.0505937784910202, -0.04813196510076523, -0.045670151710510254, -0.04320833832025528, -0.040746524930000305, -0.03828471153974533, -0.035822898149490356, -0.03336108475923538, -0.030899271368980408, -0.028437457978725433, -0.02597564458847046, -0.023513831198215485, -0.02105201780796051, -0.018590204417705536, -0.01612839102745056, -0.013666577637195587, -0.011204764246940613, -0.008742950856685638, -0.006281137466430664, -0.0038193240761756897, -0.0013575106859207153, 0.001104302704334259, 0.0035661086440086365, 0.006027922034263611, 0.008489735424518585, 0.01095154881477356, 0.013413362205028534, 0.01587517559528351, 0.018336988985538483, 0.020798802375793457, 0.02326061576604843, 0.025722429156303406, 0.02818424254655838, 0.030646055936813354, 0.03310786932706833, 0.0355696827173233, 0.03803149610757828, 0.04049330949783325, 0.042955122888088226, 0.0454169362783432, 0.047878749668598175, 0.05034056305885315, 0.052802376449108124, 0.0552641898393631, 0.05772600322961807, 0.06018781661987305, 0.06264963001012802, 0.065111443400383, 0.06757325679063797, 0.07003507018089294, 0.07249688357114792, 0.0749586969614029, 0.07742051035165787, 0.07988232374191284, 0.08234413713216782]}, "gradients/graph_12spatial.0.weight": {"_type": "histogram",