{"batch loss": 0.3069039583206177, "_timestamp": 1651800243, "_runtime": 1476, "_step": 649, "epoch": 24, "train/train_loss": 0.3016751956939697, "train/train_acc": 0.8886421319796954, "train/train_f1": 0.8884967302108835, "val/val_loss": 1.485381841659546, "val/vaL_acc": 0.5584045584045584, "val/val_f1": 0.5561894840287153, "gradients/graph_43fc2.bias": {"_type": "histogram", "values": [1.0, 0.0, 0.0, 0.0, 0.0, 0.0, 0.0, 0.0, 0.0, 0.0, 0.0, 0.0, 0.0, 0.0, 0.0, 0.0, 0.0, 0.0, 0.0, 0.0, 0.0, 0.0, 0.0, 0.0, 0.0, 0.0, 0.0, 0.0, 0.0, 0.0, 0.0, 0.0, 0.0, 0.0, 0.0, 0.0, 1.0, 0.0, 0.0, 0.0, 0.0, 0.0, 0.0, 0.0, 0.0, 0.0, 0.0, 0.0, 0.0, 0.0, 0.0, 0.0, 0.0, 0.0, 0.0, 0.0, 0.0, 0.0, 0.0, 0.0, 0.0, 0.0, 0.0, 1.0], "bins": [-0.029777448624372482, -0.02888602949678898, -0.027994608506560326, -0.027103189378976822, -0.02621176838874817, -0.025320349261164665, -0.024428928270936012, -0.02353750914335251, -0.022646088153123856, -0.021754669025540352, -0.0208632480353117, -0.019971828907728195, -0.019080407917499542, -0.01818898878991604, -0.017297567799687386, -0.016406148672103882, -0.015514728613197803, -0.014623308554291725, -0.013731888495385647, -0.012840468436479568, -0.01194904837757349, -0.011057628318667412, -0.010166209191083908, -0.009274788200855255, -0.008383369073271751, -0.007491949014365673, -0.006600528955459595, -0.005709108896553516, -0.004817688837647438, -0.003926269244402647, -0.0030348491854965687, -0.0021434291265904903, -0.0012520086020231247, -0.00036058860132470727, 0.0005308313993737102, 0.0014222513418644667, 0.002313671400770545, 0.0032050912268459797, 0.004096511285752058, 0.004987931344658136, 0.005879351869225502, 0.00677077192813158, 0.007662191987037659, 0.008553612045943737, 0.009445032104849815, 0.010336451232433319, 0.011227872222661972, 0.012119291350245476, 0.013010711409151554, 0.013902131468057632, 0.01479355152696371, 0.01568497158586979, 0.016576390713453293, 0.017467811703681946, 0.01835923083126545, 0.019250651821494102, 0.020142070949077606, 0.02103349007666111, 0.021924911066889763, 0.022816330194473267, 0.02370775118470192, 0.024599170312285423, 0.025490591302514076, 0.02638201043009758, 0.027273431420326233]}, "gradients/graph_43fc2.weight": {"_type": "histogram", "values": [1.0, 0.0, 0.0, 1.0, 1.0, 0.0, 0.0, 0.0, 0.0, 2.0, 1.0, 1.0, 5.0, 1.0, 2.0, 3.0, 10.0, 7.0, 13.0, 13.0, 21.0, 18.0, 36.0, 40.0, 44.0, 50.0, 51.0, 60.0, 72.0, 88.0, 75.0, 112.0, 133.0, 106.0, 116.0, 118.0, 118.0, 111.0, 95.0, 76.0, 86.0, 77.0, 70.0, 41.0, 30.0, 29.0, 23.0, 16.0, 22.0, 11.0, 10.0, 4.0, 4.0, 2.0, 6.0, 0.0, 4.0, 0.0, 2.0, 0.0, 1.0, 0.0, 0.0, 1.0], "bins": [-0.0363752543926239, -0.03531375899910927, -0.03425225988030434, -0.0331907644867897, -0.03212926536798477, -0.03106776997447014, -0.030006272718310356, -0.028944775462150574, -0.02788328006863594, -0.026821782812476158, -0.025760285556316376, -0.024698790162801743, -0.02363729290664196, -0.022575795650482178, -0.021514298394322395, -0.020452801138162613, -0.01939130388200283, -0.018329806625843048, -0.017268309369683266, -0.016206812113523483, -0.01514531672000885, -0.014083819463849068, -0.013022322207689285, -0.011960824951529503, -0.01089932769536972, -0.009837830439209938, -0.00877633411437273, -0.007714836858212948, -0.006653340067714453, -0.005591843277215958, -0.004530346021056175, -0.00346884923055768, -0.0024073533713817596, -0.0013458564644679427, -0.0002843595575541258, 0.000777137465775013, 0.001838634256273508, 0.002900131046772003, 0.003961628302931786, 0.005023125093430281, 0.006084620952606201, 0.007146117743104696, 0.008207614533603191, 0.009269111789762974, 0.010330608114600182, 0.011392105370759964, 0.012453602626919746, 0.013515099883079529, 0.014576597139239311, 0.015638094395399094, 0.016699591651558876, 0.01776108890771866, 0.01882258430123329, 0.019884081557393074, 0.020945578813552856, 0.02200707606971264, 0.02306857332587242, 0.024130070582032204, 0.025191567838191986, 0.02625306323170662, 0.0273145604878664, 0.028376057744026184, 0.029437555000185966, 0.03049905225634575, 0.03156054764986038]}, "gradients/graph_43spatial.1.weight": {"_type": "histogram", "values": [1.0, 0.0, 0.0, 0.0, 0.0, 0.0, 0.0, 0.0, 0.0, 0.0, 0.0, 0.0, 0.0, 0.0, 2.0, 0.0, 0.0, 0.0, 0.0, 1.0, 0.0, 0.0, 0.0, 1.0, 1.0, 0.0, 1.0, 2.0, 1.0, 1.0, 1.0, 1.0, 0.0, 0.0, 4.0, 0.0, 0.0, 0.0, 1.0, 0.0, 0.0, 0.0, 2.0, 3.0, 2.0, 0.0, 0.0, 2.0, 1.0, 2.0, 1.0, 0.0, 0.0, 1.0, 0.0, 1.0, 0.0, 2.0, 1.0, 0.0, 0.0, 2.0, 0.0, 2.0], "bins": [-0.06459738314151764, -0.06303589046001434, -0.06147439405322075, -0.05991290137171745, -0.05835140496492386, -0.05678991228342056, -0.05522841960191727, -0.05366692692041397, -0.05210543051362038, -0.05054393783211708, -0.048982441425323486, -0.04742094874382019, -0.045859456062316895, -0.0442979596555233, -0.042736466974020004, -0.04117497056722641, -0.039613477885723114, -0.03805198520421982, -0.036490488797426224, -0.03492899611592293, -0.033367499709129333, -0.03180600702762604, -0.03024451434612274, -0.028683019801974297, -0.02712152525782585, -0.025560030713677406, -0.02399853616952896, -0.022437043488025665, -0.02087554894387722, -0.019314054399728775, -0.01775256171822548, -0.016191067174077034, -0.014629576355218887, -0.013068081811070442, -0.011506588198244572, -0.009945094585418701, -0.008383600041270256, -0.006822105962783098, -0.00526061188429594, -0.00369911827147007, -0.0021376237273216248, -0.0005761296488344669, 0.0009853644296526909, 0.0025468585081398487, 0.0041083525866270065, 0.005669846665114164, 0.007231340743601322, 0.008792834356427193, 0.010354328900575638, 0.011915823444724083, 0.013477317057549953, 0.015038810670375824, 0.01660030521452427, 0.018161799758672714, 0.01972329244017601, 0.021284786984324455, 0.0228462815284729, 0.024407776072621346, 0.02596927061676979, 0.027530763298273087, 0.02909225784242153, 0.030653752386569977, 0.03221524506807327, 0.03377673774957657, 0.03533823415637016]}, "gradients/graph_43spatial.1.bias": {"_type": "histogram", "values": [1.0, 0.0, 0.0, 0.0, 0.0, 0.0, 2.0, 0.0, 0.0, 0.0, 0.0, 1.0, 0.0, 0.0, 0.0, 0.0, 0.0, 1.0, 2.0, 0.0, 0.0, 1.0, 1.0, 1.0, 0.0, 0.0, 1.0, 1.0, 1.0, 2.0, 1.0, 0.0, 1.0, 1.0, 1.0, 1.0, 1.0, 2.0, 1.0, 2.0, 0.0, 1.0, 2.0, 0.0, 1.0, 0.0, 1.0, 0.0, 1.0, 0.0, 0.0, 0.0, 1.0, 0.0, 2.0, 1.0, 1.0, 1.0, 0.0, 0.0, 0.0, 0.0, 1.0, 1.0], "bins": [-0.11068853735923767, -0.10753357410430908, -0.1043786108493805, -0.10122364014387131, -0.09806867688894272, -0.09491371363401413, -0.09175875037908554, -0.08860377967357635, -0.08544881641864777, -0.08229385316371918, -0.07913888990879059, -0.0759839192032814, -0.07282895594835281, -0.06967399269342422, -0.06651902943849564, -0.06336405873298645, -0.06020909920334816, -0.05705413594841957, -0.053899168968200684, -0.050744205713272095, -0.04758923873305321, -0.04443427547812462, -0.04127930849790573, -0.03812434524297714, -0.03496938198804855, -0.031814418733119965, -0.028659451752901077, -0.02550448849797249, -0.0223495215177536, -0.019194558262825012, -0.016039593145251274, -0.012884628027677536, -0.009729661047458649, -0.006574695929884911, -0.00341973127797246, -0.000264766626060009, 0.002890198491513729, 0.006045162677764893, 0.00920012779533863, 0.012355092912912369, 0.015510059893131256, 0.018665025010704994, 0.021819990128278732, 0.02497495338320732, 0.02812992036342621, 0.0312848836183548, 0.034439846873283386, 0.037594813853502274, 0.04074977710843086, 0.04390474036335945, 0.04705970734357834, 0.05021467059850693, 0.053369637578725815, 0.056524600833654404, 0.05967956781387329, 0.06283453106880188, 0.06598949432373047, 0.06914445757865906, 0.07229942083358765, 0.07545439153909683, 0.07860935479402542, 0.08176431804895401, 0.0849192813038826, 0.08807425200939178, 0.09122921526432037]}, "gradients/graph_43spatial.0.weight": {"_type": "histogram",