{"batch loss": 0.5029979944229126, "_timestamp": 1651796796, "_runtime": 1280, "_step": 649, "epoch": 24, "train/train_loss": 0.49659918904304506, "train/train_acc": 0.8264593908629442, "train/train_f1": 0.8255151927123486, "val/val_loss": 0.8364104429880778, "val/vaL_acc": 0.6296296296296297, "val/val_f1": 0.635604780138249, "gradients/graph_38fc2.bias": {"_type": "histogram", "values": [1.0, 0.0, 0.0, 0.0, 0.0, 0.0, 0.0, 0.0, 0.0, 0.0, 0.0, 1.0, 0.0, 0.0, 0.0, 0.0, 0.0, 0.0, 0.0, 0.0, 0.0, 0.0, 0.0, 0.0, 0.0, 0.0, 0.0, 0.0, 0.0, 0.0, 0.0, 0.0, 0.0, 0.0, 0.0, 0.0, 0.0, 0.0, 0.0, 0.0, 0.0, 0.0, 0.0, 0.0, 0.0, 0.0, 0.0, 0.0, 0.0, 0.0, 0.0, 0.0, 0.0, 0.0, 0.0, 0.0, 0.0, 0.0, 0.0, 0.0, 0.0, 0.0, 0.0, 1.0], "bins": [-0.04090382158756256, -0.03927537053823471, -0.03764691948890686, -0.03601846843957901, -0.03439001366496086, -0.03276156261563301, -0.03113311156630516, -0.02950466051697731, -0.02787620760500431, -0.02624775655567646, -0.02461930364370346, -0.02299085259437561, -0.02136240154504776, -0.01973394863307476, -0.01810549758374691, -0.01647704467177391, -0.01484859362244606, -0.013220141641795635, -0.01159168966114521, -0.00996323861181736, -0.008334786631166935, -0.00670633465051651, -0.00507788360118866, -0.0034494316205382347, -0.001820981502532959, -0.00019252975471317768, 0.0014359219931066036, 0.0030643735080957413, 0.004692825488746166, 0.006321277469396591, 0.007949728518724442, 0.009578180499374866, 0.01120663434267044, 0.012835086323320866, 0.01446353830397129, 0.01609198935329914, 0.01772044226527214, 0.01934889331459999, 0.02097734436392784, 0.02260579541325569, 0.02423425018787384, 0.02586270123720169, 0.02749115414917469, 0.02911960519850254, 0.03074805811047554, 0.03237650915980339, 0.03400496020913124, 0.03563341125845909, 0.03726186230778694, 0.03889031335711479, 0.04051876440644264, 0.04214721918106079, 0.04377567023038864, 0.04540412127971649, 0.04703257232904434, 0.04866102337837219, 0.05028947442770004, 0.05191792547702789, 0.05354637652635574, 0.055174827575683594, 0.05680328235030174, 0.05843173339962959, 0.06006018444895744, 0.061688635498285294, 0.06331709027290344]}, "gradients/graph_38fc2.weight": {"_type": "histogram", "values": [1.0, 0.0, 1.0, 0.0, 2.0, 0.0, 0.0, 3.0, 1.0, 2.0, 5.0, 3.0, 4.0, 4.0, 11.0, 22.0, 19.0, 24.0, 49.0, 47.0, 58.0, 78.0, 116.0, 134.0, 128.0, 130.0, 130.0, 109.0, 118.0, 89.0, 61.0, 39.0, 32.0, 18.0, 11.0, 3.0, 7.0, 23.0, 34.0, 46.0, 60.0, 69.0, 68.0, 67.0, 81.0, 49.0, 46.0, 45.0, 26.0, 21.0, 12.0, 9.0, 5.0, 16.0, 8.0, 4.0, 5.0, 0.0, 1.0, 2.0, 2.0, 0.0, 1.0, 1.0], "bins": [-0.07043325901031494, -0.06817410886287689, -0.06591495871543884, -0.0636558085680008, -0.061396658420562744, -0.059137508273124695, -0.056878361850976944, -0.054619211703538895, -0.052360061556100845, -0.050100911408662796, -0.04784176126122475, -0.0455826111137867, -0.04332346469163895, -0.0410643145442009, -0.03880516439676285, -0.0365460142493248, -0.03428686410188675, -0.0320277139544487, -0.02976856380701065, -0.02750941552221775, -0.0252502653747797, -0.022991115227341652, -0.020731966942548752, -0.018472816795110703, -0.016213666647672653, -0.013954516500234604, -0.01169536728411913, -0.009436218068003654, -0.007177067920565605, -0.004917917773127556, -0.002658768557012081, -0.00039961934089660645, 0.0018595308065414429, 0.004118680488318205, 0.006377830170094967, 0.008636979386210442, 0.010896129533648491, 0.01315527968108654, 0.015414428897202015, 0.01767357811331749, 0.01993272826075554, 0.022191878408193588, 0.024451028555631638, 0.026710176840424538, 0.028969326987862587, 0.031228477135300636, 0.033487625420093536, 0.035746775567531586, 0.038005925714969635, 0.040265075862407684, 0.042524226009845734, 0.04478337615728378, 0.04704252630472183, 0.04930167645215988, 0.05156082287430763, 0.05381997302174568, 0.05607912316918373, 0.05833827331662178, 0.06059742346405983, 0.06285656988620758, 0.06511572003364563, 0.06737487018108368, 0.06963402032852173, 0.07189317047595978, 0.07415232062339783]}, "gradients/graph_38spatial.1.weight": {"_type": "histogram", "values": [1.0, 0.0, 0.0, 1.0, 0.0, 1.0, 0.0, 0.0, 0.0, 1.0, 1.0, 1.0, 0.0, 1.0, 2.0, 1.0, 1.0, 0.0, 1.0, 0.0, 1.0, 1.0, 0.0, 1.0, 0.0, 0.0, 0.0, 0.0, 0.0, 3.0, 0.0, 0.0, 3.0, 3.0, 0.0, 0.0, 1.0, 0.0, 0.0, 1.0, 0.0, 0.0, 0.0, 1.0, 0.0, 0.0, 1.0, 1.0, 1.0, 3.0, 1.0, 2.0, 0.0, 0.0, 0.0, 0.0, 0.0, 0.0, 1.0, 0.0, 1.0, 0.0, 1.0, 1.0], "bins": [-0.06279285997152328, -0.061000775545835495, -0.05920868739485741, -0.05741660296916962, -0.05562451481819153, -0.05383243039250374, -0.05204034596681595, -0.05024825781583786, -0.04845617339015007, -0.04666408896446228, -0.04487200081348419, -0.0430799163877964, -0.04128783196210861, -0.039495743811130524, -0.037703659385442734, -0.035911574959754944, -0.034119486808776855, -0.032327402383089066, -0.030535314232110977, -0.028743229806423187, -0.026951143518090248, -0.02515905722975731, -0.02336697280406952, -0.02157488651573658, -0.01978280022740364, -0.0179907139390707, -0.016198627650737762, -0.014406543225049973, -0.012614456936717033, -0.010822370648384094, -0.00903028529137373, -0.007238199934363365, -0.0054461099207401276, -0.0036540240980684757, -0.0018619382753968239, -6.985245272517204e-05, 0.0017222333699464798, 0.003514319658279419, 0.0053064050152897835, 0.007098490372300148, 0.008890576660633087, 0.010682662948966026, 0.01247474830597639, 0.014266833662986755, 0.016058919951319695, 0.017851006239652634, 0.019643090665340424, 0.021435176953673363, 0.023227263242006302, 0.02501934953033924, 0.02681143581867218, 0.02860352024435997, 0.03039560653269291, 0.03218769282102585, 0.03397977724671364, 0.03577186167240143, 0.03756394982337952, 0.039356034249067307, 0.041148122400045395, 0.042940206825733185, 0.04473229497671127, 0.04652437940239906, 0.04831646382808685, 0.05010855197906494, 0.05190063640475273]}, "gradients/graph_38spatial.1.bias": {"_type": "histogram", "values": [1.0, 0.0, 1.0, 1.0, 1.0, 0.0, 0.0, 3.0, 0.0, 0.0, 0.0, 1.0, 2.0, 2.0, 0.0, 1.0, 0.0, 0.0, 0.0, 0.0, 1.0, 0.0, 0.0, 0.0, 1.0, 0.0, 0.0, 4.0, 0.0, 1.0, 3.0, 1.0, 0.0, 0.0, 0.0, 1.0, 0.0, 1.0, 0.0, 0.0, 0.0, 0.0, 0.0, 1.0, 2.0, 0.0, 1.0, 1.0, 1.0, 0.0, 0.0, 1.0, 3.0, 1.0, 0.0, 0.0, 0.0, 1.0, 0.0, 1.0, 0.0, 0.0, 0.0, 1.0], "bins": [-0.06486589461565018, -0.06273719668388367, -0.06060849502682686, -0.05847979709506035, -0.05635109543800354, -0.05422239750623703, -0.05209369957447052, -0.04996499791741371, -0.0478362962603569, -0.04570759832859039, -0.043578896671533585, -0.041450198739767075, -0.039321497082710266, -0.037192799150943756, -0.035064101219177246, -0.03293539956212044, -0.030806701630353928, -0.02867800183594227, -0.02654930204153061, -0.0244206041097641, -0.02229190245270729, -0.02016320452094078, -0.01803450472652912, -0.015905804932117462, -0.013777107000350952, -0.011648407205939293, -0.009519707411527634, -0.007391008548438549, -0.00526230875402689, -0.0031336089596152306, -0.001004910096526146, 0.0011237896978855133, 0.0032524913549423218, 0.005381191149353981, 0.007509890478104353, 0.009638589806854725, 0.011767289601266384, 0.013895989395678043, 0.016024688258767128, 0.018153388053178787, 0.020282089710235596, 0.022410789504647255, 0.024539489299058914, 0.026668187230825424, 0.028796888887882233, 0.030925586819648743, 0.03305428475141525, 0.03518298640847206, 0.03731168434023857, 0.03944038227200508, 0.04156908392906189, 0.0436977818608284, 0.04582648351788521, 0.04795518144965172, 0.05008388310670853, 0.05221258103847504, 0.05434127897024155, 0.05646997690200806, 0.058598678559064865, 0.060727376490831375, 0.06285607814788818, 0.0649847760796547, 0.0671134740114212, 0.06924217939376831, 0.07137087732553482]}, "gradients/graph_38spatial.0.weight": {"_type": "histogram",