{"batch loss": 0.604042649269104, "_timestamp": 1651811915, "_runtime": 1132, "_step": 649, "epoch": 24, "train/train_loss": 0.598640706539154, "train/train_acc": 0.748730964467005, "train/train_f1": 0.7469550946358363, "val/val_loss": 1.0304853717486064, "val/vaL_acc": 0.5541310541310541, "val/val_f1": 0.5560858093877649, "gradients/graph_53fc2.bias": {"_type": "histogram", "values": [1.0, 0.0, 0.0, 0.0, 0.0, 0.0, 0.0, 0.0, 0.0, 0.0, 0.0, 0.0, 0.0, 0.0, 0.0, 0.0, 0.0, 0.0, 0.0, 0.0, 0.0, 0.0, 0.0, 0.0, 0.0, 0.0, 0.0, 0.0, 0.0, 0.0, 0.0, 0.0, 0.0, 0.0, 0.0, 0.0, 0.0, 0.0, 0.0, 0.0, 0.0, 0.0, 1.0, 0.0, 0.0, 0.0, 0.0, 0.0, 0.0, 0.0, 0.0, 0.0, 0.0, 0.0, 0.0, 0.0, 0.0, 0.0, 0.0, 0.0, 0.0, 0.0, 0.0, 1.0], "bins": [-0.009794356301426888, -0.009517726488411427, -0.00924109760671854, -0.00896446779370308, -0.008687837980687618, -0.008411208167672157, -0.008134579285979271, -0.00785794947296381, -0.007581319659948349, -0.007304690312594175, -0.007028060499578714, -0.006751431152224541, -0.00647480133920908, -0.006198171991854906, -0.005921542644500732, -0.0056449128314852715, -0.005368283484131098, -0.005091654136776924, -0.004815024323761463, -0.0045383949764072895, -0.0042617651633918285, -0.003985135816037655, -0.0037085062358528376, -0.0034318766556680202, -0.0031552473083138466, -0.0028786177281290293, -0.002601988147944212, -0.0023253588005900383, -0.0020487289875745773, -0.0017720995238050818, -0.0014954700600355864, -0.001218840479850769, -0.0009422106668353081, -0.0006655810866504908, -0.00038895156467333436, -0.00011232204269617796, 0.00016430753748863935, 0.00044093711767345667, 0.0007175665814429522, 0.0009941961616277695, 0.0012708259746432304, 0.0015474555548280478, 0.001824085135012865, 0.0021007144823670387, 0.0023773442953824997, 0.0026539736427366734, 0.0029306032229214907, 0.003207232803106308, 0.0034838621504604816, 0.003760491730645299, 0.004037121310830116, 0.00431375065818429, 0.004590380471199751, 0.0048670098185539246, 0.0051436396315693855, 0.005420268978923559, 0.005696898326277733, 0.0059735276736319065, 0.0062501574866473675, 0.006526786834001541, 0.006803416647017002, 0.007080045994371176, 0.007356675341725349, 0.00763330515474081, 0.007909934967756271]}, "gradients/graph_53fc2.weight": {"_type": "histogram", "values": [1.0, 0.0, 0.0, 1.0, 0.0, 0.0, 1.0, 2.0, 1.0, 0.0, 3.0, 2.0, 2.0, 2.0, 2.0, 4.0, 3.0, 10.0, 10.0, 7.0, 7.0, 12.0, 12.0, 15.0, 15.0, 20.0, 19.0, 22.0, 25.0, 23.0, 37.0, 24.0, 33.0, 34.0, 24.0, 44.0, 23.0, 23.0, 36.0, 37.0, 17.0, 23.0, 23.0, 12.0, 12.0, 13.0, 11.0, 9.0, 12.0, 7.0, 5.0, 9.0, 9.0, 6.0, 2.0, 3.0, 1.0, 3.0, 3.0, 0.0, 1.0, 0.0, 2.0, 1.0], "bins": [-0.039184264838695526, -0.03804619982838631, -0.036908138543367386, -0.035770073533058167, -0.034632012248039246, -0.033493947237730026, -0.032355885952711105, -0.031217820942401886, -0.030079757794737816, -0.028941694647073746, -0.027803631499409676, -0.026665568351745605, -0.025527503341436386, -0.024389442056417465, -0.023251377046108246, -0.022113313898444176, -0.020975250750780106, -0.019837187603116035, -0.018699124455451965, -0.017561061307787895, -0.016422998160123825, -0.01528493408113718, -0.014146870002150536, -0.013008806854486465, -0.011870743706822395, -0.010732680559158325, -0.009594617411494255, -0.00845655333250761, -0.00731849018484354, -0.00618042703717947, -0.005042363423854113, -0.003904299810528755, -0.002766236662864685, -0.0016281732823699713, -0.0004901099018752575, 0.0006479534786194563, 0.00178601685911417, 0.00292408000677824, 0.004062143620103598, 0.005200207233428955, 0.006338270381093025, 0.007476333528757095, 0.008614396676421165, 0.00975246075540781, 0.01089052390307188, 0.01202858705073595, 0.013166651129722595, 0.014304714277386665, 0.015442777425050735, 0.016580840572714806, 0.017718903720378876, 0.018856966868042946, 0.019995030015707016, 0.021133095026016235, 0.022271158173680305, 0.023409221321344376, 0.024547284469008446, 0.025685347616672516, 0.026823410764336586, 0.027961473912000656, 0.029099538922309875, 0.030237600207328796, 0.031375665217638016, 0.032513730227947235, 0.033651791512966156]}, "gradients/graph_53spatial.1.weight": {"_type": "histogram", "values": [1.0, 0.0, 0.0, 0.0, 0.0, 0.0, 0.0, 0.0, 0.0, 0.0, 0.0, 0.0, 0.0, 0.0, 0.0, 0.0, 0.0, 1.0, 0.0, 0.0, 0.0, 0.0, 0.0, 0.0, 0.0, 0.0, 0.0, 1.0, 0.0, 1.0, 0.0, 0.0, 1.0, 0.0, 0.0, 1.0, 1.0, 2.0, 0.0, 0.0, 3.0, 3.0, 2.0, 1.0, 0.0, 1.0, 2.0, 2.0, 3.0, 0.0, 0.0, 0.0, 0.0, 0.0, 2.0, 0.0, 0.0, 0.0, 0.0, 0.0, 1.0, 0.0, 0.0, 1.0], "bins": [-0.06489086151123047, -0.06333645433187485, -0.06178205460309982, -0.0602276511490345, -0.05867324769496918, -0.057118844240903854, -0.05556444078683853, -0.05401003360748291, -0.052455633878707886, -0.05090123042464256, -0.04934682697057724, -0.04779242351651192, -0.046238020062446594, -0.04468361660838127, -0.04312921315431595, -0.04157480597496033, -0.040020402520895004, -0.03846599906682968, -0.03691159561276436, -0.035357192158699036, -0.03380278870463371, -0.03224838525056839, -0.030693979933857918, -0.029139576479792595, -0.027585171163082123, -0.0260307677090168, -0.024476364254951477, -0.022921960800886154, -0.02136755734682083, -0.01981315389275551, -0.018258748576045036, -0.016704345121979713, -0.015149939805269241, -0.013595536351203918, -0.012041132897138596, -0.010486728511750698, -0.008932325057685375, -0.007377921603620052, -0.005823517218232155, -0.004269113764166832, -0.0027147121727466583, -0.0011603084858506918, 0.00039409520104527473, 0.001948499120771885, 0.003502902574837208, 0.005057306028902531, 0.006611710414290428, 0.008166113868355751, 0.009720519185066223, 0.011274922639131546, 0.012829326093196869, 0.014383730478584766, 0.015938133001327515, 0.017492536455392838, 0.01904694177210331, 0.020601345226168633, 0.022155748680233955, 0.023710152134299278, 0.0252645555883646, 0.026818960905075073, 0.028373364359140396, 0.02992776781320572, 0.03148217126727104, 0.033036574721336365, 0.03459097817540169]}, "gradients/graph_53spatial.1.bias": {"_type": "histogram", "values": [2.0, 0.0, 0.0, 0.0, 0.0, 0.0, 1.0, 1.0, 1.0, 0.0, 2.0, 0.0, 2.0, 0.0, 0.0, 0.0, 0.0, 0.0, 1.0, 0.0, 1.0, 0.0, 0.0, 1.0, 1.0, 1.0, 2.0, 0.0, 1.0, 0.0, 0.0, 0.0, 1.0, 1.0, 2.0, 1.0, 0.0, 1.0, 0.0, 1.0, 0.0, 0.0, 1.0, 0.0, 0.0, 0.0, 0.0, 1.0, 1.0, 0.0, 1.0, 0.0, 0.0, 0.0, 0.0, 0.0, 0.0, 0.0, 1.0, 0.0, 0.0, 0.0, 0.0, 1.0], "bins": [-0.03676300123333931, -0.03542112931609154, -0.03407925367355347, -0.032737381756305695, -0.03139550983905792, -0.03005363419651985, -0.02871176227927208, -0.027369888499379158, -0.026028014719486237, -0.024686140939593315, -0.023344267159700394, -0.02200239524245262, -0.0206605214625597, -0.01931864768266678, -0.017976775765419006, -0.016634901985526085, -0.015293028205633163, -0.013951154425740242, -0.012609281577169895, -0.011267408728599548, -0.009925534948706627, -0.008583661168813705, -0.007241788320243359, -0.005899915471673012, -0.00455804169178009, -0.003216168377548456, -0.001874295063316822, -0.0005324217490851879, 0.0008094515651464462, 0.0021513248793780804, 0.0034931981936097145, 0.004835071042180061, 0.006176944822072983, 0.007518818136304617, 0.008860691450536251, 0.010202564299106598, 0.01154443807899952, 0.01288631185889244, 0.014228184707462788, 0.015570057556033134, 0.016911931335926056, 0.018253805115818977, 0.0195956788957119, 0.02093755081295967, 0.022279424592852592, 0.023621298372745514, 0.024963170289993286, 0.026305044069886208, 0.02764691784977913, 0.02898879162967205, 0.030330665409564972, 0.031672537326812744, 0.033014409244060516, 0.03435628488659859, 0.03569815680384636, 0.03704003244638443, 0.0383819043636322, 0.039723776280879974, 0.041065651923418045, 0.04240752384066582, 0.04374939948320389, 0.04509127140045166, 0.04643314331769943, 0.047775015234947205, 0.049116890877485275]}, "gradients/graph_53spatial.0.weight": {"_type": "histogram",