{"batch loss": 0.5346437096595764, "_timestamp": 1651786360, "_runtime": 1203, "_step": 649, "epoch": 24, "train/train_loss": 0.5024363625049592, "train/train_acc": 0.8247144670050761, "train/train_f1": 0.8233565303823063, "val/val_loss": 0.9207652608553568, "val/vaL_acc": 0.6125356125356125, "val/val_f1": 0.6091648787157576, "gradients/graph_26fc2.bias": {"_type": "histogram", "values": [1.0, 0.0, 0.0, 0.0, 0.0, 0.0, 0.0, 0.0, 0.0, 0.0, 0.0, 0.0, 0.0, 0.0, 0.0, 0.0, 0.0, 0.0, 0.0, 0.0, 0.0, 0.0, 0.0, 0.0, 0.0, 0.0, 0.0, 0.0, 0.0, 0.0, 0.0, 0.0, 0.0, 0.0, 0.0, 0.0, 0.0, 0.0, 0.0, 0.0, 0.0, 0.0, 0.0, 0.0, 0.0, 0.0, 0.0, 1.0, 0.0, 0.0, 0.0, 0.0, 0.0, 0.0, 0.0, 0.0, 0.0, 0.0, 0.0, 0.0, 0.0, 0.0, 0.0, 1.0], "bins": [-0.05791136249899864, -0.056354984641075134, -0.05479860678315163, -0.05324222892522812, -0.05168585106730461, -0.050129473209381104, -0.048573099076747894, -0.04701672121882439, -0.04546034336090088, -0.04390396550297737, -0.042347587645053864, -0.040791209787130356, -0.03923483192920685, -0.03767845779657364, -0.03612207621335983, -0.034565702080726624, -0.03300932049751282, -0.03145294263958931, -0.029896564781665802, -0.028340186923742294, -0.026783810928463936, -0.025227433070540428, -0.02367105521261692, -0.022114679217338562, -0.020558301359415054, -0.019001923501491547, -0.01744554564356804, -0.01588916778564453, -0.014332791790366173, -0.012776413932442665, -0.011220036074519157, -0.009663659147918224, -0.008107282221317291, -0.006550904829055071, -0.0049945274367928505, -0.003438149578869343, -0.0018817721866071224, -0.00032539479434490204, 0.0012309830635786057, 0.0027873599901795387, 0.004343736916780472, 0.005900114309042692, 0.007456491701304913, 0.00901286955922842, 0.010569246485829353, 0.012125624343752861, 0.013682002201676369, 0.015238379128277302, 0.016794757917523384, 0.018351135775446892, 0.0199075136333704, 0.021463889628648758, 0.023020267486572266, 0.024576645344495773, 0.02613302320241928, 0.02768940106034279, 0.029245778918266296, 0.030802156776189804, 0.03235853463411331, 0.03391491249203682, 0.03547129034996033, 0.037027664482593536, 0.03858404606580734, 0.04014042019844055, 0.04169679805636406]}, "gradients/graph_26fc2.weight": {"_type": "histogram", "values": [1.0, 0.0, 0.0, 1.0, 1.0, 3.0, 1.0, 3.0, 5.0, 7.0, 8.0, 9.0, 12.0, 14.0, 24.0, 37.0, 35.0, 57.0, 38.0, 65.0, 61.0, 65.0, 71.0, 72.0, 59.0, 69.0, 70.0, 66.0, 53.0, 73.0, 60.0, 69.0, 57.0, 76.0, 70.0, 78.0, 72.0, 75.0, 92.0, 93.0, 96.0, 113.0, 122.0, 117.0, 139.0, 120.0, 139.0, 113.0, 110.0, 113.0, 102.0, 87.0, 59.0, 53.0, 57.0, 28.0, 14.0, 18.0, 16.0, 7.0, 6.0, 5.0, 2.0, 2.0], "bins": [-0.05933341011404991, -0.057744450867176056, -0.0561554916203022, -0.054566532373428345, -0.05297757312655449, -0.051388613879680634, -0.04979965463280678, -0.04821069538593292, -0.04662173613905907, -0.04503277689218521, -0.043443817645311356, -0.0418548583984375, -0.040265899151563644, -0.03867693990468979, -0.03708798065781593, -0.03549902141094208, -0.03391006216406822, -0.032321102917194366, -0.03073214367032051, -0.029143184423446655, -0.0275542251765728, -0.025965265929698944, -0.02437630668282509, -0.022787347435951233, -0.021198388189077377, -0.01960942894220352, -0.018020469695329666, -0.01643151044845581, -0.014842551201581955, -0.0132535919547081, -0.011664632707834244, -0.010075673460960388, -0.008486710488796234, -0.0068977512419223785, -0.005308791995048523, -0.0037198327481746674, -0.0021308735013008118, -0.0005419142544269562, 0.0010470449924468994, 0.002636004239320755, 0.004224963486194611, 0.005813922733068466, 0.007402881979942322, 0.008991841226816177, 0.010580800473690033, 0.012169759720563889, 0.013758718967437744, 0.0153476782143116, 0.016936637461185455, 0.01852559670805931, 0.020114555954933167, 0.021703515201807022, 0.023292474448680878, 0.024881433695554733, 0.02647039294242859, 0.028059352189302444, 0.0296483114361763, 0.031237270683050156, 0.03282622992992401, 0.03441518917679787, 0.03600414842367172, 0.03759310767054558, 0.039182066917419434, 0.04077102616429329, 0.042359985411167145]}, "gradients/graph_26spatial.1.weight": {"_type": "histogram", "values": [1.0, 0.0, 0.0, 1.0, 0.0, 2.0, 0.0, 0.0, 1.0, 0.0, 1.0, 0.0, 0.0, 0.0, 0.0, 0.0, 1.0, 0.0, 2.0, 2.0, 0.0, 0.0, 0.0, 2.0, 0.0, 1.0, 0.0, 1.0, 0.0, 1.0, 1.0, 1.0, 1.0, 1.0, 2.0, 3.0, 1.0, 2.0, 2.0, 0.0, 0.0, 1.0, 3.0, 1.0, 0.0, 0.0, 0.0, 1.0, 0.0, 1.0, 0.0, 0.0, 0.0, 1.0, 0.0, 0.0, 0.0, 0.0, 0.0, 1.0, 0.0, 0.0, 0.0, 1.0], "bins": [-0.07296298444271088, -0.07074552774429321, -0.06852807104587555, -0.06631061434745789, -0.06409315764904022, -0.06187570095062256, -0.0596582405269146, -0.05744078382849693, -0.05522332713007927, -0.053005870431661606, -0.05078841373324394, -0.04857095703482628, -0.04635349661111832, -0.04413603991270065, -0.04191858321428299, -0.039701126515865326, -0.03748366981744766, -0.03526621311903, -0.033048756420612335, -0.030831297859549522, -0.02861384116113186, -0.026396384462714195, -0.024178925901651382, -0.02196146920323372, -0.019744012504816055, -0.01752655580639839, -0.015309098176658154, -0.013091640546917915, -0.010874183848500252, -0.008656727150082588, -0.00643926952034235, -0.004221811890602112, -0.002004362642765045, 0.00021309452131390572, 0.0024305516853928566, 0.0046480088494718075, 0.006865466013550758, 0.009082922711968422, 0.01130038034170866, 0.013517837971448898, 0.015735294669866562, 0.017952751368284225, 0.02017020806670189, 0.022387666627764702, 0.024605123326182365, 0.02682258002460003, 0.029040038585662842, 0.031257495284080505, 0.03347495198249817, 0.03569240868091583, 0.037909865379333496, 0.04012732207775116, 0.04234477877616882, 0.04456223547458649, 0.04677969589829445, 0.04899715259671211, 0.051214609295129776, 0.05343206599354744, 0.0556495226919651, 0.05786697939038277, 0.06008443981409073, 0.06230189651250839, 0.06451935321092606, 0.06673680990934372, 0.06895426660776138]}, "gradients/graph_26spatial.1.bias": {"_type": "histogram", "values": [2.0, 0.0, 1.0, 0.0, 0.0, 0.0, 2.0, 0.0, 0.0, 1.0, 0.0, 0.0, 0.0, 0.0, 0.0, 2.0, 2.0, 2.0, 0.0, 0.0, 1.0, 0.0, 0.0, 1.0, 1.0, 0.0, 1.0, 1.0, 0.0, 0.0, 0.0, 2.0, 1.0, 3.0, 2.0, 2.0, 1.0, 1.0, 2.0, 1.0, 1.0, 0.0, 0.0, 1.0, 1.0, 1.0, 0.0, 0.0, 0.0, 0.0, 0.0, 0.0, 0.0, 0.0, 1.0, 0.0, 0.0, 1.0, 0.0, 0.0, 0.0, 1.0, 0.0, 1.0], "bins": [-0.09569861739873886, -0.09249638020992279, -0.08929414302110672, -0.08609190583229065, -0.08288966864347458, -0.07968743145465851, -0.07648520171642303, -0.07328295707702637, -0.0700807273387909, -0.06687849014997482, -0.06367625296115875, -0.06047401577234268, -0.05727177858352661, -0.05406954139471054, -0.05086730793118477, -0.0476650707423687, -0.04446282982826233, -0.04126059263944626, -0.03805835545063019, -0.03485611826181412, -0.03165388107299805, -0.028451645746827126, -0.025249410420656204, -0.022047173231840134, -0.01884493976831436, -0.01564270257949829, -0.012440466322004795, -0.0092382300645113, -0.006035992875695229, -0.002833755686879158, 0.0003684796392917633, 0.003570716828107834, 0.0067729651927948, 0.00997520238161087, 0.013177438639104366, 0.016379674896597862, 0.019581912085413933, 0.022784149274230003, 0.025986384600400925, 0.029188621789216995, 0.032390862703323364, 0.035593099892139435, 0.038795337080955505, 0.041997574269771576, 0.045199811458587646, 0.04840204864740372, 0.05160428211092949, 0.05480651929974556, 0.05800875276327133, 0.0612109899520874, 0.06441322714090347, 0.06761546432971954, 0.07081770151853561, 0.07401993870735168, 0.07722216844558716, 0.08042441308498383, 0.0836266428232193, 0.08682888001203537, 0.09003111720085144, 0.09323335438966751, 0.09643559157848358, 0.09963782876729965, 0.10284006595611572, 0.1060422956943512, 0.10924454033374786]}, "gradients/graph_26spatial.0.weight": {"_type": "histogram",