{"batch loss": 1.0831897258758545, "_timestamp": 1651759947, "_runtime": 51, "_step": 47, "epoch": 0, "train/train_loss": 1.1155855798721312, "train/train_acc": 0.35152284263959394, "train/train_f1": 0.3496757504799539, "val/val_loss": 1.1170090834299724, "val/vaL_acc": 0.32905982905982906, "val/val_f1": 0.32839562838425557}