{"batch loss": 0.9913409352302551, "_timestamp": 1651842563, "_runtime": 28, "_step": 22, "epoch": 0, "train/train_loss": 1.0802133652296932, "train/train_acc": 0.3893886543051221, "train/train_f1": 0.35725456994483795, "val/val_loss": 1.069678442818778, "val/vaL_acc": 0.44387427838357923, "val/val_f1": 0.41464516633319287, "_wandb": {"runtime": 25}}