{"batch loss": 0.7950348854064941, "_timestamp": 1651812717, "_runtime": 387, "_step": 649, "epoch": 24, "train/train_loss": 0.7669714093208313, "train/train_acc": 0.652760152284264, "train/train_f1": 0.647747536406023, "val/val_loss": 0.9858971834182739, "val/vaL_acc": 0.5598290598290598, "val/val_f1": 0.5519965679107824, "gradients/graph_55fc2.bias": {"_type": "histogram", "values": [1.0, 0.0, 0.0, 0.0, 0.0, 0.0, 0.0, 0.0, 0.0, 0.0, 0.0, 0.0, 0.0, 0.0, 0.0, 0.0, 0.0, 0.0, 0.0, 0.0, 0.0, 0.0, 0.0, 0.0, 0.0, 0.0, 0.0, 0.0, 0.0, 0.0, 0.0, 0.0, 0.0, 0.0, 0.0, 0.0, 0.0, 0.0, 0.0, 0.0, 0.0, 0.0, 1.0, 0.0, 0.0, 0.0, 0.0, 0.0, 0.0, 0.0, 0.0, 0.0, 0.0, 0.0, 0.0, 0.0, 0.0, 0.0, 0.0, 0.0, 0.0, 0.0, 0.0, 1.0], "bins": [-0.10652858018875122, -0.1035136803984642, -0.10049878060817719, -0.09748388081789017, -0.09446898102760315, -0.09145407378673553, -0.08843918144702911, -0.0854242742061615, -0.08240937441587448, -0.07939447462558746, -0.07637957483530045, -0.07336467504501343, -0.07034977525472641, -0.06733487546443939, -0.06431996822357178, -0.06130506843328476, -0.05829017236828804, -0.05527527257800102, -0.052260372787714005, -0.04924546927213669, -0.04623056948184967, -0.04321566969156265, -0.040200769901275635, -0.03718587011098862, -0.0341709703207016, -0.03115607053041458, -0.028141168877482414, -0.025126269087195396, -0.02211136743426323, -0.01909646764397621, -0.016081567853689194, -0.013066666200757027, -0.01005176454782486, -0.007036863826215267, -0.004021963570266962, -0.001007063314318657, 0.0020078374072909355, 0.005022738128900528, 0.008037637919187546, 0.011052539572119713, 0.01406744122505188, 0.017082341015338898, 0.020097242668271065, 0.023112142458558083, 0.02612704411149025, 0.029141943901777267, 0.032156843692064285, 0.0351717472076416, 0.03818664327263832, 0.04120154306292534, 0.04421644285321236, 0.04723134636878967, 0.05024624615907669, 0.05326114594936371, 0.056276045739650726, 0.059290945529937744, 0.06230584532022476, 0.06532074511051178, 0.0683356449007988, 0.07135054469108582, 0.07436544448137283, 0.07738034427165985, 0.08039525151252747, 0.08341015130281448, 0.0864250510931015]}, "gradients/graph_55fc2.weight": {"_type": "histogram", "values": [1.0, 0.0, 0.0, 0.0, 0.0, 0.0, 3.0, 0.0, 2.0, 7.0, 2.0, 5.0, 3.0, 7.0, 6.0, 8.0, 16.0, 13.0, 11.0, 19.0, 17.0, 16.0, 9.0, 7.0, 8.0, 3.0, 4.0, 3.0, 1.0, 2.0, 2.0, 3.0, 4.0, 7.0, 11.0, 16.0, 15.0, 20.0, 13.0, 15.0, 14.0, 10.0, 11.0, 8.0, 9.0, 8.0, 14.0, 8.0, 17.0, 14.0, 22.0, 22.0, 18.0, 14.0, 6.0, 6.0, 6.0, 6.0, 4.0, 7.0, 4.0, 1.0, 0.0, 2.0], "bins": [-0.05575072020292282, -0.05421705171465874, -0.05268338322639465, -0.05114971101284027, -0.04961604252457619, -0.0480823740363121, -0.04654870182275772, -0.04501503333449364, -0.04348136484622955, -0.04194769635796547, -0.040414027869701385, -0.038880355656147, -0.03734668716788292, -0.035813018679618835, -0.03427934646606445, -0.03274567797780037, -0.031212009489536285, -0.0296783410012722, -0.02814467065036297, -0.026611000299453735, -0.02507733181118965, -0.023543663322925568, -0.022009992972016335, -0.0204763226211071, -0.018942654132843018, -0.017408985644578934, -0.0158753152936697, -0.014341645874083042, -0.012807976454496384, -0.011274307034909725, -0.009740637615323067, -0.008206968195736408, -0.006673295050859451, -0.005139625631272793, -0.0036059562116861343, -0.002072286792099476, -0.0005386173725128174, 0.000995052047073841, 0.0025287214666604996, 0.004062390886247158, 0.0055960603058338165, 0.007129729725420475, 0.008663399145007133, 0.010197068564593792, 0.01173073798418045, 0.013264407403767109, 0.014798076823353767, 0.016331747174263, 0.017865415662527084, 0.019399084150791168, 0.0209327545017004, 0.022466424852609634, 0.024000093340873718, 0.025533761829137802, 0.027067432180047035, 0.02860110253095627, 0.030134771019220352, 0.031668439507484436, 0.03320211172103882, 0.0347357802093029, 0.036269448697566986, 0.03780311718583107, 0.039336785674095154, 0.040870457887649536, 0.04240412637591362]}, "gradients/graph_55spatial.1.weight": {"_type": "histogram", "values": [1.0, 0.0, 0.0, 0.0, 0.0, 0.0, 0.0, 0.0, 0.0, 0.0, 1.0, 2.0, 0.0, 0.0, 0.0, 1.0, 0.0, 0.0, 0.0, 0.0, 1.0, 0.0, 0.0, 0.0, 0.0, 0.0, 0.0, 0.0, 0.0, 0.0, 0.0, 0.0, 0.0, 0.0, 0.0, 0.0, 0.0, 0.0, 0.0, 0.0, 0.0, 0.0, 0.0, 0.0, 0.0, 0.0, 0.0, 1.0, 0.0, 0.0, 0.0, 0.0, 0.0, 0.0, 1.0, 0.0, 0.0, 1.0, 0.0, 0.0, 0.0, 0.0, 0.0, 1.0], "bins": [-0.274364709854126, -0.26522284746170044, -0.2560809850692749, -0.24693910777568817, -0.23779724538326263, -0.2286553680896759, -0.21951350569725037, -0.21037164330482483, -0.2012297809123993, -0.19208791851997375, -0.18294604122638702, -0.1738041788339615, -0.16466231644153595, -0.15552043914794922, -0.14637857675552368, -0.13723671436309814, -0.1280948370695114, -0.11895296722650528, -0.10981110483407974, -0.10066923499107361, -0.09152737259864807, -0.08238550275564194, -0.0732436329126358, -0.06410177052021027, -0.054959893226623535, -0.0458180271089077, -0.036676160991191864, -0.02753429114818573, -0.018392425030469894, -0.009250558912754059, -0.0001086890697479248, 0.009033173322677612, 0.01817503571510315, 0.027316901832818985, 0.03645876795053482, 0.045600637793540955, 0.05474250391125679, 0.06388437002897263, 0.07302623987197876, 0.0821681022644043, 0.09130996465682983, 0.10045183449983597, 0.1095936968922615, 0.11873556673526764, 0.12787742912769318, 0.1370193064212799, 0.14616116881370544, 0.15530303120613098, 0.1644449084997177, 0.17358677089214325, 0.18272864818572998, 0.19187051057815552, 0.20101237297058105, 0.2101542353630066, 0.21929611265659332, 0.22843797504901886, 0.2375798523426056, 0.24672171473503113, 0.25586357712745667, 0.2650054693222046, 0.2741473317146301, 0.28328919410705566, 0.2924310564994812, 0.30157291889190674, 0.3107147812843323]}, "gradients/graph_55spatial.1.bias": {"_type": "histogram", "values": [1.0, 0.0, 0.0, 0.0, 0.0, 0.0, 0.0, 2.0, 0.0, 0.0, 1.0, 0.0, 0.0, 1.0, 0.0, 0.0, 0.0, 0.0, 1.0, 0.0, 0.0, 0.0, 0.0, 0.0, 0.0, 0.0, 0.0, 0.0, 0.0, 0.0, 0.0, 0.0, 0.0, 0.0, 0.0, 0.0, 0.0, 0.0, 0.0, 0.0, 0.0, 0.0, 0.0, 0.0, 0.0, 0.0, 0.0, 1.0, 0.0, 0.0, 1.0, 0.0, 0.0, 0.0, 0.0, 0.0, 1.0, 0.0, 0.0, 0.0, 0.0, 0.0, 0.0, 1.0], "bins": [-0.3261673152446747, -0.3145292401313782, -0.3028911352157593, -0.29125306010246277, -0.27961498498916626, -0.26797688007354736, -0.25633880496025085, -0.24470071494579315, -0.23306262493133545, -0.22142453491687775, -0.20978644490242004, -0.19814836978912354, -0.18651027977466583, -0.17487218976020813, -0.16323411464691162, -0.15159602463245392, -0.13995793461799622, -0.1283198446035385, -0.11668176203966141, -0.1050436794757843, -0.0934055894613266, -0.0817674994468689, -0.07012941688299179, -0.058491334319114685, -0.04685324430465698, -0.03521515801548958, -0.023577071726322174, -0.01193898543715477, -0.0003008991479873657, 0.011337187141180038, 0.022975273430347443, 0.03461335599422455, 0.04625144600868225, 0.057889532297849655, 0.06952761858701706, 0.08116570115089417, 0.09280379116535187, 0.10444188117980957, 0.11607996374368668, 0.12771804630756378, 0.13935613632202148, 0.1509942263364792, 0.1626323163509369, 0.1742703914642334, 0.1859084814786911, 0.1975465714931488, 0.2091846466064453, 0.22082273662090302, 0.23246082663536072, 0.24409891664981842, 0.2557370066642761, 0.26737508177757263, 0.27901315689086914, 0.29065126180648804, 0.30228933691978455, 0.31392741203308105, 0.32556551694869995, 0.33720359206199646, 0.34884169697761536, 0.36047977209091187, 0.37211787700653076, 0.38375595211982727, 0.3953940272331238, 0.4070321321487427, 0.4186702072620392]}, "gradients/graph_55spatial.0.weight": {"_type": "histogram", "values": [1.0, 0.0, 0.0, 0.0, 0.0, 0.0, 0.0, 0.0, 0.0, 1.0, 0.0, 1.0, 1.0, 0.0, 4.0, 3.0, 2.0, 6.0, 10.0, 9.0, 17.0, 19.0, 23.0, 36.0, 32.0, 45.0, 70.0, 82.0, 87.0, 79.0, 60.0, 52.0, 43.0, 24.0, 28.0, 13.0, 10.0, 5.0, 9.0, 6.0, 4.0, 1.0, 3.0, 4.0, 3.0, 2.0, 0.0, 0.0, 0.0, 1.0, 1.0, 0.0, 0.0, 0.0, 0.0, 0.0, 1.0, 0.0, 1.0, 0.0, 0.0, 0.0, 0.0, 1.0],