{"batch loss": 0.7742958664894104, "_timestamp": 1651754660, "_runtime": 431, "_step": 1979, "epoch": 19, "train/train_loss": 0.7894640820366996, "train/train_acc": 41.714285714285715, "train/train_f1": 0.6523674072329355, "val/val_loss": 1.237639491374676, "val/vaL_acc": 22.615384615384617, "val/val_f1": 0.39490493832287943, "gradients/graph_1fc2.bias": {"_type": "histogram", "values": [1.0, 0.0, 0.0, 0.0, 0.0, 0.0, 0.0, 0.0, 0.0, 0.0, 0.0, 0.0, 0.0, 0.0, 0.0, 0.0, 0.0, 1.0, 0.0, 0.0, 0.0, 0.0, 0.0, 0.0, 0.0, 0.0, 0.0, 0.0, 0.0, 0.0, 0.0, 0.0, 0.0, 0.0, 0.0, 0.0, 0.0, 0.0, 0.0, 0.0, 0.0, 0.0, 0.0, 0.0, 0.0, 0.0, 0.0, 0.0, 0.0, 0.0, 0.0, 0.0, 0.0, 0.0, 0.0, 0.0, 0.0, 0.0, 0.0, 0.0, 0.0, 0.0, 0.0, 1.0], "bins": [-0.06753001362085342, -0.06504549086093903, -0.06256096810102463, -0.06007644534111023, -0.05759192258119583, -0.05510739982128143, -0.05262288078665733, -0.050138358026742935, -0.04765383526682854, -0.04516931250691414, -0.04268478974699974, -0.04020026698708534, -0.03771574795246124, -0.035231225192546844, -0.032746702432632446, -0.030262179672718048, -0.02777765691280365, -0.02529313415288925, -0.022808611392974854, -0.020324090495705605, -0.017839567735791206, -0.015355044975876808, -0.012870523147284985, -0.010386001318693161, -0.007901478558778763, -0.005416956264525652, -0.002932433970272541, -0.00044791167601943016, 0.0020366106182336807, 0.004521133378148079, 0.0070056552067399025, 0.009490177035331726, 0.011974707245826721, 0.01445923000574112, 0.016943752765655518, 0.019428273662924767, 0.021912796422839165, 0.024397319182753563, 0.026881840080022812, 0.02936636283993721, 0.03185088559985161, 0.034335408359766006, 0.036819931119680405, 0.0393044538795948, 0.0417889729142189, 0.0442734956741333, 0.0467580184340477, 0.0492425411939621, 0.051727063953876495, 0.054211586713790894, 0.05669610947370529, 0.05918063223361969, 0.06166515499353409, 0.06414967775344849, 0.06663420051336288, 0.06911872327327728, 0.07160323858261108, 0.07408776134252548, 0.07657228410243988, 0.07905680686235428, 0.08154132962226868, 0.08402585238218307, 0.08651037514209747, 0.08899489045143127, 0.09147942066192627]}, "gradients/graph_1fc2.weight": {"_type": "histogram", "values": [1.0, 0.0, 0.0, 0.0, 0.0, 1.0, 1.0, 1.0, 2.0, 1.0, 1.0, 1.0, 5.0, 3.0, 7.0, 1.0, 6.0, 3.0, 4.0, 9.0, 11.0, 9.0, 19.0, 17.0, 11.0, 21.0, 25.0, 26.0, 31.0, 26.0, 27.0, 41.0, 35.0, 32.0, 44.0, 31.0, 33.0, 37.0, 41.0, 39.0, 36.0, 27.0, 23.0, 25.0, 16.0, 31.0, 29.0, 21.0, 14.0, 12.0, 14.0, 11.0, 9.0, 6.0, 1.0, 4.0, 6.0, 3.0, 3.0, 2.0, 0.0, 1.0, 1.0, 2.0], "bins": [-0.085353322327137, -0.0829680860042572, -0.08058284223079681, -0.07819760590791702, -0.07581236958503723, -0.07342712581157684, -0.07104188948869705, -0.06865665316581726, -0.06627140939235687, -0.06388617306947708, -0.06150093302130699, -0.0591156929731369, -0.05673045665025711, -0.05434521660208702, -0.05195997655391693, -0.04957474023103714, -0.04718950390815735, -0.04480426385998726, -0.04241902753710747, -0.04003378748893738, -0.03764855116605759, -0.0352633111178875, -0.03287807106971741, -0.030492832884192467, -0.028107594698667526, -0.025722356513142586, -0.023337118327617645, -0.020951878279447556, -0.018566640093922615, -0.016181401908397675, -0.01379616279155016, -0.011410923674702644, -0.0090256929397583, -0.006640454288572073, -0.004255215637385845, -0.0018699769861996174, 0.0005152616649866104, 0.002900499850511551, 0.005285738967359066, 0.007670978084206581, 0.010056216269731522, 0.012441454455256462, 0.014826693572103977, 0.017211932688951492, 0.019597170874476433, 0.021982409060001373, 0.024367649108171463, 0.026752887293696404, 0.029138125479221344, 0.031523365527391434, 0.033908601850271225, 0.036293841898441315, 0.038679078221321106, 0.041064318269491196, 0.043449558317661285, 0.04583479464054108, 0.048220034688711166, 0.050605274736881256, 0.05299051105976105, 0.05537575110793114, 0.05776099115610123, 0.06014622747898102, 0.06253146380186081, 0.0649167075753212, 0.06730194389820099]}, "gradients/graph_1spatial.1.weight": {"_type": "histogram", "values": [1.0, 0.0, 0.0, 0.0, 0.0, 0.0, 0.0, 1.0, 0.0, 0.0, 0.0, 0.0, 1.0, 0.0, 0.0, 0.0, 0.0, 0.0, 0.0, 0.0, 0.0, 0.0, 1.0, 0.0, 0.0, 0.0, 0.0, 0.0, 0.0, 0.0, 0.0, 0.0, 0.0, 1.0, 1.0, 0.0, 0.0, 0.0, 0.0, 1.0, 0.0, 0.0, 0.0, 0.0, 0.0, 0.0, 0.0, 0.0, 0.0, 0.0, 0.0, 0.0, 0.0, 0.0, 0.0, 1.0, 0.0, 0.0, 0.0, 0.0, 0.0, 0.0, 1.0, 1.0], "bins": [-0.16109482944011688, -0.15667182207107544, -0.1522488296031952, -0.14782582223415375, -0.1434028297662735, -0.13897982239723206, -0.1345568299293518, -0.13013382256031036, -0.12571081519126892, -0.12128781527280807, -0.11686481535434723, -0.11244180798530579, -0.10801880806684494, -0.1035958081483841, -0.09917280822992325, -0.0947498083114624, -0.09032680839300156, -0.08590380847454071, -0.08148080855607986, -0.07705780863761902, -0.07263480126857758, -0.06821180135011673, -0.06378880143165588, -0.05936580151319504, -0.05494280159473419, -0.050519801676273346, -0.0460967980325222, -0.041673798114061356, -0.03725079447031021, -0.032827794551849365, -0.02840479463338852, -0.023981792852282524, -0.01955878734588623, -0.015135785564780235, -0.010712784714996815, -0.006289783865213394, -0.001866782084107399, 0.002556219696998596, 0.006979219615459442, 0.011402221396565437, 0.01582522690296173, 0.020248228684067726, 0.02467123046517372, 0.029094230383634567, 0.03351723402738571, 0.03794023394584656, 0.042363233864307404, 0.04678623378276825, 0.051209233701229095, 0.05563223361968994, 0.060055237263441086, 0.06447823345661163, 0.06890124082565308, 0.07332424074411392, 0.07774724066257477, 0.08217024058103561, 0.08659324049949646, 0.0910162404179573, 0.09543924033641815, 0.0998622477054596, 0.10428524762392044, 0.10870824754238129, 0.11313124746084213, 0.11755424737930298, 0.12197725474834442]}, "gradients/graph_1spatial.1.bias": {"_type": "histogram", "values": [1.0, 0.0, 0.0, 0.0, 0.0, 0.0, 1.0, 0.0, 1.0, 0.0, 0.0, 0.0, 0.0, 0.0, 0.0, 0.0, 0.0, 0.0, 0.0, 0.0, 0.0, 0.0, 0.0, 0.0, 0.0, 0.0, 1.0, 0.0, 0.0, 0.0, 0.0, 0.0, 0.0, 0.0, 0.0, 0.0, 0.0, 0.0, 1.0, 0.0, 0.0, 1.0, 0.0, 0.0, 0.0, 0.0, 0.0, 0.0, 1.0, 0.0, 0.0, 0.0, 0.0, 0.0, 0.0, 0.0, 0.0, 0.0, 0.0, 0.0, 0.0, 1.0, 0.0, 2.0], "bins": [-0.39556238055229187, -0.3852769136428833, -0.37499144673347473, -0.36470600962638855, -0.35442054271698, -0.3441350758075714, -0.33384960889816284, -0.3235641419887543, -0.3132786750793457, -0.30299320816993713, -0.29270774126052856, -0.2824223041534424, -0.2721368372440338, -0.26185137033462524, -0.2515659034252167, -0.2412804365158081, -0.23099499940872192, -0.22070953249931335, -0.21042408049106598, -0.2001386135816574, -0.18985316157341003, -0.17956769466400146, -0.1692822277545929, -0.15899676084518433, -0.14871130883693695, -0.13842584192752838, -0.128140389919281, -0.11785492300987244, -0.10756946355104446, -0.09728400409221649, -0.08699853718280792, -0.07671307772397995, -0.06642761826515198, -0.056142158806324005, -0.045856695622205734, -0.03557123243808746, -0.02528577297925949, -0.015000313520431519, -0.004714850336313248, 0.005570612847805023, 0.015856072306632996, 0.026141533628106117, 0.03642699494957924, 0.04671245813369751, 0.05699791759252548, 0.06728337705135345, 0.07756884396076202, 0.08785430341959, 0.09813976287841797, 0.10842522233724594, 0.11871068179607391, 0.12899614870548248, 0.13928160071372986, 0.14956706762313843, 0.159852534532547, 0.17013800144195557, 0.18042345345020294, 0.1907089203596115, 0.2009943723678589, 0.21127983927726746, 0.22156530618667603, 0.2318507581949234, 0.24213622510433197, 0.25242167711257935, 0.2627071440219879]}, "gradients/graph_1spatial.0.weight": {"_type": "histogram",