{"batch loss": 0.8260613083839417, "_timestamp": 1651872023, "_runtime": 513, "_step": 689, "epoch": 29, "train/train_loss": 0.876092179255052, "train/train_acc": 0.5777492197539931, "train/train_f1": 0.5773271005986219, "val/val_loss": 0.9857373493058341, "val/vaL_acc": 0.5060936497754971, "val/val_f1": 0.4995011398088616, "gradients/graph_41fc2.bias": {"_type": "histogram", "values": [1.0, 0.0, 0.0, 0.0, 0.0, 0.0, 0.0, 0.0, 0.0, 0.0, 0.0, 0.0, 0.0, 0.0, 0.0, 0.0, 0.0, 0.0, 0.0, 0.0, 0.0, 0.0, 0.0, 0.0, 0.0, 0.0, 0.0, 0.0, 0.0, 0.0, 0.0, 0.0, 0.0, 0.0, 0.0, 0.0, 0.0, 0.0, 0.0, 0.0, 0.0, 0.0, 0.0, 0.0, 0.0, 0.0, 0.0, 0.0, 0.0, 0.0, 0.0, 0.0, 0.0, 0.0, 0.0, 0.0, 1.0, 0.0, 0.0, 0.0, 0.0, 0.0, 0.0, 1.0], "bins": [-0.01645209640264511, -0.016043294221162796, -0.01563449390232563, -0.01522569265216589, -0.01481689140200615, -0.014408090151846409, -0.013999288901686668, -0.013590486720204353, -0.013181686401367188, -0.012772885151207447, -0.012364083901047707, -0.011955282650887966, -0.011546481400728226, -0.011137680150568485, -0.010728878900408745, -0.01032007671892643, -0.00991127546876669, -0.009502474218606949, -0.009093672968447208, -0.008684871718287468, -0.008276070468127728, -0.007867269217967987, -0.007458467502146959, -0.007049666251987219, -0.006640864536166191, -0.006232063286006451, -0.00582326203584671, -0.00541446078568697, -0.005005659535527229, -0.004596858285367489, -0.004188056569546461, -0.0037792553193867207, -0.0033704545348882675, -0.002961653284728527, -0.0025528520345687866, -0.0021440505515784025, -0.001735249301418662, -0.0013264480512589216, -0.0009176465682685375, -0.0005088453181087971, -0.00010004453361034393, 0.00030875677475705743, 0.0007175580831244588, 0.001126359449699521, 0.0015351606998592615, 0.001943961950019002, 0.002352763433009386, 0.0027615646831691265, 0.0031703663989901543, 0.0035791676491498947, 0.003987968899309635, 0.004396770149469376, 0.004805571399629116, 0.0052143726497888565, 0.005623174365609884, 0.006031975615769625, 0.006440776865929365, 0.006849578116089106, 0.007258379366248846, 0.007667181082069874, 0.008075982332229614, 0.008484783582389355, 0.008893584832549095, 0.009302386082708836, 0.009711187332868576]}, "gradients/graph_41fc2.weight": {"_type": "histogram", "values": [2.0, 0.0, 1.0, 2.0, 3.0, 3.0, 0.0, 4.0, 2.0, 3.0, 3.0, 3.0, 4.0, 7.0, 1.0, 9.0, 9.0, 10.0, 10.0, 9.0, 11.0, 10.0, 20.0, 19.0, 19.0, 18.0, 22.0, 22.0, 19.0, 22.0, 19.0, 13.0, 11.0, 19.0, 17.0, 20.0, 21.0, 17.0, 12.0, 18.0, 19.0, 17.0, 7.0, 9.0, 8.0, 4.0, 17.0, 11.0, 4.0, 7.0, 7.0, 5.0, 5.0, 2.0, 1.0, 2.0, 1.0, 1.0, 2.0, 2.0, 0.0, 1.0, 2.0, 2.0], "bins": [-0.02800012193620205, -0.027114342898130417, -0.026228565722703934, -0.02534278854727745, -0.024457009509205818, -0.023571230471134186, -0.022685453295707703, -0.02179967612028122, -0.020913897082209587, -0.020028118044137955, -0.01914234086871147, -0.01825656369328499, -0.017370784655213356, -0.016485005617141724, -0.01559922844171524, -0.014713450334966183, -0.013827672228217125, -0.012941894121468067, -0.01205611601471901, -0.011170337907969952, -0.010284559801220894, -0.009398781694471836, -0.008513003587722778, -0.0076272254809737206, -0.006741447374224663, -0.005855669267475605, -0.004969891160726547, -0.0040841130539774895, -0.0031983349472284317, -0.002312556840479374, -0.0014267787337303162, -0.0005410006269812584, 0.00034477561712265015, 0.001230553723871708, 0.0021163318306207657, 0.0030021099373698235, 0.0038878880441188812, 0.004773666150867939, 0.005659444257616997, 0.0065452223643660545, 0.007431000471115112, 0.00831677857786417, 0.009202556684613228, 0.010088334791362286, 0.010974112898111343, 0.011859891004860401, 0.012745669111609459, 0.013631447218358517, 0.014517225325107574, 0.015403003431856632, 0.01628878153860569, 0.017174560576677322, 0.018060337752103806, 0.01894611492753029, 0.01983189396560192, 0.020717673003673553, 0.021603450179100037, 0.02248922735452652, 0.023375006392598152, 0.024260785430669785, 0.025146562606096268, 0.02603233978152275, 0.026918118819594383, 0.027803897857666016, 0.0286896750330925]}, "gradients/graph_41spatial.1.weight": {"_type": "histogram", "values": [1.0, 0.0, 0.0, 0.0, 0.0, 0.0, 0.0, 0.0, 0.0, 0.0, 0.0, 0.0, 0.0, 1.0, 0.0, 0.0, 0.0, 0.0, 0.0, 0.0, 0.0, 0.0, 0.0, 0.0, 0.0, 0.0, 0.0, 1.0, 0.0, 1.0, 0.0, 0.0, 0.0, 0.0, 0.0, 0.0, 0.0, 0.0, 0.0, 0.0, 0.0, 0.0, 0.0, 0.0, 1.0, 1.0, 1.0, 0.0, 0.0, 0.0, 1.0, 0.0, 0.0, 0.0, 0.0, 0.0, 0.0, 1.0, 0.0, 0.0, 0.0, 0.0, 0.0, 1.0], "bins": [-0.058054834604263306, -0.05666022002696991, -0.055265601724386215, -0.05387098714709282, -0.052476368844509125, -0.05108175426721573, -0.04968713968992233, -0.04829252511262894, -0.04689790681004524, -0.045503292232751846, -0.04410867393016815, -0.042714059352874756, -0.04131944477558136, -0.039924826472997665, -0.03853021189570427, -0.037135593593120575, -0.03574097901582718, -0.03434636443853378, -0.03295174613595009, -0.03155713155865669, -0.030162515118718147, -0.028767898678779602, -0.027373284101486206, -0.02597866766154766, -0.024584051221609116, -0.02318943478167057, -0.021794818341732025, -0.02040020376443863, -0.019005587324500084, -0.01761097088456154, -0.016216356307268143, -0.014821739867329597, -0.01342712715268135, -0.012032510712742805, -0.010637895204126835, -0.009243279695510864, -0.007848663255572319, -0.006454047281295061, -0.005059431307017803, -0.0036648157984018326, -0.0022701993584632874, -0.0008755833841860294, 0.0005190325900912285, 0.0019136485643684864, 0.0033082645386457443, 0.004702880512923002, 0.00609749648720026, 0.007492111995816231, 0.008886728435754776, 0.010281344875693321, 0.011675960384309292, 0.013070575892925262, 0.014465192332863808, 0.015859808772802353, 0.01725442335009575, 0.018649039790034294, 0.02004365622997284, 0.021438272669911385, 0.02283288910984993, 0.024227503687143326, 0.02562212012708187, 0.027016736567020416, 0.028411351144313812, 0.029805967584252357, 0.031200584024190903]}, "gradients/graph_41spatial.1.bias": {"_type": "histogram", "values": [1.0, 1.0, 0.0, 0.0, 0.0, 0.0, 0.0, 1.0, 0.0, 0.0, 0.0, 0.0, 0.0, 0.0, 0.0, 1.0, 0.0, 1.0, 1.0, 1.0, 0.0, 0.0, 0.0, 0.0, 1.0, 0.0, 0.0, 0.0, 0.0, 0.0, 0.0, 0.0, 0.0, 0.0, 0.0, 0.0, 0.0, 0.0, 0.0, 1.0, 0.0, 0.0, 0.0, 0.0, 0.0, 0.0, 0.0, 0.0, 0.0, 0.0, 0.0, 0.0, 0.0, 0.0, 0.0, 0.0, 0.0, 0.0, 0.0, 0.0, 0.0, 0.0, 0.0, 1.0], "bins": [-0.0350833497941494, -0.03347001597285271, -0.03185667842626572, -0.030243344604969025, -0.028630010783672333, -0.02701667696237564, -0.0254033412784338, -0.02379000559449196, -0.022176671773195267, -0.020563337951898575, -0.018950002267956734, -0.017336666584014893, -0.0157233327627182, -0.014109998010098934, -0.012496663257479668, -0.010883328504860401, -0.009269993752241135, -0.007656658999621868, -0.006043324247002602, -0.004429989494383335, -0.0028166547417640686, -0.001203319989144802, 0.0004100147634744644, 0.002023349516093731, 0.0036366842687129974, 0.005250019021332264, 0.0068633537739515305, 0.008476688526570797, 0.010090023279190063, 0.01170335803180933, 0.013316692784428596, 0.014930027537047863, 0.016543366014957428, 0.01815669983625412, 0.01977003552019596, 0.021383371204137802, 0.022996705025434494, 0.024610038846731186, 0.026223374530673027, 0.027836710214614868, 0.02945004403591156, 0.031063377857208252, 0.032676711678504944, 0.034290049225091934, 0.035903383046388626, 0.03751671686768532, 0.03913005441427231, 0.040743388235569, 0.04235672205686569, 0.043970055878162384, 0.045583389699459076, 0.047196727246046066, 0.04881006106734276, 0.05042339488863945, 0.05203673243522644, 0.05365006625652313, 0.055263400077819824, 0.056876733899116516, 0.05849006772041321, 0.0601034052670002, 0.06171673908829689, 0.06333007663488388, 0.06494341045618057, 0.06655674427747726, 0.06817007809877396]}, "gradients/graph_41spatial.0.weight": {"_type": "histogram",