{"batch loss": 0.8079805374145508, "_timestamp": 1651823901, "_runtime": 495, "_step": 649, "epoch": 24, "train/train_loss": 0.8432959389686584, "train/train_acc": 0.6191307106598984, "train/train_f1": 0.6189895236044147, "val/val_loss": 0.8596519231796265, "val/vaL_acc": 0.5769230769230769, "val/val_f1": 0.5773432707197671, "gradients/graph_65fc2.bias": {"_type": "histogram", "values": [1.0, 0.0, 0.0, 0.0, 0.0, 0.0, 0.0, 0.0, 0.0, 0.0, 0.0, 0.0, 0.0, 0.0, 0.0, 0.0, 0.0, 0.0, 0.0, 0.0, 0.0, 0.0, 0.0, 0.0, 0.0, 0.0, 0.0, 0.0, 0.0, 0.0, 0.0, 0.0, 0.0, 0.0, 0.0, 0.0, 0.0, 0.0, 0.0, 0.0, 0.0, 0.0, 0.0, 0.0, 0.0, 0.0, 0.0, 0.0, 0.0, 0.0, 1.0, 0.0, 0.0, 0.0, 0.0, 0.0, 0.0, 0.0, 0.0, 0.0, 0.0, 0.0, 0.0, 1.0], "bins": [-0.097884900867939, -0.09531675279140472, -0.09274861216545105, -0.09018046408891678, -0.08761231601238251, -0.08504417538642883, -0.08247602730989456, -0.07990787923336029, -0.07733973860740662, -0.07477159053087234, -0.07220344990491867, -0.0696353018283844, -0.06706716120243073, -0.06449901312589645, -0.06193086504936218, -0.05936272069811821, -0.05679457634687424, -0.054226431995630264, -0.05165828764438629, -0.04909013956785202, -0.04652199521660805, -0.043953850865364075, -0.0413857027888298, -0.03881755843758583, -0.03624941408634186, -0.033681269735097885, -0.031113123521208763, -0.02854497730731964, -0.02597683295607567, -0.023408688604831696, -0.020840542390942574, -0.01827239617705345, -0.015704259276390076, -0.013136113993823528, -0.010567968711256981, -0.007999823428690434, -0.005431678146123886, -0.0028635328635573387, -0.0002953875809907913, 0.0022727586328983307, 0.0048409029841423035, 0.007409048266708851, 0.009977193549275398, 0.012545338831841946, 0.015113484114408493, 0.017681628465652466, 0.020249774679541588, 0.02281792089343071, 0.025386065244674683, 0.027954209595918655, 0.030522355809807777, 0.0330905020236969, 0.03565864637494087, 0.038226790726184845, 0.040794938802719116, 0.04336308315396309, 0.04593122750520706, 0.048499371856451035, 0.05106751620769501, 0.05363566428422928, 0.05620380863547325, 0.058771952986717224, 0.061340101063251495, 0.06390824913978577, 0.06647638976573944]}, "gradients/graph_65fc2.weight": {"_type": "histogram", "values": [1.0, 0.0, 2.0, 3.0, 1.0, 5.0, 2.0, 1.0, 1.0, 1.0, 1.0, 1.0, 5.0, 4.0, 2.0, 7.0, 5.0, 1.0, 5.0, 3.0, 5.0, 5.0, 5.0, 3.0, 1.0, 2.0, 5.0, 5.0, 6.0, 3.0, 7.0, 7.0, 6.0, 4.0, 7.0, 12.0, 7.0, 5.0, 4.0, 6.0, 8.0, 7.0, 3.0, 10.0, 7.0, 3.0, 3.0, 12.0, 5.0, 3.0, 2.0, 3.0, 2.0, 3.0, 0.0, 2.0, 2.0, 3.0, 4.0, 1.0, 0.0, 0.0, 0.0, 1.0], "bins": [-0.03685235604643822, -0.03572980687022209, -0.034607257694005966, -0.03348470851778984, -0.032362159341573715, -0.03123960830271244, -0.030117059126496315, -0.02899450808763504, -0.027871958911418915, -0.02674940973520279, -0.025626860558986664, -0.02450431138277054, -0.023381760343909264, -0.022259211167693138, -0.021136661991477013, -0.020014110952615738, -0.01889156363904476, -0.017769014462828636, -0.01664646528661251, -0.01552391517907381, -0.01440136507153511, -0.013278815895318985, -0.01215626671910286, -0.01103371661156416, -0.009911168366670609, -0.008788619190454483, -0.007666069082915783, -0.0065435199066996574, -0.005420970264822245, -0.004298420622944832, -0.0031758714467287064, -0.0020533213391900063, -0.0009307712316513062, 0.00019177829381078482, 0.0013143278192728758, 0.002436877228319645, 0.0035594268701970577, 0.0046819765120744705, 0.005804525688290596, 0.006927075795829296, 0.008049625903367996, 0.009172175079584122, 0.010294725187122822, 0.011417274363338947, 0.012539824470877647, 0.013662373647093773, 0.014784922823309898, 0.015907473862171173, 0.01703002117574215, 0.018152570351958275, 0.0192751195281744, 0.020397670567035675, 0.0215202197432518, 0.022642768919467926, 0.02376531809568405, 0.024887867271900177, 0.026010416448116302, 0.027132965624332428, 0.028255514800548553, 0.02937806397676468, 0.030500615015625954, 0.03162316232919693, 0.032745711505413055, 0.03386826440691948, 0.034990813583135605]}, "gradients/graph_65spatial.1.weight": {"_type": "histogram", "values": [1.0, 0.0, 0.0, 0.0, 0.0, 0.0, 0.0, 1.0, 0.0, 0.0, 0.0, 1.0, 0.0, 0.0, 0.0, 1.0, 0.0, 0.0, 0.0, 0.0, 0.0, 0.0, 0.0, 0.0, 0.0, 0.0, 1.0, 0.0, 1.0, 0.0, 0.0, 0.0, 0.0, 0.0, 0.0, 0.0, 0.0, 1.0, 1.0, 0.0, 0.0, 0.0, 0.0, 0.0, 0.0, 0.0, 1.0, 0.0, 0.0, 0.0, 0.0, 0.0, 0.0, 0.0, 0.0, 0.0, 0.0, 0.0, 0.0, 0.0, 0.0, 0.0, 0.0, 1.0], "bins": [-0.06688999384641647, -0.06454745680093765, -0.06220492348074913, -0.05986238643527031, -0.05751985311508179, -0.055177316069602966, -0.052834779024124146, -0.050492241978645325, -0.0481497086584568, -0.04580717161297798, -0.04346463829278946, -0.04112210124731064, -0.03877956420183182, -0.036437030881643295, -0.034094493836164474, -0.03175196051597595, -0.02940942347049713, -0.02706688828766346, -0.024724353104829788, -0.022381816059350967, -0.020039280876517296, -0.017696745693683624, -0.015354209579527378, -0.013011673465371132, -0.01066913828253746, -0.008326603099703789, -0.005984066985547543, -0.0036415313370525837, -0.0012989956885576248, 0.0010435394942760468, 0.003386075608432293, 0.005728611722588539, 0.00807114690542221, 0.010413682088255882, 0.012756218202412128, 0.015098754316568375, 0.017441289499402046, 0.019783824682235718, 0.02212636172771454, 0.02446889691054821, 0.02681143209338188, 0.029153967276215553, 0.031496502459049225, 0.033839039504528046, 0.036181576550006866, 0.03852410987019539, 0.04086664691567421, 0.04320918023586273, 0.04555171728134155, 0.047894254326820374, 0.050236787647008896, 0.05257932469248772, 0.05492185801267624, 0.05726439505815506, 0.05960693210363388, 0.0619494691491127, 0.06429199874401093, 0.06663453578948975, 0.06897707283496857, 0.07131960242986679, 0.07366213947534561, 0.07600467652082443, 0.07834721356630325, 0.08068975061178207, 0.0830322876572609]}, "gradients/graph_65spatial.1.bias": {"_type": "histogram", "values": [1.0, 0.0, 1.0, 0.0, 0.0, 0.0, 0.0, 1.0, 0.0, 0.0, 0.0, 0.0, 1.0, 0.0, 1.0, 0.0, 0.0, 0.0, 0.0, 0.0, 0.0, 0.0, 0.0, 0.0, 0.0, 0.0, 0.0, 0.0, 0.0, 0.0, 0.0, 0.0, 1.0, 0.0, 0.0, 2.0, 0.0, 0.0, 0.0, 0.0, 0.0, 0.0, 0.0, 0.0, 0.0, 0.0, 0.0, 0.0, 1.0, 0.0, 0.0, 0.0, 0.0, 0.0, 0.0, 0.0, 0.0, 0.0, 0.0, 0.0, 0.0, 0.0, 0.0, 1.0], "bins": [-0.17622897028923035, -0.16939915716648102, -0.16256935894489288, -0.15573954582214355, -0.14890974760055542, -0.1420799344778061, -0.13525012135505676, -0.12842032313346863, -0.1215905100107193, -0.11476070433855057, -0.10793089866638184, -0.10110108554363251, -0.09427127987146378, -0.08744147419929504, -0.08061166852712631, -0.07378186285495758, -0.06695205718278885, -0.06012225151062012, -0.05329244211316109, -0.046462636440992355, -0.039632827043533325, -0.032803021371364594, -0.025973215699195862, -0.01914340630173683, -0.012313604354858398, -0.005483797285705805, 0.0013460097834467888, 0.008175816386938095, 0.015005623921751976, 0.021835431456565857, 0.02866523712873459, 0.03549504652619362, 0.04232485592365265, 0.04915466159582138, 0.05598447099328041, 0.06281428039073944, 0.06964408606290817, 0.0764738917350769, 0.08330369740724564, 0.09013350307941437, 0.0969633162021637, 0.10379312187433243, 0.11062292754650116, 0.11745274066925049, 0.12428254634141922, 0.13111235201358795, 0.13794216513633728, 0.14477196335792542, 0.15160176157951355, 0.15843157470226288, 0.165261372923851, 0.17209118604660034, 0.17892098426818848, 0.1857507973909378, 0.19258061051368713, 0.19941040873527527, 0.2062402218580246, 0.21307003498077393, 0.21989983320236206, 0.2267296463251114, 0.23355944454669952, 0.24038925766944885, 0.247219055891037, 0.2540488839149475, 0.26087868213653564]}, "gradients/graph_65spatial.0.weight": {"_type": "histogram",