{"batch loss": 1.114087700843811, "_timestamp": 1651840299, "_runtime": 28, "_step": 22, "epoch": 0, "train/train_loss": 1.1202525984157214, "train/train_acc": 0.3243987516063888, "train/train_f1": 0.31724627867105587, "val/val_loss": 1.1178642000470842, "val/vaL_acc": 0.3367543296985247, "val/val_f1": 0.3037458290352298, "_wandb": {"runtime": 26}}