{"batch loss": 0.8592897653579712, "_timestamp": 1651837134, "_runtime": 703, "_step": 909, "epoch": 34, "train/train_loss": 0.7600016713142395, "train/train_acc": 0.6709449703192684, "train/train_f1": 0.670095539055405, "val/val_loss": 1.2461135983467102, "val/vaL_acc": 0.37257438551099614, "val/val_f1": 0.39978614571728116, "gradients/fc2.bias": {"_type": "histogram", "values": [1.0, 0.0, 0.0, 0.0, 0.0, 0.0, 0.0, 0.0, 0.0, 0.0, 0.0, 0.0, 0.0, 0.0, 0.0, 0.0, 0.0, 0.0, 0.0, 0.0, 0.0, 1.0, 0.0, 0.0, 0.0, 0.0, 0.0, 0.0, 0.0, 0.0, 0.0, 0.0, 0.0, 0.0, 0.0, 0.0, 0.0, 0.0, 0.0, 0.0, 0.0, 0.0, 0.0, 0.0, 0.0, 0.0, 0.0, 0.0, 0.0, 0.0, 0.0, 0.0, 0.0, 0.0, 0.0, 0.0, 0.0, 0.0, 0.0, 0.0, 0.0, 0.0, 0.0, 1.0], "bins": [-0.023522639647126198, -0.022694360464811325, -0.0218660831451416, -0.02103780396282673, -0.020209524780511856, -0.019381247460842133, -0.01855296827852726, -0.017724689096212387, -0.016896411776542664, -0.01606813259422779, -0.015239855274558067, -0.014411576092243195, -0.013583297841250896, -0.012755019590258598, -0.011926740407943726, -0.011098462156951427, -0.01027018390595913, -0.009441905654966831, -0.008613627403974533, -0.00778534822165966, -0.006957069970667362, -0.006128791719675064, -0.005300513003021479, -0.004472234286367893, -0.003643956035375595, -0.0028156775515526533, -0.0019873990677297115, -0.0011591205839067698, -0.00033084210008382797, 0.0004974361509084702, 0.0013257148675620556, 0.002153993584215641, 0.0029822736978530884, 0.00381055218167603, 0.004638830665498972, 0.005467109382152557, 0.0062953876331448555, 0.007123665884137154, 0.007951945066452026, 0.008780223317444324, 0.009608501568436623, 0.01043677981942892, 0.011265058070421219, 0.012093337252736092, 0.01292161550372839, 0.013749893754720688, 0.01457817293703556, 0.015406451188027859, 0.016234729439020157, 0.01706300862133503, 0.017891285941004753, 0.018719565123319626, 0.01954784244298935, 0.020376121625304222, 0.021204400807619095, 0.02203267812728882, 0.02286095730960369, 0.023689236491918564, 0.024517513811588287, 0.02534579299390316, 0.026174072176218033, 0.027002349495887756, 0.02783062867820263, 0.028658907860517502, 0.029487185180187225]}, "gradients/fc2.weight": {"_type": "histogram", "values": [1.0, 0.0, 1.0, 1.0, 0.0, 1.0, 0.0, 3.0, 4.0, 4.0, 4.0, 4.0, 6.0, 4.0, 7.0, 2.0, 9.0, 11.0, 20.0, 12.0, 20.0, 16.0, 13.0, 21.0, 22.0, 31.0, 33.0, 37.0, 24.0, 36.0, 36.0, 34.0, 33.0, 33.0, 29.0, 32.0, 45.0, 32.0, 37.0, 28.0, 24.0, 27.0, 23.0, 17.0, 20.0, 21.0, 18.0, 10.0, 8.0, 10.0, 11.0, 6.0, 2.0, 5.0, 2.0, 2.0, 1.0, 3.0, 0.0, 2.0, 1.0, 0.0, 0.0, 1.0], "bins": [-0.06268181651830673, -0.06077234074473381, -0.05886286124587059, -0.05695338547229767, -0.05504390597343445, -0.053134430199861526, -0.051224954426288605, -0.049315474927425385, -0.04740599915385246, -0.04549652338027954, -0.04358704388141632, -0.0416775681078434, -0.03976808860898018, -0.03785861283540726, -0.03594913333654404, -0.034039657562971115, -0.03213018178939819, -0.030220704153180122, -0.02831122651696205, -0.02640175074338913, -0.02449227310717106, -0.022582795470952988, -0.020673317834734917, -0.018763840198516846, -0.016854360699653625, -0.014944883063435555, -0.013035406358540058, -0.011125928722321987, -0.00921645201742649, -0.00730697438120842, -0.005397496744990349, -0.0034880200400948524, -0.001578543335199356, 0.0003309339517727494, 0.002240411238744855, 0.004149888642132282, 0.006059365812689066, 0.00796884298324585, 0.00987832061946392, 0.011787797324359417, 0.013697274029254913, 0.015606751665472984, 0.017516229301691055, 0.019425705075263977, 0.021335182711482048, 0.02324466034770012, 0.02515413798391819, 0.02706361562013626, 0.028973093256354332, 0.030882570892572403, 0.032792046666145325, 0.034701526165008545, 0.03661100193858147, 0.03852047771215439, 0.04042995721101761, 0.04233943298459053, 0.04424891248345375, 0.04615838825702667, 0.04806786775588989, 0.049977343529462814, 0.051886823028326035, 0.053796298801898956, 0.055705778300762177, 0.0576152540743351, 0.05952472984790802]}, "gradients/spatial.1.weight": {"_type": "histogram", "values": [1.0, 0.0, 0.0, 0.0, 0.0, 0.0, 0.0, 0.0, 0.0, 0.0, 0.0, 0.0, 0.0, 0.0, 0.0, 0.0, 0.0, 0.0, 0.0, 0.0, 0.0, 0.0, 0.0, 0.0, 0.0, 0.0, 0.0, 0.0, 0.0, 0.0, 0.0, 0.0, 0.0, 0.0, 0.0, 0.0, 0.0, 0.0, 0.0, 0.0, 0.0, 0.0, 0.0, 0.0, 0.0, 0.0, 1.0, 1.0, 2.0, 0.0, 0.0, 1.0, 0.0, 1.0, 0.0, 0.0, 1.0, 0.0, 0.0, 0.0, 0.0, 0.0, 1.0, 1.0], "bins": [-0.12345215678215027, -0.1211252361536026, -0.11879831552505493, -0.11647139489650726, -0.11414448171854019, -0.11181756108999252, -0.10949064046144485, -0.10716371983289719, -0.10483679920434952, -0.10250987857580185, -0.10018295794725418, -0.09785604476928711, -0.09552912414073944, -0.09320220351219177, -0.0908752828836441, -0.08854836225509644, -0.08622144162654877, -0.0838945209980011, -0.08156760036945343, -0.07924067974090576, -0.07691376656293869, -0.07458684593439102, -0.07225992530584335, -0.06993300467729568, -0.06760609149932861, -0.06527917087078094, -0.06295225024223328, -0.060625333338975906, -0.05829841271042824, -0.05597149580717087, -0.0536445751786232, -0.05131765455007553, -0.04899074137210846, -0.04666382074356079, -0.04433690384030342, -0.04200998321175575, -0.039683062583208084, -0.037356145679950714, -0.035029225051403046, -0.03270230442285538, -0.03037538193166256, -0.02804846316576004, -0.025721542537212372, -0.023394623771309853, -0.021067705005407333, -0.018740784376859665, -0.016413865610957146, -0.014086944982409477, -0.011760028079152107, -0.009433108381927013, -0.007106189150363207, -0.0047792699187994, -0.0024523502215743065, -0.00012543052434921265, 0.0022014882415533066, 0.004528408870100975, 0.006855327636003494, 0.009182247333228588, 0.011509167030453682, 0.013836085796356201, 0.01616300642490387, 0.01848992519080639, 0.020816843956708908, 0.023143764585256577, 0.025470683351159096]}, "gradients/spatial.1.bias": {"_type": "histogram", "values": [1.0, 0.0, 0.0, 0.0, 0.0, 0.0, 0.0, 0.0, 0.0, 0.0, 0.0, 0.0, 0.0, 0.0, 0.0, 0.0, 0.0, 0.0, 0.0, 0.0, 0.0, 1.0, 0.0, 0.0, 0.0, 0.0, 0.0, 0.0, 0.0, 0.0, 0.0, 1.0, 0.0, 0.0, 0.0, 0.0, 0.0, 0.0, 0.0, 0.0, 0.0, 0.0, 0.0, 1.0, 2.0, 0.0, 0.0, 0.0, 0.0, 1.0, 1.0, 0.0, 0.0, 0.0, 0.0, 0.0, 0.0, 0.0, 0.0, 0.0, 1.0, 0.0, 0.0, 1.0], "bins": [-0.1346670538187027, -0.13136287033557892, -0.12805870175361633, -0.12475451827049255, -0.12145033478736877, -0.11814615875482559, -0.11484197527170181, -0.11153779923915863, -0.10823361575603485, -0.10492943972349167, -0.10162525624036789, -0.09832108020782471, -0.09501689672470093, -0.09171272069215775, -0.08840853720903397, -0.08510436117649078, -0.081800177693367, -0.07849600166082382, -0.07519181817770004, -0.07188764214515686, -0.06858345866203308, -0.0652792826294899, -0.06197509914636612, -0.05867092311382294, -0.055366747081279755, -0.052062567323446274, -0.04875838756561279, -0.04545420780777931, -0.04215002804994583, -0.03884585201740265, -0.03554166853427887, -0.03223749250173569, -0.028933309018611908, -0.025629129260778427, -0.022324949502944946, -0.019020769745111465, -0.015716589987277985, -0.012412412092089653, -0.009108232334256172, -0.005804052576422691, -0.0024998709559440613, 0.0008043085690587759, 0.004108488094061613, 0.007412667386233807, 0.010716847144067287, 0.014021025970578194, 0.017325205728411674, 0.020629385486245155, 0.023933563381433487, 0.027237743139266968, 0.03054192289710045, 0.03384610265493393, 0.03715028241276741, 0.04045446217060089, 0.043758638203144073, 0.04706282168626785, 0.050366997718811035, 0.053671177476644516, 0.056975357234478, 0.06027953699231148, 0.06358371675014496, 0.06688789278268814, 0.07019207626581192, 0.0734962522983551, 0.07680043578147888]}, "gradients/spatial.0.weight": {"_type": "histogram",