{"batch loss": 0.7398480772972107, "_timestamp": 1651804824, "_runtime": 1171, "_step": 649, "epoch": 24, "train/train_loss": 0.6848534250259399, "train/train_acc": 0.7109771573604061, "train/train_f1": 0.7105770119254129, "val/val_loss": 0.9337047537167867, "val/vaL_acc": 0.6096866096866097, "val/val_f1": 0.6099869960566625, "gradients/graph_47fc2.bias": {"_type": "histogram", "values": [1.0, 0.0, 0.0, 0.0, 0.0, 0.0, 0.0, 0.0, 0.0, 0.0, 0.0, 0.0, 0.0, 0.0, 0.0, 0.0, 0.0, 0.0, 0.0, 0.0, 0.0, 0.0, 0.0, 0.0, 0.0, 0.0, 0.0, 0.0, 0.0, 0.0, 0.0, 0.0, 0.0, 0.0, 0.0, 0.0, 0.0, 0.0, 0.0, 0.0, 0.0, 0.0, 1.0, 0.0, 0.0, 0.0, 0.0, 0.0, 0.0, 0.0, 0.0, 0.0, 0.0, 0.0, 0.0, 0.0, 0.0, 0.0, 0.0, 0.0, 0.0, 0.0, 0.0, 1.0], "bins": [-0.038503602147102356, -0.037416279315948486, -0.036328960210084915, -0.035241637378931046, -0.034154318273067474, -0.033066995441913605, -0.031979676336050034, -0.030892353504896164, -0.029805034399032593, -0.028717713430523872, -0.027630392462015152, -0.02654307149350643, -0.02545575052499771, -0.02436842955648899, -0.02328110858798027, -0.0221937857568264, -0.02110646478831768, -0.02001914381980896, -0.01893182285130024, -0.01784450188279152, -0.0167571809142828, -0.01566985994577408, -0.014582538045942783, -0.013495217077434063, -0.012407895177602768, -0.011320574209094048, -0.010233253240585327, -0.009145932272076607, -0.008058611303567886, -0.006971289869397879, -0.005883968435227871, -0.0047966474667191505, -0.0037093255668878555, -0.002622004598379135, -0.001534683397039771, -0.00044736219570040703, 0.0006399587728083134, 0.0017272797413170338, 0.0028146011754870415, 0.003901922143995762, 0.004989242181181908, 0.006076563149690628, 0.0071638841181993484, 0.008251205086708069, 0.00933852605521679, 0.01042584702372551, 0.011513168923556805, 0.012600489892065525, 0.01368781179189682, 0.01477513276040554, 0.01586245372891426, 0.01694977469742298, 0.0180370956659317, 0.019124416634440422, 0.020211737602949142, 0.021299060434103012, 0.022386379539966583, 0.023473700508475304, 0.024561021476984024, 0.025648342445492744, 0.026735663414001465, 0.027822984382510185, 0.028910305351018906, 0.029997628182172775, 0.031084949150681496]}, "gradients/graph_47fc2.weight": {"_type": "histogram", "values": [2.0, 1.0, 1.0, 2.0, 1.0, 3.0, 3.0, 2.0, 2.0, 3.0, 2.0, 5.0, 5.0, 5.0, 3.0, 5.0, 3.0, 7.0, 11.0, 10.0, 9.0, 15.0, 8.0, 19.0, 20.0, 28.0, 37.0, 26.0, 37.0, 31.0, 32.0, 38.0, 34.0, 40.0, 25.0, 42.0, 23.0, 35.0, 35.0, 20.0, 24.0, 18.0, 11.0, 19.0, 16.0, 14.0, 11.0, 7.0, 10.0, 8.0, 10.0, 0.0, 7.0, 2.0, 4.0, 4.0, 1.0, 1.0, 6.0, 4.0, 1.0, 0.0, 0.0, 2.0], "bins": [-0.026781320571899414, -0.025967681780457497, -0.02515404112637043, -0.024340402334928513, -0.023526763543486595, -0.02271312288939953, -0.02189948409795761, -0.021085843443870544, -0.020272204652428627, -0.01945856586098671, -0.018644925206899643, -0.017831286415457726, -0.017017647624015808, -0.01620400696992874, -0.015390368178486824, -0.014576728455722332, -0.013763089664280415, -0.012949449941515923, -0.012135811150074005, -0.011322171427309513, -0.010508531704545021, -0.009694892913103104, -0.008881253190338612, -0.00806761346757412, -0.007253974676132202, -0.006440335419028997, -0.005626695696264505, -0.004813056439161301, -0.003999416716396809, -0.003185777459293604, -0.002372138202190399, -0.0015584984794259071, -0.0007448587566614151, 6.878067506477237e-05, 0.0008824201067909598, 0.0016960594803094864, 0.0025096989702433348, 0.003323338460177183, 0.004136977717280388, 0.00495061744004488, 0.005764257162809372, 0.006577896419912577, 0.007391536142677069, 0.008205175399780273, 0.009018815122544765, 0.009832454845309258, 0.010646093636751175, 0.011459733359515667, 0.012273372150957584, 0.013087011873722076, 0.013900650665163994, 0.014714290387928486, 0.015527930110692978, 0.016341568902134895, 0.017155207693576813, 0.01796884834766388, 0.018782487139105797, 0.019596125930547714, 0.02040976658463478, 0.0212234053760767, 0.022037044167518616, 0.022850684821605682, 0.0236643236130476, 0.024477962404489517, 0.025291603058576584]}, "gradients/graph_47spatial.1.weight": {"_type": "histogram", "values": [1.0, 0.0, 0.0, 0.0, 0.0, 0.0, 0.0, 0.0, 2.0, 0.0, 0.0, 1.0, 0.0, 0.0, 0.0, 0.0, 1.0, 1.0, 0.0, 0.0, 1.0, 2.0, 2.0, 0.0, 1.0, 0.0, 1.0, 1.0, 0.0, 1.0, 2.0, 3.0, 0.0, 0.0, 0.0, 0.0, 1.0, 0.0, 1.0, 0.0, 0.0, 0.0, 1.0, 0.0, 0.0, 1.0, 1.0, 0.0, 0.0, 0.0, 0.0, 0.0, 2.0, 1.0, 0.0, 1.0, 0.0, 0.0, 0.0, 0.0, 0.0, 0.0, 0.0, 1.0], "bins": [-0.04800732806324959, -0.04640161618590355, -0.04479590430855751, -0.04319019243121147, -0.04158448427915573, -0.03997877240180969, -0.038373060524463654, -0.036767348647117615, -0.035161636769771576, -0.03355592489242554, -0.0319502130150795, -0.03034450300037861, -0.02873879112303257, -0.02713307924568653, -0.02552736923098564, -0.023921657353639603, -0.022315945476293564, -0.020710233598947525, -0.019104521721601486, -0.017498811706900597, -0.015893099829554558, -0.014287387952208519, -0.012681677006185055, -0.01107596606016159, -0.009470254182815552, -0.007864542305469513, -0.006258831359446049, -0.004653119947761297, -0.0030474085360765457, -0.001441696658730507, 0.0001640142872929573, 0.0017697252333164215, 0.003375433385372162, 0.004981144797056913, 0.006586856208741665, 0.008192567154765129, 0.009798279032111168, 0.011403990909457207, 0.013009701855480671, 0.014615412801504135, 0.016221124678850174, 0.017826836556196213, 0.01943254843354225, 0.02103825844824314, 0.02264397032558918, 0.02424968220293522, 0.02585539221763611, 0.027461104094982147, 0.029066815972328186, 0.030672527849674225, 0.032278239727020264, 0.0338839516043663, 0.03548966348171234, 0.03709537535905838, 0.03870108351111412, 0.04030679538846016, 0.0419125072658062, 0.04351821914315224, 0.045123931020498276, 0.046729642897844315, 0.048335351049900055, 0.049941062927246094, 0.05154677480459213, 0.05315248668193817, 0.05475819855928421]}, "gradients/graph_47spatial.1.bias": {"_type": "histogram", "values": [1.0, 0.0, 1.0, 1.0, 1.0, 0.0, 0.0, 0.0, 0.0, 0.0, 0.0, 1.0, 0.0, 1.0, 0.0, 0.0, 2.0, 1.0, 0.0, 2.0, 0.0, 2.0, 0.0, 1.0, 1.0, 0.0, 0.0, 2.0, 0.0, 0.0, 1.0, 0.0, 2.0, 0.0, 0.0, 1.0, 0.0, 0.0, 0.0, 1.0, 0.0, 0.0, 0.0, 1.0, 0.0, 1.0, 1.0, 1.0, 2.0, 0.0, 0.0, 0.0, 0.0, 0.0, 0.0, 0.0, 0.0, 0.0, 0.0, 0.0, 1.0, 0.0, 0.0, 1.0], "bins": [-0.08024520426988602, -0.07715991139411926, -0.07407461851835251, -0.07098932564258575, -0.0679040253162384, -0.06481873244047165, -0.061733439564704895, -0.05864814668893814, -0.05556285008788109, -0.052477557212114334, -0.04939226061105728, -0.04630696773529053, -0.04322167485952377, -0.04013637825846672, -0.037051085382699966, -0.033965788781642914, -0.03088049590587616, -0.027795201167464256, -0.024709906429052353, -0.0216246135532856, -0.018539318814873695, -0.015454024076461792, -0.012368731200695038, -0.009283436462283134, -0.0061981454491615295, -0.0031128511764109135, -2.7556903660297394e-05, 0.0030577369034290314, 0.006143031641840935, 0.009228326380252838, 0.012313619256019592, 0.015398913994431496, 0.018484219908714294, 0.021569514647126198, 0.0246548093855381, 0.027740102261304855, 0.03082539699971676, 0.03391069173812866, 0.036995984613895416, 0.04008127748966217, 0.04316657781600952, 0.046251870691776276, 0.04933716729283333, 0.05242246016860008, 0.055507756769657135, 0.05859304964542389, 0.06167834252119064, 0.0647636353969574, 0.06784892827272415, 0.0709342211484909, 0.07401951402425766, 0.07710480690002441, 0.08019010722637177, 0.08327540010213852, 0.08636069297790527, 0.08944598585367203, 0.09253127872943878, 0.09561657160520554, 0.09870186448097229, 0.10178716480731964, 0.1048724576830864, 0.10795775055885315, 0.1110430434346199, 0.11412833631038666, 0.11721363663673401]}, "gradients/graph_47spatial.0.weight": {"_type": "histogram",