{"batch loss": 0.7532694935798645, "_timestamp": 1651847115, "_runtime": 613, "_step": 689, "epoch": 29, "train/train_loss": 0.8546517843549902, "train/train_acc": 0.5935377271892786, "train/train_f1": 0.588555072222796, "val/val_loss": 1.0411841103008814, "val/vaL_acc": 0.5240538806927517, "val/val_f1": 0.507761945129721, "gradients/graph_5fc2.bias": {"_type": "histogram", "values": [1.0, 0.0, 0.0, 0.0, 0.0, 0.0, 0.0, 0.0, 0.0, 0.0, 0.0, 0.0, 0.0, 0.0, 0.0, 0.0, 0.0, 0.0, 0.0, 0.0, 0.0, 0.0, 0.0, 0.0, 0.0, 0.0, 0.0, 0.0, 0.0, 0.0, 0.0, 0.0, 0.0, 0.0, 0.0, 0.0, 0.0, 0.0, 0.0, 0.0, 0.0, 0.0, 0.0, 0.0, 1.0, 0.0, 0.0, 0.0, 0.0, 0.0, 0.0, 0.0, 0.0, 0.0, 0.0, 0.0, 0.0, 0.0, 0.0, 0.0, 0.0, 0.0, 0.0, 1.0], "bins": [-0.021755993366241455, -0.02115696109831333, -0.020557928830385208, -0.019958894699811935, -0.019359862431883812, -0.01876083016395569, -0.018161796033382416, -0.017562763765454292, -0.01696373149752617, -0.016364699229598045, -0.015765666961669922, -0.01516663283109665, -0.014567600563168526, -0.013968568295240402, -0.013369535095989704, -0.012770501896739006, -0.012171469628810883, -0.011572437360882759, -0.010973404161632061, -0.010374370962381363, -0.00977533869445324, -0.009176306426525116, -0.008577273227274418, -0.00797824002802372, -0.007379207760095596, -0.0067801750265061855, -0.006181142292916775, -0.005582109559327364, -0.004983076825737953, -0.004384044092148542, -0.0037850113585591316, -0.003185978624969721, -0.00258694589138031, -0.0019879131577908993, -0.0013888804242014885, -0.0007898476906120777, -0.00019081495702266693, 0.00040821777656674385, 0.0010072505101561546, 0.0016062832437455654, 0.002205315977334976, 0.002804348710924387, 0.0034033814445137978, 0.0040024141781032085, 0.004601446911692619, 0.00520047964528203, 0.005799512378871441, 0.006398545112460852, 0.0069975778460502625, 0.007596610579639673, 0.008195643313229084, 0.008794676512479782, 0.009393708780407906, 0.009992741048336029, 0.010591774247586727, 0.011190807446837425, 0.011789839714765549, 0.012388871982693672, 0.01298790518194437, 0.013586938381195068, 0.014185970649123192, 0.014785002917051315, 0.015384036116302013, 0.01598306931555271, 0.016582101583480835]}, "gradients/graph_5fc2.weight": {"_type": "histogram", "values": [1.0, 1.0, 0.0, 0.0, 0.0, 1.0, 0.0, 2.0, 1.0, 3.0, 1.0, 1.0, 5.0, 6.0, 1.0, 6.0, 2.0, 5.0, 3.0, 7.0, 17.0, 7.0, 9.0, 15.0, 9.0, 15.0, 10.0, 18.0, 36.0, 17.0, 20.0, 17.0, 21.0, 19.0, 26.0, 24.0, 23.0, 18.0, 24.0, 16.0, 19.0, 19.0, 18.0, 21.0, 10.0, 13.0, 11.0, 10.0, 3.0, 6.0, 10.0, 7.0, 2.0, 6.0, 1.0, 2.0, 1.0, 1.0, 0.0, 0.0, 0.0, 0.0, 1.0, 2.0], "bins": [-0.02036522701382637, -0.019764840602874756, -0.01916445419192314, -0.018564067780971527, -0.017963681370019913, -0.0173632949590683, -0.016762908548116684, -0.01616252213716507, -0.015562135726213455, -0.01496174931526184, -0.014361362904310226, -0.013760976493358612, -0.013160590082406998, -0.012560203671455383, -0.011959817260503769, -0.011359430849552155, -0.01075904443860054, -0.010158658027648926, -0.009558271616697311, -0.008957885205745697, -0.008357498794794083, -0.007757112383842468, -0.007156725972890854, -0.0065563395619392395, -0.005955953150987625, -0.005355566740036011, -0.004755180329084396, -0.004154793918132782, -0.0035544075071811676, -0.0029540210962295532, -0.002353634685277939, -0.0017532482743263245, -0.0011528637260198593, -0.0005524773150682449, 4.7909095883369446e-05, 0.0006482955068349838, 0.0012486819177865982, 0.0018490683287382126, 0.002449454739689827, 0.0030498411506414413, 0.0036502275615930557, 0.00425061397254467, 0.0048510003834962845, 0.005451386794447899, 0.006051773205399513, 0.006652159616351128, 0.007252546027302742, 0.007852932438254356, 0.00845331884920597, 0.009053705260157585, 0.0096540916711092, 0.010254478082060814, 0.010854864493012428, 0.011455250903964043, 0.012055637314915657, 0.012656023725867271, 0.013256410136818886, 0.0138567965477705, 0.014457182958722115, 0.015057569369673729, 0.015657955780625343, 0.016258342191576958, 0.016858728602528572, 0.017459115013480186, 0.0180595014244318]}, "gradients/graph_5spatial.1.weight": {"_type": "histogram", "values": [1.0, 0.0, 0.0, 0.0, 0.0, 0.0, 0.0, 0.0, 0.0, 0.0, 0.0, 0.0, 0.0, 0.0, 0.0, 0.0, 1.0, 0.0, 0.0, 0.0, 0.0, 0.0, 0.0, 0.0, 0.0, 0.0, 1.0, 0.0, 0.0, 0.0, 0.0, 0.0, 0.0, 0.0, 1.0, 0.0, 0.0, 1.0, 0.0, 1.0, 0.0, 0.0, 0.0, 0.0, 0.0, 0.0, 0.0, 0.0, 0.0, 0.0, 0.0, 0.0, 0.0, 0.0, 0.0, 1.0, 0.0, 0.0, 1.0, 0.0, 0.0, 0.0, 0.0, 2.0], "bins": [-0.04057887941598892, -0.03937796875834465, -0.03817706182599068, -0.036976151168346405, -0.03577524423599243, -0.03457433357834816, -0.03337342292070389, -0.032172515988349915, -0.030971605330705643, -0.02977069653570652, -0.028569787740707397, -0.027368877083063126, -0.026167968288064003, -0.02496705949306488, -0.02376614883542061, -0.022565240040421486, -0.021364331245422363, -0.02016342245042324, -0.018962513655424118, -0.017761602997779846, -0.016560694202780724, -0.015359785407781601, -0.014158875681459904, -0.012957965955138206, -0.011757057160139084, -0.010556148365139961, -0.009355238638818264, -0.008154328912496567, -0.006953420117497444, -0.005752510856837034, -0.004551601596176624, -0.003350691869854927, -0.002149786800146103, -0.000948877539485693, 0.00025203172117471695, 0.0014529409818351269, 0.002653850242495537, 0.0038547595031559467, 0.005055668763816357, 0.006256578490138054, 0.0074574872851371765, 0.0086583960801363, 0.009859305806457996, 0.011060215532779694, 0.012261124327778816, 0.013462033122777939, 0.014662942849099636, 0.015863852575421333, 0.017064761370420456, 0.01826567016541958, 0.0194665789604187, 0.020667489618062973, 0.021868398413062096, 0.023069307208061218, 0.02427021786570549, 0.025471126660704613, 0.026672035455703735, 0.027872944250702858, 0.02907385304570198, 0.030274763703346252, 0.031475670635700226, 0.0326765812933445, 0.03387749195098877, 0.03507839888334274, 0.036279309540987015]}, "gradients/graph_5spatial.1.bias": {"_type": "histogram", "values": [1.0, 0.0, 0.0, 0.0, 0.0, 0.0, 0.0, 0.0, 0.0, 0.0, 0.0, 1.0, 1.0, 0.0, 0.0, 0.0, 0.0, 0.0, 0.0, 0.0, 1.0, 0.0, 0.0, 0.0, 0.0, 1.0, 0.0, 0.0, 0.0, 0.0, 0.0, 0.0, 0.0, 0.0, 0.0, 0.0, 0.0, 0.0, 0.0, 0.0, 1.0, 0.0, 0.0, 0.0, 0.0, 0.0, 0.0, 0.0, 0.0, 0.0, 0.0, 0.0, 0.0, 0.0, 0.0, 0.0, 1.0, 0.0, 1.0, 1.0, 0.0, 0.0, 0.0, 1.0], "bins": [-0.06538746505975723, -0.06291983276605606, -0.06045220419764519, -0.057984575629234314, -0.05551694333553314, -0.05304931476712227, -0.050581686198711395, -0.04811405390501022, -0.04564642161130905, -0.04317879304289818, -0.040711160749197006, -0.03824353218078613, -0.03577589988708496, -0.03330827131867409, -0.030840640887618065, -0.028373010456562042, -0.02590538188815117, -0.023437751457095146, -0.020970121026039124, -0.01850249245762825, -0.016034860163927078, -0.01356723066419363, -0.011099601164460182, -0.00863197073340416, -0.006164342164993286, -0.003696711966767907, -0.0012290817685425282, 0.0012385481968522072, 0.00370617862790823, 0.0061738090589642525, 0.0086414385586977, 0.011109068989753723, 0.013576701283454895, 0.016044331714510918, 0.01851196214556694, 0.020979590713977814, 0.023447223007678986, 0.02591485157608986, 0.02838248200714588, 0.030850112438201904, 0.033317744731903076, 0.03578537330031395, 0.03825300559401512, 0.040720634162425995, 0.04318826645612717, 0.04565589502453804, 0.048123523592948914, 0.050591155886650085, 0.05305878445506096, 0.05552641302347183, 0.057994045317173004, 0.06046167388558388, 0.06292930245399475, 0.06539693474769592, 0.0678645670413971, 0.07033219933509827, 0.07279982417821884, 0.07526745647192001, 0.07773508131504059, 0.08020271360874176, 0.08267034590244293, 0.0851379781961441, 0.08760560303926468, 0.09007323533296585, 0.09254086762666702]}, "gradients/graph_5spatial.0.weight": {"_type": "histogram",