{"batch loss": 0.8259121775627136, "_timestamp": 1651785140, "_runtime": 1114, "_step": 649, "epoch": 24, "train/train_loss": 0.7578225636482239, "train/train_acc": 0.6697335025380711, "train/train_f1": 0.6680927855136405, "val/val_loss": 0.823885182539622, "val/vaL_acc": 0.6396011396011396, "val/val_f1": 0.6425062375894371, "gradients/graph_25fc2.bias": {"_type": "histogram", "values": [1.0, 0.0, 0.0, 0.0, 0.0, 0.0, 0.0, 0.0, 0.0, 0.0, 0.0, 0.0, 0.0, 0.0, 0.0, 0.0, 0.0, 0.0, 0.0, 1.0, 0.0, 0.0, 0.0, 0.0, 0.0, 0.0, 0.0, 0.0, 0.0, 0.0, 0.0, 0.0, 0.0, 0.0, 0.0, 0.0, 0.0, 0.0, 0.0, 0.0, 0.0, 0.0, 0.0, 0.0, 0.0, 0.0, 0.0, 0.0, 0.0, 0.0, 0.0, 0.0, 0.0, 0.0, 0.0, 0.0, 0.0, 0.0, 0.0, 0.0, 0.0, 0.0, 0.0, 1.0], "bins": [-0.027373889461159706, -0.02639043517410755, -0.025406982749700546, -0.02442352846264839, -0.023440074175596237, -0.022456619888544083, -0.021473165601491928, -0.020489713177084923, -0.019506258890032768, -0.018522804602980614, -0.01753935217857361, -0.016555897891521454, -0.0155724436044693, -0.014588989317417145, -0.013605535961687565, -0.012622082605957985, -0.01163862831890583, -0.010655174031853676, -0.009671720676124096, -0.008688267320394516, -0.0077048130333423615, -0.006721359211951494, -0.005737905390560627, -0.00475445156916976, -0.0037709977477788925, -0.0027875439263880253, -0.001804090104997158, -0.0008206362836062908, 0.00016281753778457642, 0.0011462713591754436, 0.002129725180566311, 0.003113179001957178, 0.004096634685993195, 0.005080088507384062, 0.006063542328774929, 0.007046996150165796, 0.008030449971556664, 0.009013904258608818, 0.009997357614338398, 0.010980810970067978, 0.011964265257120132, 0.012947719544172287, 0.013931172899901867, 0.014914626255631447, 0.0158980805426836, 0.016881534829735756, 0.01786498725414276, 0.018848441541194916, 0.01983189582824707, 0.020815350115299225, 0.02179880440235138, 0.022782256826758385, 0.02376571111381054, 0.024749165400862694, 0.0257326178252697, 0.026716072112321854, 0.027699526399374008, 0.028682980686426163, 0.029666434973478317, 0.030649887397885323, 0.03163333982229233, 0.03261679410934448, 0.03360024839639664, 0.03458370268344879, 0.035567156970500946]}, "gradients/graph_25fc2.weight": {"_type": "histogram", "values": [3.0, 0.0, 2.0, 0.0, 1.0, 1.0, 1.0, 0.0, 4.0, 1.0, 0.0, 1.0, 3.0, 3.0, 3.0, 3.0, 5.0, 4.0, 10.0, 13.0, 9.0, 10.0, 13.0, 22.0, 16.0, 21.0, 24.0, 22.0, 29.0, 33.0, 34.0, 32.0, 30.0, 37.0, 48.0, 28.0, 41.0, 40.0, 27.0, 18.0, 36.0, 24.0, 35.0, 15.0, 18.0, 18.0, 10.0, 12.0, 13.0, 6.0, 5.0, 2.0, 7.0, 1.0, 1.0, 4.0, 3.0, 0.0, 1.0, 1.0, 3.0, 1.0, 0.0, 2.0], "bins": [-0.035953909158706665, -0.03489690646529198, -0.03383990377187729, -0.0327829048037529, -0.03172590211033821, -0.030668899416923523, -0.029611896723508835, -0.028554894030094147, -0.027497893199324608, -0.02644089050590992, -0.02538388967514038, -0.024326886981725693, -0.023269884288311005, -0.022212883457541466, -0.021155880764126778, -0.02009887993335724, -0.01904187723994255, -0.017984874546527863, -0.016927873715758324, -0.015870871022343636, -0.014813869260251522, -0.013756867498159409, -0.01269986480474472, -0.011642863042652607, -0.010585861280560493, -0.00952885951846838, -0.008471857756376266, -0.007414855062961578, -0.006357853300869465, -0.005300851538777351, -0.004243849311023951, -0.0031868470832705498, -0.002129841595888138, -0.0010728396009653807, -1.583760604262352e-05, 0.0010411643888801336, 0.0020981663838028908, 0.0031551681458950043, 0.004212170373648405, 0.005269172601401806, 0.006326174363493919, 0.007383176125586033, 0.008440177887678146, 0.009497180581092834, 0.010554182343184948, 0.011611184105277061, 0.01266818679869175, 0.013725188560783863, 0.014782190322875977, 0.015839193016290665, 0.016896193847060204, 0.01795319654047489, 0.01901019737124443, 0.02006720006465912, 0.021124202758073807, 0.022181205451488495, 0.023238206282258034, 0.024295208975672722, 0.02535220980644226, 0.02640921249985695, 0.027466215193271637, 0.028523216024041176, 0.029580218717455864, 0.030637219548225403, 0.03169422224164009]}, "gradients/graph_25spatial.1.weight": {"_type": "histogram", "values": [2.0, 0.0, 0.0, 0.0, 2.0, 1.0, 1.0, 1.0, 0.0, 1.0, 2.0, 0.0, 0.0, 0.0, 0.0, 0.0, 0.0, 0.0, 0.0, 0.0, 0.0, 1.0, 2.0, 0.0, 1.0, 3.0, 0.0, 0.0, 0.0, 2.0, 0.0, 0.0, 0.0, 2.0, 1.0, 0.0, 0.0, 0.0, 1.0, 0.0, 0.0, 0.0, 2.0, 0.0, 1.0, 1.0, 0.0, 0.0, 0.0, 0.0, 0.0, 0.0, 0.0, 0.0, 0.0, 0.0, 0.0, 0.0, 2.0, 0.0, 0.0, 0.0, 0.0, 1.0], "bins": [-0.020137760788202286, -0.01938239112496376, -0.018627019599080086, -0.01787164993584156, -0.017116280272603035, -0.01636090874671936, -0.015605539083480835, -0.01485016942024231, -0.01409479882568121, -0.01333942823112011, -0.012584058567881584, -0.011828687973320484, -0.011073317378759384, -0.010317947715520859, -0.009562577120959759, -0.008807206526398659, -0.008051836863160133, -0.007296466734260321, -0.006541096605360508, -0.005785726010799408, -0.005030355881899595, -0.0042749857529997826, -0.0035196151584386826, -0.00276424502953887, -0.0020088739693164825, -0.001253503724001348, -0.0004981334786862135, 0.00025723688304424286, 0.0010126070119440556, 0.0017679771408438683, 0.0025233477354049683, 0.003278717864304781, 0.004034088924527168, 0.004789459053426981, 0.005544829182326794, 0.006300199776887894, 0.007055569905787706, 0.007810940034687519, 0.008566310629248619, 0.009321680292487144, 0.01007704995572567, 0.01083242055028677, 0.011587790213525295, 0.012343160808086395, 0.01309853047132492, 0.01385390106588602, 0.01460927166044712, 0.015364641323685646, 0.01612001284956932, 0.016875382512807846, 0.01763075403869152, 0.018386123701930046, 0.01914149336516857, 0.019896864891052246, 0.02065223455429077, 0.021407604217529297, 0.022162973880767822, 0.022918343544006348, 0.023673715069890022, 0.024429084733128548, 0.025184454396367073, 0.025939825922250748, 0.026695195585489273, 0.0274505652487278, 0.028205936774611473]}, "gradients/graph_25spatial.1.bias": {"_type": "histogram", "values": [1.0, 0.0, 0.0, 0.0, 2.0, 0.0, 0.0, 0.0, 1.0, 0.0, 0.0, 0.0, 0.0, 1.0, 1.0, 1.0, 0.0, 2.0, 0.0, 0.0, 0.0, 0.0, 0.0, 0.0, 0.0, 0.0, 1.0, 0.0, 0.0, 1.0, 1.0, 1.0, 0.0, 0.0, 1.0, 0.0, 0.0, 1.0, 0.0, 0.0, 0.0, 2.0, 0.0, 0.0, 0.0, 0.0, 0.0, 0.0, 0.0, 2.0, 0.0, 1.0, 1.0, 0.0, 1.0, 1.0, 1.0, 0.0, 2.0, 1.0, 1.0, 1.0, 0.0, 1.0], "bins": [-0.05931162089109421, -0.05770764872431755, -0.056103676557540894, -0.054499704390764236, -0.05289573222398758, -0.05129176378250122, -0.049687787890434265, -0.048083819448947906, -0.04647984728217125, -0.04487587511539459, -0.043271902948617935, -0.04166793078184128, -0.04006395861506462, -0.038459986448287964, -0.036856018006801605, -0.03525204584002495, -0.03364807367324829, -0.032044101506471634, -0.030440129339694977, -0.02883615717291832, -0.027232186868786812, -0.025628214702010155, -0.024024242535233498, -0.02242027223110199, -0.020816296339035034, -0.019212324172258377, -0.01760835200548172, -0.016004379838705063, -0.014400409534573555, -0.012796437367796898, -0.01119246520102024, -0.009588493965566158, -0.007984522730112076, -0.006380551028996706, -0.004776579327881336, -0.003172607161104679, -0.0015686354599893093, 3.5336241126060486e-05, 0.0016393084079027176, 0.0032432796433568, 0.004847250878810883, 0.006451222579926252, 0.008055194281041622, 0.00965916644781828, 0.011263137683272362, 0.012867109850049019, 0.014471082016825676, 0.016075052320957184, 0.01767902635037899, 0.019282998517155647, 0.020886970683932304, 0.022490940988063812, 0.02409491315484047, 0.025698885321617126, 0.027302857488393784, 0.02890682965517044, 0.030510801821947098, 0.032114773988723755, 0.03371874615550041, 0.03532271832227707, 0.036926690489053726, 0.03853066265583038, 0.04013463109731674, 0.0417386032640934, 0.043342575430870056]}, "gradients/graph_25spatial.0.weight": {"_type": "histogram",