{"batch loss": 0.4962015748023987, "_timestamp": 1651808367, "_runtime": 1014, "_step": 649, "epoch": 24, "train/train_loss": 0.46972368478775023, "train/train_acc": 0.8223350253807107, "train/train_f1": 0.821270233009107, "val/val_loss": 0.9565752943356832, "val/vaL_acc": 0.5925925925925926, "val/val_f1": 0.5915299564427187, "gradients/graph_50fc2.bias": {"_type": "histogram", "values": [1.0, 0.0, 0.0, 0.0, 0.0, 0.0, 0.0, 0.0, 0.0, 0.0, 0.0, 0.0, 0.0, 0.0, 0.0, 0.0, 0.0, 0.0, 0.0, 0.0, 0.0, 0.0, 0.0, 0.0, 1.0, 0.0, 0.0, 0.0, 0.0, 0.0, 0.0, 0.0, 0.0, 0.0, 0.0, 0.0, 0.0, 0.0, 0.0, 0.0, 0.0, 0.0, 0.0, 0.0, 0.0, 0.0, 0.0, 0.0, 0.0, 0.0, 0.0, 0.0, 0.0, 0.0, 0.0, 0.0, 0.0, 0.0, 0.0, 0.0, 0.0, 0.0, 0.0, 1.0], "bins": [-0.04694303125143051, -0.04534800723195076, -0.04375298321247101, -0.04215795919299126, -0.040562935173511505, -0.038967911154031754, -0.037372887134552, -0.03577785938978195, -0.0341828390955925, -0.03258781507611275, -0.030992791056632996, -0.029397767037153244, -0.027802743017673492, -0.02620771899819374, -0.02461269311606884, -0.02301766909658909, -0.021422643214464188, -0.019827619194984436, -0.018232595175504684, -0.016637571156024933, -0.015042546205222607, -0.013447522185742855, -0.011852497234940529, -0.010257473215460777, -0.008662447333335876, -0.007067423313856125, -0.005472398828715086, -0.003877374343574047, -0.0022823503240942955, -0.0006873263046145439, 0.0009076986461877823, 0.002502722665667534, 0.004097748547792435, 0.005692772567272186, 0.007287797052413225, 0.008882821537554264, 0.010477845557034016, 0.012072869576513767, 0.013667894527316093, 0.015262918546795845, 0.016857940703630447, 0.0184529647231102, 0.02004798874258995, 0.021643012762069702, 0.023238036781549454, 0.024833060801029205, 0.026428086683154106, 0.028023110702633858, 0.02961813658475876, 0.03121316060423851, 0.03280818462371826, 0.03440320864319801, 0.035998232662677765, 0.037593256682157516, 0.03918828070163727, 0.04078330844640732, 0.04237832874059677, 0.04397335276007652, 0.045568376779556274, 0.047163400799036026, 0.04875842481851578, 0.05035344883799553, 0.05194847285747528, 0.05354350060224533, 0.05513852462172508]}, "gradients/graph_50fc2.weight": {"_type": "histogram", "values": [2.0, 0.0, 1.0, 1.0, 3.0, 4.0, 3.0, 3.0, 5.0, 4.0, 2.0, 3.0, 13.0, 11.0, 19.0, 9.0, 9.0, 13.0, 12.0, 18.0, 22.0, 20.0, 19.0, 23.0, 38.0, 31.0, 39.0, 37.0, 42.0, 37.0, 54.0, 52.0, 65.0, 70.0, 65.0, 53.0, 52.0, 57.0, 44.0, 40.0, 42.0, 28.0, 37.0, 45.0, 49.0, 64.0, 50.0, 61.0, 58.0, 44.0, 47.0, 37.0, 47.0, 26.0, 26.0, 16.0, 10.0, 9.0, 10.0, 4.0, 0.0, 1.0, 2.0, 2.0], "bins": [-0.07103127986192703, -0.06911338120698929, -0.06719548255205154, -0.0652775838971138, -0.06335967779159546, -0.06144178286194801, -0.05952388048171997, -0.05760598182678223, -0.05568808317184448, -0.05377018451690674, -0.051852285861968994, -0.04993438348174095, -0.04801648482680321, -0.04609858617186546, -0.04418068379163742, -0.042262785136699677, -0.04034488648176193, -0.03842698782682419, -0.036509089171886444, -0.0345911867916584, -0.03267328813672066, -0.030755389481782913, -0.02883748896420002, -0.026919588446617126, -0.025001689791679382, -0.023083791136741638, -0.021165890619158745, -0.01924799010157585, -0.017330091446638107, -0.015412191860377789, -0.01349429227411747, -0.011576392687857151, -0.00965849682688713, -0.007740597240626812, -0.005822697654366493, -0.0039047980681061745, -0.0019868984818458557, -6.899889558553696e-05, 0.0018489006906747818, 0.0037668002769351006, 0.005684699863195419, 0.007602599449455738, 0.009520499035716057, 0.011438398621976376, 0.013356298208236694, 0.015274197794497013, 0.017192097380757332, 0.019109997898340225, 0.02102789655327797, 0.022945795208215714, 0.024863695725798607, 0.0267815962433815, 0.028699494898319244, 0.03061739355325699, 0.03253529220819473, 0.034453194588422775, 0.03637109324336052, 0.038288991898298264, 0.040206894278526306, 0.04212479293346405, 0.044042691588401794, 0.04596059024333954, 0.04787848889827728, 0.049796391278505325, 0.05171428993344307]}, "gradients/graph_50spatial.1.weight": {"_type": "histogram", "values": [1.0, 0.0, 0.0, 0.0, 0.0, 0.0, 0.0, 2.0, 0.0, 0.0, 0.0, 0.0, 0.0, 0.0, 1.0, 0.0, 0.0, 0.0, 0.0, 0.0, 1.0, 2.0, 1.0, 1.0, 0.0, 0.0, 1.0, 0.0, 0.0, 1.0, 0.0, 0.0, 0.0, 2.0, 0.0, 0.0, 1.0, 4.0, 2.0, 0.0, 0.0, 0.0, 2.0, 0.0, 1.0, 1.0, 0.0, 0.0, 0.0, 0.0, 0.0, 0.0, 1.0, 1.0, 0.0, 1.0, 0.0, 1.0, 0.0, 0.0, 0.0, 0.0, 1.0, 1.0], "bins": [-0.1361338347196579, -0.13237249851226807, -0.12861116230487823, -0.124849833548069, -0.12108849734067917, -0.11732716113328934, -0.1135658249258995, -0.10980449616909027, -0.10604315996170044, -0.10228182375431061, -0.09852048754692078, -0.09475915879011154, -0.09099782258272171, -0.08723648637533188, -0.08347515016794205, -0.07971382141113281, -0.07595248520374298, -0.07219114899635315, -0.06842981278896332, -0.06466848403215408, -0.06090714782476425, -0.05714581161737442, -0.05338447540998459, -0.049623142927885056, -0.045861802995204926, -0.042100466787815094, -0.03833913430571556, -0.03457779809832573, -0.030816465616226196, -0.027055129408836365, -0.023293795064091682, -0.019532460719347, -0.015771128237247467, -0.012009793892502785, -0.008248459547758102, -0.0044871242716908455, -0.0007257899269461632, 0.0030355453491210938, 0.006796879693865776, 0.010558214038610458, 0.014319546520709991, 0.018080880865454674, 0.021842215210199356, 0.025603551417589188, 0.02936488389968872, 0.03312622010707855, 0.036887556314468384, 0.04064888879656792, 0.04441022500395775, 0.04817156121134758, 0.05193289369344711, 0.055694229900836945, 0.05945556238293648, 0.06321689486503601, 0.06697823107242584, 0.07073956727981567, 0.0745009034872055, 0.07826223969459534, 0.08202357590198517, 0.0857849046587944, 0.08954624086618423, 0.09330757707357407, 0.0970689132809639, 0.10083024203777313, 0.10459157824516296]}, "gradients/graph_50spatial.1.bias": {"_type": "histogram", "values": [1.0, 0.0, 0.0, 0.0, 0.0, 2.0, 1.0, 0.0, 0.0, 0.0, 0.0, 0.0, 0.0, 0.0, 1.0, 2.0, 0.0, 0.0, 0.0, 0.0, 0.0, 1.0, 1.0, 0.0, 0.0, 0.0, 1.0, 1.0, 0.0, 0.0, 0.0, 3.0, 0.0, 1.0, 0.0, 2.0, 0.0, 0.0, 0.0, 0.0, 1.0, 2.0, 1.0, 2.0, 0.0, 0.0, 0.0, 0.0, 0.0, 2.0, 0.0, 1.0, 0.0, 0.0, 0.0, 0.0, 1.0, 0.0, 0.0, 0.0, 0.0, 0.0, 2.0, 1.0], "bins": [-0.11647648364305496, -0.11294809728860855, -0.10941971093416214, -0.10589132457971573, -0.10236293822526932, -0.0988345518708229, -0.0953061655163765, -0.09177777916193008, -0.08824939280748367, -0.08472100645303726, -0.08119262009859085, -0.07766423374414444, -0.07413584738969803, -0.07060746103525162, -0.0670790746808052, -0.0635506883263588, -0.060022298246622086, -0.056493911892175674, -0.05296552553772926, -0.04943713918328285, -0.04590875282883644, -0.04238036274909973, -0.03885197639465332, -0.03532359004020691, -0.0317952036857605, -0.028266817331314087, -0.024738430976867676, -0.021210044622421265, -0.017681658267974854, -0.014153270050883293, -0.010624883696436882, -0.007096497341990471, -0.003568112850189209, -3.97262629121542e-05, 0.0034886603243649006, 0.007017047144472599, 0.01054543349891901, 0.014073820784687996, 0.017602207139134407, 0.021130593493580818, 0.02465897798538208, 0.02818736433982849, 0.0317157506942749, 0.035244137048721313, 0.038772523403167725, 0.042300909757614136, 0.04582929611206055, 0.04935768246650696, 0.05288607254624367, 0.05641445890069008, 0.05994284525513649, 0.0634712353348732, 0.06699962168931961, 0.07052800804376602, 0.07405639439821243, 0.07758478075265884, 0.08111316710710526, 0.08464155346155167, 0.08816993981599808, 0.09169832617044449, 0.0952267125248909, 0.09875509887933731, 0.10228348523378372, 0.10581187158823013, 0.10934025794267654]}, "gradients/graph_50spatial.0.weight": {"_type": "histogram",