{"batch loss": 0.44465821981430054, "_timestamp": 1651791136, "_runtime": 1221, "_step": 649, "epoch": 24, "train/train_loss": 0.44957020998001096, "train/train_acc": 0.8564403553299492, "train/train_f1": 0.8554440010381958, "val/val_loss": 0.8844626545906067, "val/vaL_acc": 0.6096866096866097, "val/val_f1": 0.6112868915436722, "gradients/graph_32fc2.bias": {"_type": "histogram", "values": [1.0, 0.0, 0.0, 0.0, 0.0, 0.0, 0.0, 0.0, 0.0, 0.0, 0.0, 0.0, 0.0, 0.0, 0.0, 0.0, 0.0, 0.0, 0.0, 0.0, 0.0, 0.0, 0.0, 0.0, 0.0, 0.0, 0.0, 0.0, 0.0, 0.0, 0.0, 0.0, 0.0, 0.0, 0.0, 0.0, 0.0, 0.0, 0.0, 0.0, 0.0, 1.0, 0.0, 0.0, 0.0, 0.0, 0.0, 0.0, 0.0, 0.0, 0.0, 0.0, 0.0, 0.0, 0.0, 0.0, 0.0, 0.0, 0.0, 0.0, 0.0, 0.0, 0.0, 1.0], "bins": [-0.031106211245059967, -0.030223136767745018, -0.02934006229043007, -0.02845698781311512, -0.02757391333580017, -0.026690838858485222, -0.025807764381170273, -0.024924691766500473, -0.024041615426540375, -0.023158540949225426, -0.022275466471910477, -0.021392391994595528, -0.02050931751728058, -0.01962624303996563, -0.01874316856265068, -0.01786009594798088, -0.01697702147066593, -0.016093946993350983, -0.015210872516036034, -0.014327798038721085, -0.013444723561406136, -0.012561649084091187, -0.011678575538098812, -0.010795501060783863, -0.009912427514791489, -0.00902935303747654, -0.00814627856016159, -0.007263204548507929, -0.00638013007119298, -0.005497055593878031, -0.004613981582224369, -0.00373090710490942, -0.002847829833626747, -0.001964755356311798, -0.0010816811118274927, -0.00019860686734318733, 0.0006844676099717617, 0.0015675420872867107, 0.0024506160989403725, 0.0033336905762553215, 0.004216765984892845, 0.005099840462207794, 0.005982914939522743, 0.006865988951176405, 0.007749063428491354, 0.00863213837146759, 0.009515211917459965, 0.010398286394774914, 0.011281359940767288, 0.012164434418082237, 0.013047508895397186, 0.013930583372712135, 0.014813657850027084, 0.015696732327342033, 0.016579806804656982, 0.017462879419326782, 0.01834595575928688, 0.01922903023660183, 0.02011210471391678, 0.020995179191231728, 0.021878253668546677, 0.022761328145861626, 0.023644402623176575, 0.024527475237846375, 0.025410549715161324]}, "gradients/graph_32fc2.weight": {"_type": "histogram", "values": [1.0, 0.0, 0.0, 0.0, 0.0, 1.0, 2.0, 1.0, 3.0, 6.0, 7.0, 3.0, 10.0, 8.0, 10.0, 17.0, 14.0, 26.0, 27.0, 43.0, 36.0, 36.0, 46.0, 36.0, 57.0, 61.0, 51.0, 58.0, 59.0, 44.0, 50.0, 57.0, 74.0, 49.0, 64.0, 51.0, 64.0, 78.0, 56.0, 78.0, 72.0, 78.0, 97.0, 77.0, 65.0, 66.0, 55.0, 49.0, 37.0, 38.0, 24.0, 30.0, 16.0, 12.0, 13.0, 7.0, 6.0, 5.0, 4.0, 1.0, 2.0, 0.0, 1.0, 1.0], "bins": [-0.043057821691036224, -0.041831452399492264, -0.0406050831079483, -0.03937871381640434, -0.03815234452486038, -0.03692597523331642, -0.03569960594177246, -0.0344732366502285, -0.03324686735868454, -0.03202049806714058, -0.03079412877559662, -0.029567759484052658, -0.028341390192508698, -0.027115020900964737, -0.025888651609420776, -0.024662282317876816, -0.023435914888978004, -0.022209545597434044, -0.020983176305890083, -0.019756807014346123, -0.018530437722802162, -0.0173040684312582, -0.01607770100235939, -0.014851330779492855, -0.013624962419271469, -0.012398593127727509, -0.011172223836183548, -0.009945854544639587, -0.008719485253095627, -0.007493116427212954, -0.00626674760133028, -0.00504037830978632, -0.0038140080869197845, -0.002587638795375824, -0.001361269736662507, -0.00013490067794919014, 0.0010914686135947704, 0.002317837905138731, 0.0035442067310214043, 0.004770576022565365, 0.0059969462454319, 0.007223315536975861, 0.008449684828519821, 0.009676054120063782, 0.010902423411607742, 0.012128792703151703, 0.013355161063373089, 0.01458153035491705, 0.015807898715138435, 0.017034268006682396, 0.018260637298226357, 0.019487006589770317, 0.020713375881314278, 0.021939745172858238, 0.02316611260175705, 0.02439248189330101, 0.02561885118484497, 0.02684522047638893, 0.028071589767932892, 0.029297959059476852, 0.030524328351020813, 0.031750697642564774, 0.032977066934108734, 0.034203436225652695, 0.035429805517196655]}, "gradients/graph_32spatial.1.weight": {"_type": "histogram", "values": [1.0, 0.0, 1.0, 0.0, 0.0, 1.0, 0.0, 0.0, 1.0, 0.0, 1.0, 1.0, 0.0, 2.0, 2.0, 1.0, 0.0, 0.0, 1.0, 1.0, 1.0, 3.0, 0.0, 0.0, 1.0, 0.0, 0.0, 1.0, 0.0, 0.0, 2.0, 0.0, 0.0, 0.0, 0.0, 0.0, 2.0, 1.0, 0.0, 1.0, 2.0, 1.0, 0.0, 1.0, 1.0, 0.0, 1.0, 0.0, 1.0, 0.0, 2.0, 0.0, 1.0, 0.0, 0.0, 1.0, 2.0, 0.0, 0.0, 1.0, 0.0, 0.0, 0.0, 1.0], "bins": [-0.03339071199297905, -0.03248685598373413, -0.031582996249198914, -0.030679140239953995, -0.029775284230709076, -0.028871428221464157, -0.02796757034957409, -0.02706371247768402, -0.026159856468439102, -0.025256000459194183, -0.024352142587304115, -0.023448284715414047, -0.02254442870616913, -0.02164057269692421, -0.02073671482503414, -0.019832856953144073, -0.018929000943899155, -0.018025144934654236, -0.017121287062764168, -0.0162174291908741, -0.015313573181629181, -0.014409716241061687, -0.013505859300494194, -0.0126020023599267, -0.011698145419359207, -0.010794288478791714, -0.00989043153822422, -0.008986574597656727, -0.008082717657089233, -0.00717886071652174, -0.0062750037759542465, -0.005371146835386753, -0.004467291757464409, -0.0035634348168969154, -0.002659577876329422, -0.0017557209357619286, -0.0008518639951944351, 5.199294537305832e-05, 0.0009558498859405518, 0.0018597068265080452, 0.0027635637670755386, 0.003667420707643032, 0.0045712776482105255, 0.005475134588778019, 0.006378991529345512, 0.007282848469913006, 0.0081867054104805, 0.009090562351047993, 0.009994419291615486, 0.01089827623218298, 0.011802133172750473, 0.012705990113317966, 0.01360984705388546, 0.014513703994452953, 0.015417560935020447, 0.016321416944265366, 0.017225274816155434, 0.0181291326880455, 0.01903298869729042, 0.01993684470653534, 0.020840702578425407, 0.021744560450315475, 0.022648416459560394, 0.023552272468805313, 0.02445613034069538]}, "gradients/graph_32spatial.1.bias": {"_type": "histogram", "values": [1.0, 0.0, 1.0, 0.0, 0.0, 0.0, 1.0, 0.0, 2.0, 0.0, 2.0, 1.0, 1.0, 2.0, 1.0, 0.0, 1.0, 1.0, 1.0, 1.0, 0.0, 2.0, 0.0, 0.0, 1.0, 0.0, 1.0, 0.0, 0.0, 0.0, 1.0, 1.0, 0.0, 0.0, 0.0, 0.0, 1.0, 1.0, 3.0, 2.0, 0.0, 1.0, 0.0, 0.0, 0.0, 0.0, 0.0, 2.0, 0.0, 1.0, 0.0, 1.0, 2.0, 0.0, 2.0, 0.0, 0.0, 0.0, 0.0, 1.0, 0.0, 0.0, 0.0, 1.0], "bins": [-0.03821912780404091, -0.03695495426654816, -0.0356907844543457, -0.03442661091685295, -0.0331624373793602, -0.031898267567157745, -0.030634094029664993, -0.02936992049217224, -0.02810574881732464, -0.026841577142477036, -0.025577403604984283, -0.02431323193013668, -0.023049060255289078, -0.021784886717796326, -0.020520715042948723, -0.01925654336810112, -0.017992369830608368, -0.016728198155760765, -0.015464024618268013, -0.01419985294342041, -0.012935680337250233, -0.011671507731080055, -0.010407336056232452, -0.009143163450062275, -0.007878990843892097, -0.00661481823772192, -0.00535064609721303, -0.00408647395670414, -0.0028223013505339622, -0.0015581287443637848, -0.00029395660385489464, 0.0009702155366539955, 0.0022343918681144714, 0.0034985642414540052, 0.004762736614793539, 0.006026908755302429, 0.007291081361472607, 0.008555253967642784, 0.009819425642490387, 0.011083598248660564, 0.012347770854830742, 0.01361194346100092, 0.014876116067171097, 0.0161402877420187, 0.017404459416866302, 0.018668632954359055, 0.019932804629206657, 0.02119697630405426, 0.022461149841547012, 0.023725321516394615, 0.024989495053887367, 0.02625366672873497, 0.027517840266227722, 0.028782011941075325, 0.030046183615922928, 0.03131035715341568, 0.032574526965618134, 0.033838700503110886, 0.03510287031531334, 0.03636704385280609, 0.03763121739029884, 0.038895390927791595, 0.04015956073999405, 0.0414237342774868, 0.04268790781497955]}, "gradients/graph_32spatial.0.weight": {"_type": "histogram",