{"batch loss": 0.36584192514419556, "_timestamp": 1651773497, "_runtime": 1447, "_step": 649, "epoch": 24, "train/train_loss": 0.3026717209815979, "train/train_acc": 0.8854695431472082, "train/train_f1": 0.8845787172462326, "val/val_loss": 1.4360364278157551, "val/vaL_acc": 0.5555555555555556, "val/val_f1": 0.5553115807799847, "gradients/graph_13fc2.bias": {"_type": "histogram", "values": [1.0, 0.0, 0.0, 0.0, 0.0, 0.0, 0.0, 0.0, 0.0, 0.0, 0.0, 0.0, 0.0, 0.0, 0.0, 0.0, 0.0, 0.0, 0.0, 0.0, 0.0, 0.0, 0.0, 0.0, 0.0, 1.0, 0.0, 0.0, 0.0, 0.0, 0.0, 0.0, 0.0, 0.0, 0.0, 0.0, 0.0, 0.0, 0.0, 0.0, 0.0, 0.0, 0.0, 0.0, 0.0, 0.0, 0.0, 0.0, 0.0, 0.0, 0.0, 0.0, 0.0, 0.0, 0.0, 0.0, 0.0, 0.0, 0.0, 0.0, 0.0, 0.0, 0.0, 1.0], "bins": [-0.06990737468004227, -0.06755800545215607, -0.06520863622426987, -0.06285926699638367, -0.060509901493787766, -0.058160532265901566, -0.055811166763305664, -0.053461797535419464, -0.051112428307533264, -0.048763059079647064, -0.046413689851760864, -0.04406432434916496, -0.04171495512127876, -0.03936558589339256, -0.03701622039079666, -0.03466685116291046, -0.03231748193502426, -0.02996811270713806, -0.02761874534189701, -0.02526937797665596, -0.02292000874876976, -0.02057063952088356, -0.01822127215564251, -0.01587190479040146, -0.013522535562515259, -0.011173167265951633, -0.008823798969388008, -0.006474430672824383, -0.0041250623762607574, -0.0017756940796971321, 0.0005736742168664932, 0.002923041582107544, 0.005272418260574341, 0.007621786557137966, 0.009971154853701591, 0.012320523150265217, 0.014669891446828842, 0.017019260674715042, 0.019368628039956093, 0.021717995405197144, 0.024067364633083344, 0.026416733860969543, 0.028766101226210594, 0.031115468591451645, 0.033464837819337845, 0.035814207047224045, 0.038163572549819946, 0.040512941777706146, 0.042862311005592346, 0.045211680233478546, 0.047561049461364746, 0.04991041496396065, 0.05225978419184685, 0.05460915341973305, 0.05695851892232895, 0.05930788815021515, 0.06165725737810135, 0.06400662660598755, 0.06635599583387375, 0.06870536506175995, 0.07105472683906555, 0.07340409606695175, 0.07575346529483795, 0.07810283452272415, 0.08045220375061035]}, "gradients/graph_13fc2.weight": {"_type": "histogram", "values": [1.0, 0.0, 3.0, 1.0, 6.0, 0.0, 3.0, 3.0, 2.0, 9.0, 8.0, 15.0, 16.0, 16.0, 22.0, 38.0, 40.0, 40.0, 64.0, 68.0, 103.0, 97.0, 108.0, 118.0, 131.0, 114.0, 114.0, 123.0, 130.0, 100.0, 72.0, 76.0, 72.0, 51.0, 37.0, 45.0, 34.0, 25.0, 21.0, 23.0, 18.0, 10.0, 15.0, 9.0, 6.0, 8.0, 7.0, 4.0, 2.0, 2.0, 1.0, 3.0, 1.0, 2.0, 0.0, 0.0, 0.0, 1.0, 0.0, 0.0, 1.0, 0.0, 0.0, 1.0], "bins": [-0.04239284247159958, -0.04078149050474167, -0.03917014226317406, -0.037558794021606445, -0.035947442054748535, -0.034336090087890625, -0.03272474184632301, -0.031113391742110252, -0.02950204163789749, -0.02789069153368473, -0.02627934142947197, -0.02466799132525921, -0.023056641221046448, -0.021445291116833687, -0.019833941012620926, -0.018222590908408165, -0.016611240804195404, -0.014999890699982643, -0.013388540595769882, -0.011777190491557121, -0.01016584038734436, -0.0085544902831316, -0.0069431401789188385, -0.005331790074706078, -0.0037204399704933167, -0.0021090898662805557, -0.0004977397620677948, 0.0011136103421449661, 0.002724960446357727, 0.004336310550570488, 0.005947660654783249, 0.00755901075899601, 0.00917036458849907, 0.01078171469271183, 0.012393064796924591, 0.014004414901137352, 0.015615765005350113, 0.017227115109562874, 0.018838465213775635, 0.020449815317988396, 0.022061165422201157, 0.023672515526413918, 0.02528386563062668, 0.02689521573483944, 0.0285065658390522, 0.03011791594326496, 0.03172926604747772, 0.03334061801433563, 0.034951966255903244, 0.036563314497470856, 0.038174666464328766, 0.039786018431186676, 0.04139736667275429, 0.0430087149143219, 0.04462006688117981, 0.04623141884803772, 0.04784276708960533, 0.04945411533117294, 0.05106546729803085, 0.05267681926488876, 0.054288167506456375, 0.05589951574802399, 0.0575108677148819, 0.05912221968173981, 0.06073356792330742]}, "gradients/graph_13spatial.1.weight": {"_type": "histogram", "values": [1.0, 0.0, 0.0, 0.0, 0.0, 0.0, 0.0, 0.0, 0.0, 0.0, 0.0, 1.0, 2.0, 0.0, 0.0, 0.0, 0.0, 1.0, 0.0, 0.0, 1.0, 0.0, 0.0, 2.0, 1.0, 3.0, 0.0, 0.0, 1.0, 1.0, 0.0, 1.0, 1.0, 0.0, 1.0, 1.0, 2.0, 1.0, 3.0, 1.0, 1.0, 1.0, 0.0, 2.0, 1.0, 0.0, 2.0, 1.0, 2.0, 1.0, 0.0, 0.0, 2.0, 0.0, 0.0, 0.0, 0.0, 0.0, 0.0, 0.0, 0.0, 0.0, 0.0, 2.0], "bins": [-0.12241922318935394, -0.11893896758556366, -0.11545870453119278, -0.1119784489274025, -0.10849818587303162, -0.10501793026924133, -0.10153767466545105, -0.09805741161108017, -0.09457714855670929, -0.091096892952919, -0.08761662989854813, -0.08413637429475784, -0.08065611124038696, -0.07717585563659668, -0.0736956000328064, -0.07021533697843552, -0.06673508137464523, -0.06325482577085495, -0.05977456271648407, -0.05629430711269379, -0.052814044058322906, -0.04933378845453262, -0.04585352912545204, -0.04237326979637146, -0.03889301419258118, -0.035412754863500595, -0.03193249553442001, -0.02845223806798458, -0.024971978738904, -0.021491719409823418, -0.018011461943387985, -0.014531202614307404, -0.01105094701051712, -0.007570688147097826, -0.004090429283678532, -0.0006101708859205246, 0.002870088443160057, 0.006350347772240639, 0.009830605238676071, 0.013310864567756653, 0.016791127622127533, 0.020271386951208115, 0.023751646280288696, 0.02723190374672413, 0.03071216307580471, 0.03419242054224014, 0.037672679871320724, 0.041152939200401306, 0.04463319480419159, 0.04811345413327217, 0.05159371346235275, 0.055073969066143036, 0.058554232120513916, 0.0620344877243042, 0.06551474332809448, 0.06899500638246536, 0.07247526943683624, 0.07595552504062653, 0.0794357880949974, 0.08291604369878769, 0.08639630675315857, 0.08987656235694885, 0.09335681796073914, 0.09683708101511002, 0.1003173366189003]}, "gradients/graph_13spatial.1.bias": {"_type": "histogram", "values": [1.0, 0.0, 0.0, 0.0, 0.0, 0.0, 0.0, 0.0, 0.0, 0.0, 0.0, 0.0, 0.0, 1.0, 1.0, 0.0, 0.0, 0.0, 1.0, 0.0, 0.0, 1.0, 4.0, 0.0, 1.0, 0.0, 0.0, 1.0, 2.0, 0.0, 0.0, 1.0, 1.0, 0.0, 1.0, 3.0, 3.0, 3.0, 0.0, 2.0, 0.0, 0.0, 2.0, 1.0, 0.0, 2.0, 0.0, 0.0, 2.0, 0.0, 0.0, 2.0, 1.0, 0.0, 1.0, 0.0, 0.0, 1.0, 0.0, 0.0, 0.0, 0.0, 0.0, 1.0], "bins": [-0.3499850332736969, -0.3398912847042084, -0.32979753613471985, -0.3197037875652313, -0.3096100389957428, -0.2995162904262543, -0.28942254185676575, -0.2793287932872772, -0.2692350447177887, -0.25914129614830017, -0.24904754757881165, -0.23895379900932312, -0.2288600504398346, -0.21876630187034607, -0.20867255330085754, -0.19857880473136902, -0.1884850561618805, -0.17839130759239197, -0.16829755902290344, -0.15820381045341492, -0.1481100618839264, -0.13801631331443787, -0.12792256474494934, -0.11782881617546082, -0.10773506760597229, -0.09764131903648376, -0.08754757046699524, -0.07745382189750671, -0.06736007332801819, -0.05726632475852966, -0.04717257618904114, -0.03707882761955261, -0.026985108852386475, -0.01689136028289795, -0.006797611713409424, 0.0032961368560791016, 0.013389885425567627, 0.023483633995056152, 0.03357738256454468, 0.0436711311340332, 0.05376487970352173, 0.06385862827301025, 0.07395237684249878, 0.0840461254119873, 0.09413987398147583, 0.10423362255096436, 0.11432737112045288, 0.1244211196899414, 0.13451486825942993, 0.14460861682891846, 0.15470236539840698, 0.1647961139678955, 0.17488986253738403, 0.18498361110687256, 0.19507735967636108, 0.2051711082458496, 0.21526485681533813, 0.22535860538482666, 0.23545235395431519, 0.2455461025238037, 0.25563985109329224, 0.26573359966278076, 0.2758273482322693, 0.2859210968017578, 0.29601484537124634]}, "gradients/graph_13spatial.0.weight": {"_type": "histogram",