{"batch loss": 0.762862503528595, "_timestamp": 1651873940, "_runtime": 926, "_step": 689, "epoch": 29, "train/train_loss": 0.7603946382349188, "train/train_acc": 0.6579768680007343, "train/train_f1": 0.6566908278965987, "val/val_loss": 1.0273033039910453, "val/vaL_acc": 0.5266196279666453, "val/val_f1": 0.5263965548637817, "gradients/graph_44fc2.bias": {"_type": "histogram", "values": [1.0, 0.0, 0.0, 0.0, 0.0, 0.0, 0.0, 0.0, 0.0, 0.0, 0.0, 0.0, 0.0, 0.0, 0.0, 0.0, 0.0, 0.0, 0.0, 0.0, 0.0, 0.0, 1.0, 0.0, 0.0, 0.0, 0.0, 0.0, 0.0, 0.0, 0.0, 0.0, 0.0, 0.0, 0.0, 0.0, 0.0, 0.0, 0.0, 0.0, 0.0, 0.0, 0.0, 0.0, 0.0, 0.0, 0.0, 0.0, 0.0, 0.0, 0.0, 0.0, 0.0, 0.0, 0.0, 0.0, 0.0, 0.0, 0.0, 0.0, 0.0, 0.0, 0.0, 1.0], "bins": [-0.012699417769908905, -0.012260301038622856, -0.011821184307336807, -0.011382067576050758, -0.010942949913442135, -0.010503833182156086, -0.010064716450870037, -0.009625599719583988, -0.009186482056975365, -0.008747365325689316, -0.008308248594403267, -0.007869131863117218, -0.0074300142005085945, -0.006990897469222546, -0.006551780737936497, -0.006112664006650448, -0.005673547275364399, -0.00523443054407835, -0.004795313347131014, -0.004356196615844965, -0.003917079418897629, -0.00347796268761158, -0.003038845956325531, -0.0025997289922088385, -0.0021606124937534332, -0.0017214955296367407, -0.00128237868193537, -0.0008432618342339993, -0.0004041448701173067, 3.4972093999385834e-05, 0.0004740888252854347, 0.0009132057894021273, 0.0013523241505026817, 0.0017914411146193743, 0.002230558078736067, 0.0026696748100221157, 0.0031087917741388083, 0.003547908738255501, 0.00398702546954155, 0.004426142200827599, 0.004865259863436222, 0.005304376594722271, 0.005743493791669607, 0.006182610522955656, 0.006621727719902992, 0.007060844451189041, 0.00749996118247509, 0.007939077913761139, 0.008378194645047188, 0.008817311376333237, 0.009256428107619286, 0.009695544838905334, 0.010134662501513958, 0.010573779232800007, 0.011012895964086056, 0.011452012695372105, 0.011891130357980728, 0.012330247089266777, 0.012769363820552826, 0.013208480551838875, 0.013647598214447498, 0.014086714945733547, 0.014525831677019596, 0.014964948408305645, 0.015404065139591694]}, "gradients/graph_44fc2.weight": {"_type": "histogram", "values": [1.0, 1.0, 0.0, 1.0, 0.0, 0.0, 0.0, 0.0, 0.0, 0.0, 1.0, 0.0, 3.0, 1.0, 6.0, 8.0, 9.0, 12.0, 8.0, 22.0, 21.0, 24.0, 23.0, 30.0, 37.0, 29.0, 41.0, 49.0, 58.0, 46.0, 53.0, 54.0, 57.0, 76.0, 49.0, 67.0, 52.0, 46.0, 32.0, 31.0, 35.0, 26.0, 19.0, 13.0, 20.0, 18.0, 13.0, 14.0, 6.0, 5.0, 6.0, 3.0, 3.0, 2.0, 2.0, 1.0, 4.0, 0.0, 0.0, 1.0, 0.0, 0.0, 0.0, 1.0], "bins": [-0.027252154424786568, -0.026411600410938263, -0.02557104453444481, -0.024730490520596504, -0.0238899365067482, -0.023049380630254745, -0.02220882661640644, -0.021368272602558136, -0.020527716726064682, -0.019687162712216377, -0.018846606835722923, -0.01800605282187462, -0.017165498808026314, -0.01632494479417801, -0.015484388917684555, -0.01464383490383625, -0.013803280889987946, -0.012962725944817066, -0.012122171930968761, -0.011281616985797882, -0.010441062971949577, -0.009600508026778698, -0.008759953081607819, -0.007919399067759514, -0.00707884319126606, -0.006238288711756468, -0.005397734232246876, -0.004557179287075996, -0.0037166248075664043, -0.0028760703280568123, -0.002035515382885933, -0.0011949609033763409, -0.0003544054925441742, 0.0004861491033807397, 0.0013267036993056536, 0.0021672584116458893, 0.0030078128911554813, 0.0038483673706650734, 0.004688922315835953, 0.005529476795345545, 0.006370030343532562, 0.007210584823042154, 0.008051139302551746, 0.008891694247722626, 0.00973224826157093, 0.01057280320674181, 0.01141335815191269, 0.012253912165760994, 0.013094468042254448, 0.013935022987425327, 0.014775577001273632, 0.015616131946444511, 0.016456685960292816, 0.01729724183678627, 0.018137795850634575, 0.01897834986448288, 0.019818905740976334, 0.02065945975482464, 0.021500015631318092, 0.022340569645166397, 0.023181123659014702, 0.024021677672863007, 0.02486223354935646, 0.025702787563204765, 0.02654334157705307]}, "gradients/graph_44spatial.1.weight": {"_type": "histogram", "values": [1.0, 0.0, 0.0, 0.0, 0.0, 0.0, 0.0, 1.0, 0.0, 0.0, 0.0, 0.0, 0.0, 0.0, 1.0, 0.0, 0.0, 1.0, 1.0, 0.0, 1.0, 2.0, 0.0, 1.0, 0.0, 2.0, 1.0, 0.0, 0.0, 0.0, 0.0, 0.0, 0.0, 1.0, 0.0, 1.0, 0.0, 0.0, 0.0, 1.0, 0.0, 0.0, 1.0, 0.0, 3.0, 0.0, 0.0, 0.0, 0.0, 0.0, 0.0, 0.0, 0.0, 0.0, 0.0, 0.0, 0.0, 0.0, 0.0, 0.0, 0.0, 0.0, 0.0, 1.0], "bins": [-0.025610415264964104, -0.02471696212887764, -0.023823507130146027, -0.022930052131414413, -0.02203659899532795, -0.021143145859241486, -0.020249690860509872, -0.01935623586177826, -0.018462782725691795, -0.01756932958960533, -0.016675874590873718, -0.015782419592142105, -0.014888966456055641, -0.013995512388646603, -0.013102058321237564, -0.012208604253828526, -0.011315150186419487, -0.010421696119010448, -0.00952824205160141, -0.008634787984192371, -0.007741333916783333, -0.006847879849374294, -0.005954425781965256, -0.005060971714556217, -0.004167517647147179, -0.00327406357973814, -0.0023806095123291016, -0.001487155444920063, -0.0005937013775110245, 0.00029975268989801407, 0.0011932067573070526, 0.002086660824716091, 0.0029801130294799805, 0.003873567096889019, 0.0047670211642980576, 0.005660475231707096, 0.006553929299116135, 0.007447383366525173, 0.008340837433934212, 0.00923429150134325, 0.010127745568752289, 0.011021199636161327, 0.011914653703570366, 0.012808107770979404, 0.013701561838388443, 0.014595015905797482, 0.01548846997320652, 0.016381923109292984, 0.017275378108024597, 0.01816883310675621, 0.019062286242842674, 0.019955739378929138, 0.02084919437766075, 0.021742649376392365, 0.02263610251247883, 0.023529555648565292, 0.024423010647296906, 0.02531646564602852, 0.026209918782114983, 0.027103371918201447, 0.02799682691693306, 0.028890281915664673, 0.029783735051751137, 0.0306771881878376, 0.031570643186569214]}, "gradients/graph_44spatial.1.bias": {"_type": "histogram", "values": [1.0, 0.0, 0.0, 0.0, 0.0, 0.0, 0.0, 0.0, 0.0, 1.0, 0.0, 0.0, 0.0, 0.0, 0.0, 1.0, 0.0, 0.0, 0.0, 0.0, 0.0, 0.0, 0.0, 0.0, 0.0, 0.0, 0.0, 0.0, 1.0, 0.0, 0.0, 0.0, 0.0, 0.0, 0.0, 1.0, 0.0, 3.0, 1.0, 0.0, 0.0, 0.0, 0.0, 0.0, 0.0, 0.0, 2.0, 0.0, 1.0, 1.0, 0.0, 2.0, 1.0, 0.0, 0.0, 0.0, 1.0, 0.0, 0.0, 0.0, 1.0, 0.0, 1.0, 1.0], "bins": [-0.08018477261066437, -0.07834059745073318, -0.076496422290802, -0.07465225458145142, -0.07280807942152023, -0.07096390426158905, -0.06911972910165787, -0.06727555394172668, -0.0654313862323761, -0.06358721107244492, -0.06174303963780403, -0.05989886447787285, -0.058054693043231964, -0.05621051788330078, -0.0543663427233696, -0.052522171288728714, -0.05067799240350723, -0.04883381724357605, -0.046989645808935165, -0.04514547064900398, -0.0433012992143631, -0.041457124054431915, -0.03961294889450073, -0.03776877745985985, -0.035924606025218964, -0.03408043086528778, -0.032236259430646896, -0.030392084270715714, -0.02854791097342968, -0.026703737676143646, -0.024859564378857613, -0.02301539108157158, -0.021171215921640396, -0.019327042624354362, -0.01748286932706833, -0.015638694167137146, -0.013794520869851112, -0.011950347572565079, -0.010106174275279045, -0.008262000046670437, -0.006417825818061829, -0.004573652055114508, -0.0027294785249978304, -0.0008853049948811531, 0.0009588687680661678, 0.0028030425310134888, 0.004647215828299522, 0.006491390056908131, 0.00833556242287159, 0.010179735720157623, 0.012023909948766232, 0.013868083246052265, 0.015712257474660873, 0.017556430771946907, 0.01940060406923294, 0.021244779229164124, 0.023088950663805008, 0.02493312396109104, 0.026777297258377075, 0.028621472418308258, 0.03046564571559429, 0.032309819012880325, 0.03415399044752121, 0.03599816560745239, 0.037842340767383575]}, "gradients/graph_44spatial.0.weight": {"_type": "histogram",