{"batch loss": 0.9309088587760925, "_timestamp": 1651769218, "_runtime": 436, "_step": 649, "epoch": 24, "train/train_loss": 0.8443995094299317, "train/train_acc": 0.6213515228426396, "train/train_f1": 0.6192845070837116, "val/val_loss": 0.8736901680628458, "val/vaL_acc": 0.5883190883190883, "val/val_f1": 0.5900064367901128, "gradients/graph_9fc2.bias": {"_type": "histogram", "values": [1.0, 0.0, 0.0, 0.0, 0.0, 0.0, 0.0, 0.0, 0.0, 0.0, 0.0, 0.0, 0.0, 0.0, 0.0, 0.0, 0.0, 0.0, 0.0, 0.0, 0.0, 0.0, 0.0, 0.0, 0.0, 0.0, 0.0, 0.0, 0.0, 0.0, 0.0, 0.0, 0.0, 0.0, 0.0, 0.0, 0.0, 0.0, 1.0, 0.0, 0.0, 0.0, 0.0, 0.0, 0.0, 0.0, 0.0, 0.0, 0.0, 0.0, 0.0, 0.0, 0.0, 0.0, 0.0, 0.0, 0.0, 0.0, 0.0, 0.0, 0.0, 0.0, 0.0, 1.0], "bins": [-0.021831346675753593, -0.021190136671066284, -0.020548926666378975, -0.019907718524336815, -0.019266508519649506, -0.018625298514962196, -0.017984088510274887, -0.017342878505587578, -0.01670166850090027, -0.01606045849621296, -0.015419249422848225, -0.014778039418160915, -0.01413683034479618, -0.013495620340108871, -0.012854410335421562, -0.012213200330734253, -0.011571992188692093, -0.010930782184004784, -0.010289573110640049, -0.00964836310595274, -0.009007154032588005, -0.008365944027900696, -0.0077247340232133865, -0.007083524484187365, -0.006442314945161343, -0.005801105406135321, -0.005159895867109299, -0.0045186858624219894, -0.0038774763233959675, -0.0032362667843699455, -0.00259505701251328, -0.0019538472406566143, -0.0013126395642757416, -0.0006714299088343978, -3.022025339305401e-05, 0.0006109894020482898, 0.0012521990574896336, 0.0018934085965156555, 0.002534618368372321, 0.0031758281402289867, 0.0038170376792550087, 0.004458247218281031, 0.005099456757307053, 0.005740666761994362, 0.006381876301020384, 0.007023085840046406, 0.007664295844733715, 0.00830550491809845, 0.008946714922785759, 0.009587924927473068, 0.010229134000837803, 0.010870344005525112, 0.011511553078889847, 0.012152763083577156, 0.012793973088264465, 0.013435183092951775, 0.01407639216631651, 0.014717602171003819, 0.015358811244368553, 0.016000021249055862, 0.01664123125374317, 0.01728244125843048, 0.01792364940047264, 0.01856485940515995, 0.01920606940984726]}, "gradients/graph_9fc2.weight": {"_type": "histogram", "values": [1.0, 1.0, 0.0, 0.0, 1.0, 0.0, 2.0, 3.0, 1.0, 0.0, 1.0, 2.0, 4.0, 3.0, 2.0, 4.0, 3.0, 6.0, 5.0, 7.0, 4.0, 6.0, 4.0, 8.0, 6.0, 13.0, 10.0, 3.0, 8.0, 7.0, 5.0, 6.0, 7.0, 9.0, 10.0, 6.0, 6.0, 9.0, 5.0, 7.0, 5.0, 6.0, 2.0, 8.0, 5.0, 5.0, 3.0, 2.0, 5.0, 1.0, 4.0, 4.0, 2.0, 0.0, 0.0, 1.0, 1.0, 0.0, 0.0, 0.0, 0.0, 0.0, 0.0, 1.0], "bins": [-0.02021373063325882, -0.019557466730475426, -0.018901200965046883, -0.01824493706226349, -0.017588671296834946, -0.016932407394051552, -0.016276143491268158, -0.01561987865716219, -0.014963613823056221, -0.014307348988950253, -0.013651084154844284, -0.01299482025206089, -0.012338555417954922, -0.011682290583848953, -0.01102602668106556, -0.010369761846959591, -0.009713497012853622, -0.009057232178747654, -0.008400967344641685, -0.007744703441858292, -0.007088438607752323, -0.006432173773646355, -0.0057759094052016735, -0.005119645036756992, -0.004463380202651024, -0.003807115601375699, -0.0031508510001003742, -0.0024945863988250494, -0.0018383217975497246, -0.0011820571962743998, -0.0005257925949990749, 0.00013047177344560623, 0.0007867347449064255, 0.0014429993461817503, 0.002099263947457075, 0.0027555285487324, 0.0034117931500077248, 0.004068057984113693, 0.004724322352558374, 0.005380586721003056, 0.006036851555109024, 0.0066931163892149925, 0.007349380757659674, 0.008005645126104355, 0.008661909960210323, 0.009318174794316292, 0.009974438697099686, 0.010630703531205654, 0.011286968365311623, 0.011943233199417591, 0.01259949803352356, 0.013255761936306953, 0.013912026770412922, 0.01456829160451889, 0.015224555507302284, 0.015880819410085678, 0.01653708517551422, 0.017193349078297615, 0.017849614843726158, 0.018505878746509552, 0.019162144511938095, 0.01981840841472149, 0.020474672317504883, 0.021130938082933426, 0.02178720198571682]}, "gradients/graph_9spatial.1.weight": {"_type": "histogram", "values": [1.0, 0.0, 0.0, 0.0, 0.0, 0.0, 0.0, 0.0, 0.0, 0.0, 0.0, 0.0, 0.0, 0.0, 0.0, 0.0, 0.0, 0.0, 0.0, 0.0, 0.0, 1.0, 1.0, 1.0, 0.0, 0.0, 0.0, 0.0, 1.0, 0.0, 0.0, 0.0, 0.0, 0.0, 0.0, 0.0, 0.0, 1.0, 0.0, 1.0, 0.0, 0.0, 0.0, 0.0, 0.0, 0.0, 0.0, 0.0, 0.0, 0.0, 0.0, 0.0, 0.0, 0.0, 0.0, 0.0, 0.0, 0.0, 0.0, 1.0, 0.0, 0.0, 0.0, 2.0], "bins": [-0.026948124170303345, -0.02631467953324318, -0.025681234896183014, -0.02504779025912285, -0.024414345622062683, -0.023780900985002518, -0.023147456347942352, -0.022514011710882187, -0.02188056707382202, -0.021247122436761856, -0.02061367779970169, -0.019980233162641525, -0.01934678852558136, -0.018713343888521194, -0.01807989925146103, -0.017446454614400864, -0.016813009977340698, -0.016179565340280533, -0.015546120703220367, -0.014912676066160202, -0.014279231429100037, -0.013645786792039871, -0.013012342154979706, -0.01237889751791954, -0.011745452880859375, -0.01111200824379921, -0.010478563606739044, -0.009845118969678879, -0.009211674332618713, -0.008578229695558548, -0.007944785058498383, -0.007311340421438217, -0.006677894853055477, -0.006044450215995312, -0.005411005578935146, -0.004777560941874981, -0.0041441163048148155, -0.00351067166775465, -0.0028772270306944847, -0.0022437823936343193, -0.001610337756574154, -0.0009768931195139885, -0.0003434484824538231, 0.0002899961546063423, 0.0009234407916665077, 0.0015568854287266731, 0.0021903300657868385, 0.002823774702847004, 0.0034572193399071693, 0.004090663976967335, 0.0047241086140275, 0.0053575532510876656, 0.005990997888147831, 0.006624442525207996, 0.007257887162268162, 0.007891331799328327, 0.008524776436388493, 0.009158221073448658, 0.009791665710508823, 0.010425110347568989, 0.011058554984629154, 0.01169199962168932, 0.012325444258749485, 0.01295888889580965, 0.013592333532869816]}, "gradients/graph_9spatial.1.bias": {"_type": "histogram", "values": [2.0, 0.0, 0.0, 0.0, 0.0, 0.0, 0.0, 0.0, 0.0, 0.0, 0.0, 0.0, 0.0, 0.0, 0.0, 0.0, 0.0, 0.0, 0.0, 0.0, 0.0, 0.0, 0.0, 0.0, 1.0, 0.0, 0.0, 0.0, 0.0, 0.0, 0.0, 0.0, 1.0, 0.0, 0.0, 0.0, 0.0, 0.0, 0.0, 0.0, 0.0, 1.0, 1.0, 0.0, 1.0, 0.0, 0.0, 0.0, 0.0, 0.0, 0.0, 0.0, 0.0, 0.0, 0.0, 0.0, 0.0, 0.0, 0.0, 0.0, 1.0, 1.0, 0.0, 1.0], "bins": [-0.048456113785505295, -0.047128867357969284, -0.04580162093043327, -0.04447437450289726, -0.04314712807536125, -0.04181988164782524, -0.04049263149499893, -0.03916538506746292, -0.03783813863992691, -0.0365108922123909, -0.03518364578485489, -0.03385639935731888, -0.03252915292978287, -0.031201906502246857, -0.029874658212065697, -0.028547411784529686, -0.027220167219638824, -0.025892920792102814, -0.024565674364566803, -0.023238427937030792, -0.02191118150949478, -0.02058393508195877, -0.01925668679177761, -0.0179294403642416, -0.01660219207406044, -0.01527494564652443, -0.013947699218988419, -0.012620451860129833, -0.011293205432593822, -0.009965959005057812, -0.008638711646199226, -0.007311465218663216, -0.005984224379062653, -0.004656977951526642, -0.003329731058329344, -0.0020024841651320457, -0.000675237737596035, 0.0006520086899399757, 0.001979256048798561, 0.003306502476334572, 0.004633747041225433, 0.005960993468761444, 0.007288240361958742, 0.00861548725515604, 0.009942733682692051, 0.011269980110228062, 0.012597227469086647, 0.013924473896622658, 0.015251722186803818, 0.01657896861433983, 0.01790621504187584, 0.01923346146941185, 0.02056070789694786, 0.02188795432448387, 0.02321520261466503, 0.024542449042201042, 0.025869695469737053, 0.027196941897273064, 0.028524188324809074, 0.029851436614990234, 0.031178683042526245, 0.032505929470062256, 0.03383317589759827, 0.03516042232513428, 0.03648766875267029]}, "gradients/graph_9spatial.0.weight": {"_type": "histogram",