{"batch loss": 0.7478335499763489, "_timestamp": 1651874870, "_runtime": 922, "_step": 689, "epoch": 29, "train/train_loss": 0.6119357225569811, "train/train_acc": 0.7348999449238113, "train/train_f1": 0.732578580962108, "val/val_loss": 1.3281574078968592, "val/vaL_acc": 0.514432328415651, "val/val_f1": 0.5132315076953141, "gradients/graph_45fc2.bias": {"_type": "histogram", "values": [1.0, 0.0, 0.0, 0.0, 0.0, 0.0, 0.0, 0.0, 0.0, 0.0, 0.0, 0.0, 0.0, 0.0, 0.0, 0.0, 0.0, 0.0, 0.0, 0.0, 0.0, 0.0, 0.0, 0.0, 0.0, 0.0, 0.0, 0.0, 0.0, 0.0, 0.0, 0.0, 0.0, 0.0, 0.0, 0.0, 0.0, 0.0, 0.0, 0.0, 0.0, 0.0, 0.0, 0.0, 0.0, 0.0, 0.0, 0.0, 1.0, 0.0, 0.0, 0.0, 0.0, 0.0, 0.0, 0.0, 0.0, 0.0, 0.0, 0.0, 0.0, 0.0, 0.0, 1.0], "bins": [-0.09361335635185242, -0.0911138579249382, -0.08861435949802399, -0.08611485362052917, -0.08361535519361496, -0.08111585676670074, -0.07861635833978653, -0.07611685991287231, -0.0736173540353775, -0.07111785560846329, -0.06861835718154907, -0.06611885130405426, -0.06361935287714005, -0.06111985445022583, -0.058620356023311615, -0.0561208575963974, -0.053621359169483185, -0.05112186074256897, -0.048622358590364456, -0.04612286016345024, -0.04362335801124573, -0.04112385958433151, -0.0386243611574173, -0.03612486273050308, -0.03362536057829857, -0.031125860288739204, -0.02862635999917984, -0.026126861572265625, -0.02362736128270626, -0.021127860993146896, -0.01862836256623268, -0.016128862276673317, -0.01362936943769455, -0.011129869148135185, -0.008630369789898396, -0.0061308699660003185, -0.0036313701421022415, -0.0011318698525428772, 0.0013676295056939125, 0.003867128863930702, 0.0063666291534900665, 0.00886612944304943, 0.01136562880128622, 0.01386512815952301, 0.016364628449082375, 0.01886412873864174, 0.021363627165555954, 0.02386312745511532, 0.026362627744674683, 0.028862128034234047, 0.03136162832379341, 0.033861126750707626, 0.03636062890291214, 0.038860127329826355, 0.04135962575674057, 0.043859124183654785, 0.0463586263358593, 0.048858124762773514, 0.05135762691497803, 0.05385712534189224, 0.05635662376880646, 0.05885612592101097, 0.061355624347925186, 0.0638551265001297, 0.06635462492704391]}, "gradients/graph_45fc2.weight": {"_type": "histogram", "values": [1.0, 0.0, 0.0, 0.0, 0.0, 0.0, 0.0, 1.0, 1.0, 5.0, 6.0, 1.0, 8.0, 13.0, 8.0, 7.0, 9.0, 19.0, 16.0, 25.0, 26.0, 30.0, 33.0, 60.0, 60.0, 55.0, 62.0, 71.0, 57.0, 67.0, 72.0, 89.0, 101.0, 82.0, 100.0, 83.0, 90.0, 69.0, 59.0, 77.0, 69.0, 50.0, 56.0, 36.0, 39.0, 35.0, 23.0, 18.0, 15.0, 11.0, 13.0, 3.0, 6.0, 6.0, 4.0, 8.0, 3.0, 1.0, 0.0, 0.0, 0.0, 0.0, 0.0, 1.0], "bins": [-0.036330077797174454, -0.035233959555625916, -0.034137845039367676, -0.033041730523109436, -0.0319456122815609, -0.03084949590265751, -0.02975337952375412, -0.02865726314485073, -0.027561146765947342, -0.026465030387043953, -0.025368914008140564, -0.024272797629237175, -0.023176681250333786, -0.022080564871430397, -0.020984448492527008, -0.01988833211362362, -0.01879221573472023, -0.01769609935581684, -0.016599982976913452, -0.015503866598010063, -0.014407750219106674, -0.013311633840203285, -0.012215517461299896, -0.011119401082396507, -0.010023284703493118, -0.00892716832458973, -0.00783105194568634, -0.006734935566782951, -0.005638819187879562, -0.004542702808976173, -0.0034465864300727844, -0.0023504700511693954, -0.0012543536722660065, -0.0001582372933626175, 0.0009378790855407715, 0.0020339954644441605, 0.0031301118433475494, 0.004226228222250938, 0.005322344601154327, 0.006418460980057716, 0.007514577358961105, 0.008610693737864494, 0.009706810116767883, 0.010802926495671272, 0.011899042874574661, 0.01299515925347805, 0.01409127563238144, 0.015187392011284828, 0.016283508390188217, 0.017379624769091606, 0.018475741147994995, 0.019571857526898384, 0.020667973905801773, 0.021764090284705162, 0.02286020666360855, 0.02395632304251194, 0.02505243942141533, 0.026148555800318718, 0.027244672179222107, 0.028340788558125496, 0.029436904937028885, 0.030533021315932274, 0.03162913769483566, 0.0327252522110939, 0.03382137045264244]}, "gradients/graph_45spatial.1.weight": {"_type": "histogram", "values": [1.0, 0.0, 0.0, 0.0, 0.0, 0.0, 0.0, 0.0, 0.0, 0.0, 0.0, 1.0, 0.0, 0.0, 0.0, 1.0, 0.0, 0.0, 2.0, 0.0, 1.0, 2.0, 2.0, 2.0, 0.0, 0.0, 0.0, 2.0, 1.0, 0.0, 0.0, 0.0, 2.0, 0.0, 0.0, 0.0, 0.0, 0.0, 0.0, 0.0, 0.0, 0.0, 0.0, 0.0, 0.0, 0.0, 0.0, 0.0, 0.0, 0.0, 0.0, 0.0, 0.0, 1.0, 0.0, 0.0, 0.0, 0.0, 0.0, 0.0, 0.0, 0.0, 1.0, 1.0], "bins": [-0.1887349635362625, -0.18154177069664001, -0.17434857785701752, -0.16715538501739502, -0.15996219217777252, -0.15276899933815002, -0.14557579159736633, -0.13838261365890503, -0.13118940591812134, -0.12399621307849884, -0.11680302023887634, -0.10960982739925385, -0.10241663455963135, -0.09522344172000885, -0.08803024142980576, -0.08083704859018326, -0.07364386320114136, -0.06645067036151886, -0.05925747752189636, -0.052064280956983566, -0.04487108811736107, -0.03767789527773857, -0.030484698712825775, -0.023291505873203278, -0.016098305583000183, -0.008905111812055111, -0.0017119180411100388, 0.005481276661157608, 0.012674469500780106, 0.019867662340402603, 0.0270608589053154, 0.0342540517449379, 0.041447222232818604, 0.0486404150724411, 0.0558336079120636, 0.0630268007516861, 0.0702199935913086, 0.07741318643093109, 0.08460638672113419, 0.09179957956075668, 0.09899276494979858, 0.10618595778942108, 0.11337915062904358, 0.12057234346866608, 0.12776553630828857, 0.13495872914791107, 0.14215192198753357, 0.14934512972831726, 0.15653832256793976, 0.16373151540756226, 0.17092470824718475, 0.17811790108680725, 0.18531109392642975, 0.19250428676605225, 0.19969749450683594, 0.20689067244529724, 0.21408388018608093, 0.22127707302570343, 0.22847026586532593, 0.23566345870494843, 0.24285665154457092, 0.2500498592853546, 0.2572430372238159, 0.2644362449645996, 0.2716294229030609]}, "gradients/graph_45spatial.1.bias": {"_type": "histogram", "values": [1.0, 0.0, 0.0, 0.0, 0.0, 0.0, 0.0, 0.0, 0.0, 0.0, 0.0, 0.0, 0.0, 0.0, 0.0, 1.0, 1.0, 0.0, 0.0, 1.0, 0.0, 1.0, 2.0, 1.0, 1.0, 1.0, 3.0, 1.0, 1.0, 0.0, 1.0, 0.0, 0.0, 0.0, 0.0, 1.0, 0.0, 0.0, 0.0, 0.0, 0.0, 0.0, 0.0, 0.0, 0.0, 0.0, 0.0, 0.0, 0.0, 0.0, 0.0, 0.0, 0.0, 0.0, 0.0, 1.0, 0.0, 0.0, 0.0, 0.0, 0.0, 0.0, 1.0, 1.0], "bins": [-0.47121113538742065, -0.4544588625431061, -0.4377065896987915, -0.42095428705215454, -0.40420201420783997, -0.3874497413635254, -0.3706974387168884, -0.35394516587257385, -0.3371928930282593, -0.3204406201839447, -0.3036883473396301, -0.28693604469299316, -0.2701837718486786, -0.253431499004364, -0.23667921125888824, -0.21992692351341248, -0.2031746506690979, -0.18642237782478333, -0.16967009007930756, -0.1529178023338318, -0.1361655294895172, -0.11941324919462204, -0.10266096889972687, -0.0859086886048317, -0.06915640830993652, -0.05240412801504135, -0.03565184772014618, -0.018899567425251007, -0.002147287130355835, 0.014604993164539337, 0.03135727345943451, 0.04810955375432968, 0.06486177444458008, 0.08161405473947525, 0.09836633503437042, 0.1151186153292656, 0.13187089562416077, 0.14862316846847534, 0.1653754562139511, 0.18212774395942688, 0.19888001680374146, 0.21563228964805603, 0.2323845773935318, 0.24913686513900757, 0.26588913798332214, 0.2826414108276367, 0.2993937134742737, 0.31614598631858826, 0.33289825916290283, 0.3496505320072174, 0.366402804851532, 0.38315510749816895, 0.3999073803424835, 0.4166596531867981, 0.43341195583343506, 0.45016422867774963, 0.4669165015220642, 0.4836687743663788, 0.5004210472106934, 0.5171733498573303, 0.5339256525039673, 0.5506778955459595, 0.5674301981925964, 0.5841824412345886, 0.6009347438812256]}, "gradients/graph_45spatial.0.weight": {"_type": "histogram",