{"batch loss": 0.6656865477561951, "_timestamp": 1651863209, "_runtime": 773, "_step": 689, "epoch": 29, "train/train_loss": 0.6999668262221597, "train/train_acc": 0.6978153111804664, "train/train_f1": 0.6972247270306503, "val/val_loss": 0.9317934768540519, "val/vaL_acc": 0.5522771007055804, "val/val_f1": 0.5594337017138266, "gradients/graph_27fc2.bias": {"_type": "histogram", "values": [1.0, 0.0, 0.0, 0.0, 0.0, 0.0, 0.0, 0.0, 0.0, 0.0, 0.0, 0.0, 0.0, 0.0, 0.0, 0.0, 0.0, 0.0, 0.0, 0.0, 1.0, 0.0, 0.0, 0.0, 0.0, 0.0, 0.0, 0.0, 0.0, 0.0, 0.0, 0.0, 0.0, 0.0, 0.0, 0.0, 0.0, 0.0, 0.0, 0.0, 0.0, 0.0, 0.0, 0.0, 0.0, 0.0, 0.0, 0.0, 0.0, 0.0, 0.0, 0.0, 0.0, 0.0, 0.0, 0.0, 0.0, 0.0, 0.0, 0.0, 0.0, 0.0, 0.0, 1.0], "bins": [-0.04192135110497475, -0.04044022411108017, -0.03895909711718559, -0.037477970123291016, -0.03599683940410614, -0.03451571241021156, -0.033034585416316986, -0.03155345842242241, -0.030072329565882683, -0.028591202571988106, -0.02711007371544838, -0.025628946721553802, -0.024147819727659225, -0.0226666908711195, -0.021185563877224922, -0.019704435020685196, -0.01822330802679062, -0.016742181032896042, -0.015261052176356316, -0.013779925182461739, -0.012298797257244587, -0.010817669332027435, -0.009336542338132858, -0.007855414412915707, -0.006374288350343704, -0.004893160425126553, -0.0034120329655706882, -0.001930905506014824, -0.00044977758079767227, 0.0010313503444194794, 0.0025124773383140564, 0.003993605263531208, 0.005474735051393509, 0.0069558629766106606, 0.008436990901827812, 0.00991811789572239, 0.01139924582093954, 0.012880373746156693, 0.01436150074005127, 0.015842627733945847, 0.017323758453130722, 0.0188048854470253, 0.020286014303565025, 0.021767141297459602, 0.02324827015399933, 0.024729397147893906, 0.026210524141788483, 0.02769165113568306, 0.029172778129577637, 0.030653905123472214, 0.03213503211736679, 0.033616162836551666, 0.03509728983044624, 0.03657841682434082, 0.0380595438182354, 0.039540670812129974, 0.04102180153131485, 0.04250292852520943, 0.043984055519104004, 0.04546518623828888, 0.046946313232183456, 0.04842744022607803, 0.04990856721997261, 0.05138969421386719, 0.052870821207761765]}, "gradients/graph_27fc2.weight": {"_type": "histogram", "values": [3.0, 1.0, 0.0, 0.0, 2.0, 1.0, 3.0, 4.0, 4.0, 5.0, 11.0, 17.0, 25.0, 29.0, 28.0, 32.0, 39.0, 37.0, 56.0, 46.0, 63.0, 59.0, 52.0, 51.0, 71.0, 47.0, 51.0, 44.0, 53.0, 58.0, 47.0, 53.0, 52.0, 43.0, 34.0, 35.0, 32.0, 22.0, 15.0, 17.0, 22.0, 24.0, 25.0, 30.0, 34.0, 26.0, 44.0, 48.0, 54.0, 59.0, 33.0, 41.0, 47.0, 34.0, 20.0, 19.0, 13.0, 13.0, 8.0, 7.0, 5.0, 4.0, 4.0, 4.0], "bins": [-0.045477598905563354, -0.044097449630498886, -0.04271730035543442, -0.04133715108036995, -0.03995700180530548, -0.03857685625553131, -0.03719670698046684, -0.035816557705402374, -0.034436408430337906, -0.03305625915527344, -0.03167610988020897, -0.03029596246778965, -0.02891581319272518, -0.027535663917660713, -0.026155516505241394, -0.024775367230176926, -0.023395217955112457, -0.02201506868004799, -0.02063491940498352, -0.0192547719925642, -0.017874622717499733, -0.016494473442435265, -0.01511432509869337, -0.013734176754951477, -0.012354027479887009, -0.01097387820482254, -0.009593729861080647, -0.008213581517338753, -0.006833432242274284, -0.005453283432871103, -0.004073134623467922, -0.0026929862797260284, -0.0013128332793712616, 6.731553003191948e-05, 0.0014474643394351006, 0.0028276131488382816, 0.004207761958241463, 0.005587910767644644, 0.006968059577047825, 0.008348207920789719, 0.009728357195854187, 0.011108506470918655, 0.01248865481466055, 0.013868803158402443, 0.015248952433466911, 0.01662910170853138, 0.0180092491209507, 0.019389398396015167, 0.020769547671079636, 0.022149696946144104, 0.023529846221208572, 0.02490999363362789, 0.02629014290869236, 0.02767029218375683, 0.029050439596176147, 0.030430588871240616, 0.031810738146305084, 0.03319088742136955, 0.03457103669643402, 0.03595118597149849, 0.03733133524656296, 0.03871148079633713, 0.040091630071401596, 0.041471779346466064, 0.04285192862153053]}, "gradients/graph_27spatial.1.weight": {"_type": "histogram", "values": [1.0, 0.0, 0.0, 0.0, 1.0, 1.0, 0.0, 0.0, 0.0, 1.0, 0.0, 0.0, 0.0, 0.0, 1.0, 0.0, 1.0, 1.0, 0.0, 0.0, 0.0, 0.0, 0.0, 0.0, 0.0, 0.0, 0.0, 0.0, 0.0, 1.0, 2.0, 0.0, 0.0, 1.0, 0.0, 0.0, 0.0, 1.0, 0.0, 0.0, 1.0, 0.0, 1.0, 0.0, 0.0, 1.0, 2.0, 0.0, 0.0, 0.0, 1.0, 0.0, 0.0, 0.0, 1.0, 0.0, 0.0, 0.0, 0.0, 0.0, 0.0, 0.0, 0.0, 1.0], "bins": [-0.08167040348052979, -0.07921891659498215, -0.07676742970943451, -0.07431594282388687, -0.07186445593833923, -0.0694129690527916, -0.06696148216724396, -0.06450999528169632, -0.06205850839614868, -0.059607021510601044, -0.057155534625053406, -0.05470404773950577, -0.05225256085395813, -0.04980107396841049, -0.047349587082862854, -0.044898100197315216, -0.04244661331176758, -0.03999512642621994, -0.0375436395406723, -0.035092152655124664, -0.032640665769577026, -0.03018917888402939, -0.02773769199848175, -0.025286205112934113, -0.022834718227386475, -0.020383231341838837, -0.0179317444562912, -0.01548025757074356, -0.013028770685195923, -0.010577283799648285, -0.008125796914100647, -0.005674310028553009, -0.003222830593585968, -0.0007713437080383301, 0.0016801431775093079, 0.004131630063056946, 0.006583116948604584, 0.009034603834152222, 0.01148609071969986, 0.013937577605247498, 0.016389064490795135, 0.018840551376342773, 0.02129203826189041, 0.02374352514743805, 0.026195012032985687, 0.028646498918533325, 0.031097985804080963, 0.0335494726896286, 0.03600095957517624, 0.03845244646072388, 0.040903933346271515, 0.04335542023181915, 0.04580690711736679, 0.04825839400291443, 0.05070988088846207, 0.053161367774009705, 0.05561285465955734, 0.05806434154510498, 0.06051582843065262, 0.06296731531620026, 0.0654188022017479, 0.06787028908729553, 0.07032177597284317, 0.07277326285839081, 0.07522474974393845]}, "gradients/graph_27spatial.1.bias": {"_type": "histogram", "values": [1.0, 0.0, 0.0, 0.0, 0.0, 0.0, 0.0, 0.0, 1.0, 0.0, 1.0, 1.0, 0.0, 0.0, 0.0, 0.0, 0.0, 1.0, 0.0, 0.0, 1.0, 0.0, 1.0, 0.0, 0.0, 0.0, 0.0, 0.0, 0.0, 0.0, 0.0, 0.0, 0.0, 1.0, 2.0, 0.0, 1.0, 0.0, 0.0, 1.0, 0.0, 0.0, 0.0, 1.0, 0.0, 1.0, 0.0, 0.0, 2.0, 0.0, 1.0, 0.0, 1.0, 0.0, 0.0, 1.0, 0.0, 0.0, 0.0, 0.0, 0.0, 0.0, 0.0, 1.0], "bins": [-0.12572968006134033, -0.12211140990257263, -0.11849313229322433, -0.11487486213445663, -0.11125659197568893, -0.10763831436634064, -0.10402004420757294, -0.10040177404880524, -0.09678350389003754, -0.09316523373126984, -0.08954695612192154, -0.08592868596315384, -0.08231041580438614, -0.07869213819503784, -0.07507386803627014, -0.07145559787750244, -0.06783732026815414, -0.06421905010938644, -0.060600776225328445, -0.05698250234127045, -0.05336423218250275, -0.04974595829844475, -0.04612768441438675, -0.04250941425561905, -0.03889113664627075, -0.03527286276221275, -0.03165459260344505, -0.028036318719387054, -0.024418046697974205, -0.020799774676561356, -0.017181500792503357, -0.013563228771090508, -0.00994495302438736, -0.006326680537313223, -0.002708408050239086, 0.0009098649024963379, 0.004528136923909187, 0.008146408945322037, 0.011764682829380035, 0.015382954850792885, 0.019001223146915436, 0.022619495168328285, 0.026237767189741135, 0.029856041073799133, 0.033474311232566833, 0.03709258511662483, 0.04071085900068283, 0.04432912915945053, 0.04794740676879883, 0.05156568065285683, 0.05518395081162453, 0.058802224695682526, 0.062420494854450226, 0.06603877246379852, 0.06965704262256622, 0.07327531278133392, 0.07689358294010162, 0.08051185309886932, 0.08413013070821762, 0.08774840086698532, 0.09136667102575302, 0.09498494863510132, 0.09860321879386902, 0.10222148895263672, 0.10583976656198502]}, "gradients/graph_27spatial.0.weight": {"_type": "histogram",