{"batch loss": 0.919423520565033, "_timestamp": 1651844684, "_runtime": 450, "_step": 689, "epoch": 29, "train/train_loss": 0.796630783514543, "train/train_acc": 0.6370479162841931, "train/train_f1": 0.6348958319518677, "val/val_loss": 1.1130656514848982, "val/vaL_acc": 0.49518922386144965, "val/val_f1": 0.46201110715864685, "gradients/graph_2fc2.bias": {"_type": "histogram", "values": [1.0, 0.0, 0.0, 0.0, 0.0, 0.0, 0.0, 0.0, 0.0, 0.0, 0.0, 0.0, 0.0, 0.0, 0.0, 0.0, 0.0, 0.0, 0.0, 0.0, 0.0, 0.0, 0.0, 0.0, 0.0, 0.0, 0.0, 0.0, 0.0, 0.0, 0.0, 0.0, 0.0, 0.0, 0.0, 0.0, 0.0, 0.0, 0.0, 0.0, 0.0, 0.0, 0.0, 0.0, 0.0, 0.0, 0.0, 0.0, 1.0, 0.0, 0.0, 0.0, 0.0, 0.0, 0.0, 0.0, 0.0, 0.0, 0.0, 0.0, 0.0, 0.0, 0.0, 1.0], "bins": [-0.10620593279600143, -0.10336563736200333, -0.10052534192800522, -0.09768505394458771, -0.0948447585105896, -0.09200446307659149, -0.08916416764259338, -0.08632387220859528, -0.08348357677459717, -0.08064328134059906, -0.07780298590660095, -0.07496269047260284, -0.07212240248918533, -0.06928210705518723, -0.06644181162118912, -0.06360151618719101, -0.0607612282037735, -0.05792093276977539, -0.05508064106106758, -0.05224034562706947, -0.049400053918361664, -0.046559758484363556, -0.04371946305036545, -0.04087916761636734, -0.03803887218236923, -0.035198576748371124, -0.032358285039663315, -0.029517989605665207, -0.026677696034312248, -0.02383740246295929, -0.02099710702896118, -0.018156813457608223, -0.015316516160964966, -0.012476222589612007, -0.009635928086936474, -0.0067956335842609406, -0.003955340012907982, -0.0011150464415550232, 0.0017252489924430847, 0.004565542563796043, 0.007405832409858704, 0.010246125981211662, 0.013086420483887196, 0.01592671498656273, 0.018767008557915688, 0.021607302129268646, 0.024447597563266754, 0.027287891134619713, 0.03012818843126297, 0.03296848386526108, 0.03580877557396889, 0.038649071007966995, 0.041489362716674805, 0.04432965815067291, 0.04716995358467102, 0.05001024901866913, 0.05285054072737694, 0.055690836161375046, 0.058531127870082855, 0.06137142330408096, 0.06421171873807907, 0.06705200672149658, 0.06989230215549469, 0.0727325975894928, 0.0755728930234909]}, "gradients/graph_2fc2.weight": {"_type": "histogram", "values": [2.0, 1.0, 1.0, 2.0, 1.0, 4.0, 6.0, 4.0, 9.0, 11.0, 17.0, 9.0, 13.0, 14.0, 17.0, 18.0, 10.0, 18.0, 8.0, 5.0, 2.0, 4.0, 2.0, 1.0, 0.0, 1.0, 0.0, 0.0, 0.0, 0.0, 0.0, 1.0, 2.0, 5.0, 7.0, 5.0, 20.0, 23.0, 25.0, 18.0, 25.0, 14.0, 13.0, 14.0, 14.0, 17.0, 9.0, 16.0, 13.0, 19.0, 23.0, 15.0, 12.0, 12.0, 13.0, 10.0, 5.0, 3.0, 4.0, 0.0, 1.0, 0.0, 1.0, 1.0], "bins": [-0.04055308550596237, -0.039375435560941696, -0.03819778934121132, -0.03702013939619064, -0.035842493176460266, -0.03466484323143959, -0.033487193286418915, -0.03230954706668854, -0.031131897121667862, -0.029954249039292336, -0.02877660095691681, -0.027598951011896133, -0.026421302929520607, -0.02524365484714508, -0.024066004902124405, -0.02288835681974888, -0.021710708737373352, -0.020533060654997826, -0.0193554125726223, -0.018177762627601624, -0.017000114545226097, -0.01582246646285057, -0.01464481744915247, -0.013467168435454369, -0.012289520353078842, -0.011111872270703316, -0.009934223257005215, -0.008756574243307114, -0.007578926160931587, -0.0064012776128947735, -0.00522362906485796, -0.004045980051159859, -0.0028683319687843323, -0.0016906834207475185, -0.0005130348727107048, 0.0006646136753261089, 0.0018422622233629227, 0.0030199107713997364, 0.00419755931943655, 0.005375208333134651, 0.006552856415510178, 0.007730504963546991, 0.008908153511583805, 0.010085802525281906, 0.011263450607657433, 0.012441098690032959, 0.01361874770373106, 0.014796396717429161, 0.015974044799804688, 0.017151692882180214, 0.01832934096455574, 0.019506990909576416, 0.020684638991951942, 0.02186228707432747, 0.023039937019348145, 0.02421758510172367, 0.025395233184099197, 0.026572881266474724, 0.02775052934885025, 0.028928179293870926, 0.030105827376246452, 0.03128347545862198, 0.032461125403642654, 0.03363877534866333, 0.03481642156839371]}, "gradients/graph_2spatial.1.weight": {"_type": "histogram", "values": [1.0, 1.0, 0.0, 1.0, 1.0, 0.0, 0.0, 1.0, 0.0, 0.0, 0.0, 0.0, 0.0, 0.0, 0.0, 0.0, 1.0, 0.0, 0.0, 0.0, 0.0, 0.0, 0.0, 0.0, 0.0, 0.0, 0.0, 0.0, 0.0, 0.0, 0.0, 0.0, 0.0, 0.0, 0.0, 0.0, 0.0, 0.0, 0.0, 1.0, 0.0, 0.0, 0.0, 0.0, 0.0, 0.0, 0.0, 0.0, 0.0, 1.0, 0.0, 0.0, 1.0, 0.0, 0.0, 0.0, 0.0, 0.0, 0.0, 0.0, 0.0, 0.0, 0.0, 1.0], "bins": [-0.18093590438365936, -0.17278940975666046, -0.16464291512966156, -0.15649642050266266, -0.14834992587566376, -0.14020343124866486, -0.13205695152282715, -0.12391044944524765, -0.11576395481824875, -0.10761746019124985, -0.09947096556425095, -0.09132447838783264, -0.08317798376083374, -0.07503148913383484, -0.06688499450683594, -0.058738499879837036, -0.050592005252838135, -0.04244551062583923, -0.03429901599884033, -0.02615252509713173, -0.018006030470132828, -0.009859535843133926, -0.0017130449414253235, 0.006433449685573578, 0.014579936861991882, 0.022726431488990784, 0.030872924253344536, 0.03901941701769829, 0.04716591164469719, 0.05531240627169609, 0.0634588971734047, 0.0716053918004036, 0.07975190877914429, 0.08789840340614319, 0.09604489803314209, 0.10419139266014099, 0.11233788728713989, 0.1204843819141388, 0.1286308765411377, 0.1367773711681366, 0.1449238657951355, 0.1530703604221344, 0.1612168550491333, 0.1693633496761322, 0.1775098443031311, 0.18565633893013, 0.1938028335571289, 0.2019493281841278, 0.21009580790996552, 0.21824230253696442, 0.22638879716396332, 0.23453529179096222, 0.24268178641796112, 0.25082826614379883, 0.25897476077079773, 0.26712125539779663, 0.27526775002479553, 0.28341424465179443, 0.29156073927879333, 0.29970723390579224, 0.30785372853279114, 0.31600022315979004, 0.32414671778678894, 0.33229321241378784, 0.34043970704078674]}, "gradients/graph_2spatial.1.bias": {"_type": "histogram", "values": [2.0, 0.0, 1.0, 0.0, 2.0, 0.0, 0.0, 0.0, 0.0, 0.0, 0.0, 0.0, 0.0, 0.0, 0.0, 1.0, 0.0, 0.0, 0.0, 0.0, 0.0, 0.0, 0.0, 0.0, 0.0, 0.0, 0.0, 0.0, 0.0, 0.0, 0.0, 0.0, 1.0, 0.0, 0.0, 0.0, 0.0, 0.0, 0.0, 0.0, 0.0, 0.0, 0.0, 0.0, 0.0, 0.0, 0.0, 0.0, 2.0, 0.0, 0.0, 0.0, 0.0, 0.0, 0.0, 0.0, 0.0, 0.0, 0.0, 0.0, 0.0, 0.0, 0.0, 1.0], "bins": [-0.22519780695438385, -0.2144434154033661, -0.20368902385234833, -0.19293463230133057, -0.1821802258491516, -0.17142583429813385, -0.1606714427471161, -0.14991703629493713, -0.13916265964508057, -0.1284082680940628, -0.11765386909246445, -0.10689947754144669, -0.09614507853984833, -0.08539068698883057, -0.0746362954378128, -0.06388189643621445, -0.05312749743461609, -0.04237310215830803, -0.03161870688199997, -0.020864315330982208, -0.010109920054674149, 0.0006444752216339111, 0.011398866772651672, 0.02215326577425003, 0.032907649874687195, 0.043662045150995255, 0.054416440427303314, 0.06517083197832108, 0.07592523097991943, 0.0866796225309372, 0.09743401408195496, 0.10818841308355331, 0.11894282698631287, 0.12969721853733063, 0.1404516100883484, 0.15120601654052734, 0.1619604080915451, 0.17271479964256287, 0.18346919119358063, 0.1942235827445984, 0.20497798919677734, 0.2157323807477951, 0.22648677229881287, 0.23724117875099182, 0.24799557030200958, 0.25874996185302734, 0.2695043683052063, 0.28025874495506287, 0.29101312160491943, 0.3017675280570984, 0.31252190470695496, 0.3232763111591339, 0.3340306878089905, 0.34478509426116943, 0.3555395007133484, 0.36629387736320496, 0.3770482838153839, 0.38780269026756287, 0.39855706691741943, 0.4093114733695984, 0.42006585001945496, 0.4308202564716339, 0.4415746331214905, 0.45232903957366943, 0.4630834460258484]}, "gradients/graph_2spatial.0.weight": {"_type": "histogram", "values": [2.0, 0.0, 0.0, 0.0, 0.0, 0.0, 0.0, 0.0, 1.0, 2.0, 2.0, 1.0, 1.0, 5.0, 1.0, 5.0, 4.0, 0.0, 1.0, 5.0, 13.0, 14.0, 9.0, 14.0, 18.0, 24.0, 35.0, 35.0, 41.0, 55.0, 45.0, 54.0, 63.0, 48.0, 47.0, 38.0, 29.0, 26.0, 31.0, 25.0, 19.0, 14.0, 14.0, 8.0, 10.0, 6.0, 4.0, 1.0, 8.0, 3.0, 5.0, 2.0, 0.0, 1.0, 2.0, 0.0, 1.0, 0.0, 3.0, 0.0, 3.0, 0.0, 0.0, 2.0],