{"batch loss": 0.5675535798072815, "_timestamp": 1651776708, "_runtime": 1085, "_step": 649, "epoch": 24, "train/train_loss": 0.5543947803974152, "train/train_acc": 0.764752538071066, "train/train_f1": 0.763373323913791, "val/val_loss": 1.0832385222117107, "val/vaL_acc": 0.5726495726495726, "val/val_f1": 0.5752181158123131, "gradients/graph_17fc2.bias": {"_type": "histogram", "values": [1.0, 0.0, 0.0, 0.0, 0.0, 0.0, 0.0, 0.0, 0.0, 0.0, 0.0, 0.0, 0.0, 0.0, 0.0, 0.0, 0.0, 0.0, 0.0, 0.0, 0.0, 0.0, 0.0, 0.0, 0.0, 0.0, 0.0, 0.0, 0.0, 0.0, 0.0, 0.0, 0.0, 1.0, 0.0, 0.0, 0.0, 0.0, 0.0, 0.0, 0.0, 0.0, 0.0, 0.0, 0.0, 0.0, 0.0, 0.0, 0.0, 0.0, 0.0, 0.0, 0.0, 0.0, 0.0, 0.0, 0.0, 0.0, 0.0, 0.0, 0.0, 0.0, 0.0, 1.0], "bins": [-0.058163270354270935, -0.05637374147772789, -0.054584212601184845, -0.0527946874499321, -0.05100515857338905, -0.04921562969684601, -0.04742610082030296, -0.04563657194375992, -0.04384704679250717, -0.04205751791596413, -0.04026798903942108, -0.038478463888168335, -0.03668893501162529, -0.034899406135082245, -0.0331098772585392, -0.031320348381996155, -0.02953082136809826, -0.027741292491555214, -0.025951765477657318, -0.024162236601114273, -0.022372709587216377, -0.020583180710673332, -0.018793653696775436, -0.01700412482023239, -0.015214595943689346, -0.013425067998468876, -0.011635540053248405, -0.00984601117670536, -0.008056484162807465, -0.0062669552862644196, -0.004477427341043949, -0.0026878993958234787, -0.0008983723819255829, 0.0008911556797102094, 0.0026806837413460016, 0.004470211919397116, 0.006259739864617586, 0.008049268275499344, 0.009838796220719814, 0.011628324165940285, 0.01341785117983818, 0.015207379125058651, 0.01699690707027912, 0.018786435946822166, 0.020575962960720062, 0.022365491837263107, 0.024155020713806152, 0.025944547727704048, 0.027734076604247093, 0.029523605480790138, 0.031313132494688034, 0.03310266137123108, 0.034892190247774124, 0.03668171912431717, 0.038471244275569916, 0.04026077315211296, 0.042050302028656006, 0.04383983090519905, 0.045629359781742096, 0.04741888493299484, 0.04920841380953789, 0.05099794268608093, 0.05278747156262398, 0.05457700043916702, 0.05636652559041977]}, "gradients/graph_17fc2.weight": {"_type": "histogram", "values": [1.0, 0.0, 0.0, 0.0, 1.0, 3.0, 1.0, 0.0, 2.0, 8.0, 6.0, 3.0, 9.0, 10.0, 10.0, 11.0, 11.0, 21.0, 21.0, 27.0, 33.0, 34.0, 34.0, 59.0, 66.0, 52.0, 61.0, 71.0, 76.0, 86.0, 83.0, 93.0, 76.0, 71.0, 71.0, 58.0, 47.0, 44.0, 47.0, 37.0, 43.0, 38.0, 25.0, 23.0, 10.0, 16.0, 9.0, 9.0, 3.0, 1.0, 3.0, 2.0, 1.0, 0.0, 0.0, 0.0, 1.0, 1.0, 0.0, 0.0, 0.0, 0.0, 0.0, 1.0], "bins": [-0.03448681905865669, -0.0333532840013504, -0.032219745218753815, -0.031086210161447525, -0.029952675104141235, -0.028819138184189796, -0.027685601264238358, -0.026552066206932068, -0.02541852928698063, -0.02428499236702919, -0.0231514573097229, -0.02201792038977146, -0.020884383469820023, -0.019750848412513733, -0.018617311492562294, -0.017483774572610855, -0.016350239515304565, -0.015216703526675701, -0.014083167538046837, -0.012949630618095398, -0.011816094629466534, -0.01068255864083767, -0.00954902172088623, -0.008415485732257366, -0.007281949743628502, -0.006148413754999638, -0.005014877300709486, -0.003881341079249978, -0.00274780485779047, -0.0016142688691616058, -0.00048073241487145424, 0.0006528040394186974, 0.00178634375333786, 0.002919879974797368, 0.004053416196256876, 0.005186952650547028, 0.006320488639175892, 0.007454024627804756, 0.008587561547756195, 0.00972109753638506, 0.010854633525013924, 0.011988169513642788, 0.013121705502271652, 0.014255242422223091, 0.015388778410851955, 0.01652231439948082, 0.01765585131943226, 0.018789388239383698, 0.019922923296689987, 0.021056460216641426, 0.022189995273947716, 0.023323532193899155, 0.024457067251205444, 0.025590604171156883, 0.026724141091108322, 0.027857676148414612, 0.02899121306836605, 0.03012474998831749, 0.03125828504562378, 0.03239182010293007, 0.03352535888552666, 0.03465889394283295, 0.035792429000139236, 0.036925967782735825, 0.038059502840042114]}, "gradients/graph_17spatial.1.weight": {"_type": "histogram", "values": [2.0, 0.0, 0.0, 0.0, 0.0, 1.0, 2.0, 0.0, 0.0, 1.0, 0.0, 0.0, 0.0, 1.0, 0.0, 0.0, 0.0, 1.0, 0.0, 3.0, 0.0, 0.0, 1.0, 0.0, 0.0, 0.0, 1.0, 0.0, 0.0, 0.0, 0.0, 1.0, 2.0, 1.0, 1.0, 1.0, 0.0, 0.0, 0.0, 0.0, 1.0, 0.0, 0.0, 1.0, 0.0, 0.0, 0.0, 2.0, 2.0, 0.0, 0.0, 0.0, 0.0, 0.0, 1.0, 1.0, 0.0, 0.0, 0.0, 0.0, 1.0, 1.0, 0.0, 1.0], "bins": [-0.06483028084039688, -0.06281320005655289, -0.06079612299799919, -0.0587790422141552, -0.0567619651556015, -0.05474488437175751, -0.05272780358791351, -0.05071072280406952, -0.04869364574551582, -0.04667656496167183, -0.044659487903118134, -0.04264240711927414, -0.040625326335430145, -0.03860824927687645, -0.036591168493032455, -0.03457409143447876, -0.032557010650634766, -0.03053993172943592, -0.028522852808237076, -0.02650577202439308, -0.024488693103194237, -0.022471614181995392, -0.020454533398151398, -0.018437454476952553, -0.016420375555753708, -0.014403296634554863, -0.012386216782033443, -0.010369136929512024, -0.008352058008313179, -0.006334979087114334, -0.004317899234592915, -0.002300819382071495, -0.0002837330102920532, 0.001733346376568079, 0.003750425763428211, 0.005767505150288343, 0.007784584537148476, 0.00980166345834732, 0.01181874331086874, 0.01383582316339016, 0.015852902084589005, 0.01786998100578785, 0.019887059926986694, 0.02190414071083069, 0.023921219632029533, 0.02593829855322838, 0.027955379337072372, 0.029972458258271217, 0.03198953717947006, 0.034006617963314056, 0.03602369502186775, 0.038040775805711746, 0.04005785286426544, 0.042074933648109436, 0.04409201443195343, 0.046109095215797424, 0.04812617227435112, 0.050143253058195114, 0.05216033011674881, 0.054177410900592804, 0.0561944916844368, 0.058211568742990494, 0.06022864952683449, 0.062245726585388184, 0.06426280736923218]}, "gradients/graph_17spatial.1.bias": {"_type": "histogram", "values": [1.0, 1.0, 0.0, 1.0, 0.0, 0.0, 2.0, 0.0, 0.0, 1.0, 0.0, 0.0, 0.0, 1.0, 0.0, 1.0, 0.0, 0.0, 1.0, 0.0, 0.0, 1.0, 2.0, 0.0, 0.0, 1.0, 0.0, 0.0, 1.0, 1.0, 1.0, 0.0, 1.0, 0.0, 1.0, 1.0, 1.0, 0.0, 0.0, 0.0, 1.0, 0.0, 0.0, 1.0, 0.0, 2.0, 1.0, 0.0, 1.0, 0.0, 0.0, 1.0, 0.0, 0.0, 0.0, 0.0, 0.0, 1.0, 0.0, 0.0, 0.0, 1.0, 0.0, 1.0], "bins": [-0.15042200684547424, -0.1451653093099594, -0.13990862667560577, -0.13465192914009094, -0.1293952465057373, -0.12413855642080307, -0.11888186633586884, -0.113625168800354, -0.10836848616600037, -0.10311179608106613, -0.0978551059961319, -0.09259841591119766, -0.08734172582626343, -0.0820850357413292, -0.07682834565639496, -0.07157164812088013, -0.06631495803594589, -0.06105826795101166, -0.05580157786607742, -0.05054488778114319, -0.045288197696208954, -0.04003150761127472, -0.034774813801050186, -0.02951812371611595, -0.02426142990589142, -0.019004739820957184, -0.013748048804700375, -0.008491357788443565, -0.0032346677035093307, 0.002022022381424904, 0.007278714329004288, 0.012535404413938522, 0.01779209077358246, 0.023048780858516693, 0.028305470943450928, 0.03356216102838516, 0.0388188511133194, 0.04407554119825363, 0.049332235008478165, 0.0545889250934124, 0.059845611453056335, 0.06510230153799057, 0.0703589916229248, 0.07561568170785904, 0.08087237179279327, 0.08612906187772751, 0.09138575196266174, 0.09664244949817657, 0.10189913958311081, 0.10715582966804504, 0.11241251975297928, 0.11766920983791351, 0.12292589992284775, 0.12818259000778198, 0.13343928754329681, 0.13869597017765045, 0.14395266771316528, 0.14920936524868011, 0.15446604788303375, 0.15972274541854858, 0.16497942805290222, 0.17023612558841705, 0.1754928082227707, 0.18074950575828552, 0.18600618839263916]}, "gradients/graph_17spatial.0.weight": {"_type": "histogram",