{"batch loss": 0.8109692335128784, "_timestamp": 1651852240, "_runtime": 933, "_step": 689, "epoch": 29, "train/train_loss": 0.7920981347560883, "train/train_acc": 0.657609693409216, "train/train_f1": 0.6561968459643427, "val/val_loss": 1.0212854998452323, "val/vaL_acc": 0.5426555484284797, "val/val_f1": 0.5222000908568627, "gradients/graph_11fc2.bias": {"_type": "histogram", "values": [2.0, 0.0, 0.0, 0.0, 0.0, 0.0, 0.0, 0.0, 0.0, 0.0, 0.0, 0.0, 0.0, 0.0, 0.0, 0.0, 0.0, 0.0, 0.0, 0.0, 0.0, 0.0, 0.0, 0.0, 0.0, 0.0, 0.0, 0.0, 0.0, 0.0, 0.0, 0.0, 0.0, 0.0, 0.0, 0.0, 0.0, 0.0, 0.0, 0.0, 0.0, 0.0, 0.0, 0.0, 0.0, 0.0, 0.0, 0.0, 0.0, 0.0, 0.0, 0.0, 0.0, 0.0, 0.0, 0.0, 0.0, 0.0, 0.0, 0.0, 0.0, 0.0, 0.0, 1.0], "bins": [-0.023066211491823196, -0.02199685573577881, -0.02092749811708927, -0.019858142361044884, -0.018788784742355347, -0.01771942898631096, -0.01665007323026657, -0.015580716542899609, -0.014511359855532646, -0.013442003168165684, -0.012372646480798721, -0.011303290724754333, -0.010233934037387371, -0.009164577350020409, -0.00809522159397602, -0.007025864906609058, -0.005956508219242096, -0.0048871515318751335, -0.0038177953101694584, -0.0027484388556331396, -0.0016790824010968208, -0.0006097257137298584, 0.0004596305079758167, 0.0015289867296814919, 0.0025983434170484543, 0.003667699871584773, 0.004737056326121092, 0.005806412547826767, 0.006875769235193729, 0.007945125922560692, 0.00901448167860508, 0.010083838365972042, 0.011153198778629303, 0.012222555465996265, 0.013291912153363228, 0.014361267909407616, 0.015430624596774578, 0.01649998128414154, 0.01756933704018593, 0.018638692796230316, 0.019708050414919853, 0.02077740617096424, 0.021846763789653778, 0.022916119545698166, 0.023985475301742554, 0.02505483292043209, 0.02612418867647648, 0.027193546295166016, 0.028262902051210403, 0.02933225780725479, 0.03040161542594433, 0.031470973044633865, 0.03254032880067825, 0.03360968455672264, 0.03467904031276703, 0.03574839606881142, 0.036817751824855804, 0.03788710758090019, 0.03895646333694458, 0.040025822818279266, 0.041095178574323654, 0.04216453433036804, 0.04323389008641243, 0.04430324584245682, 0.045372605323791504]}, "gradients/graph_11fc2.weight": {"_type": "histogram", "values": [1.0, 0.0, 1.0, 1.0, 1.0, 1.0, 1.0, 4.0, 4.0, 1.0, 4.0, 9.0, 11.0, 20.0, 15.0, 28.0, 23.0, 27.0, 31.0, 48.0, 50.0, 38.0, 50.0, 40.0, 43.0, 42.0, 37.0, 38.0, 26.0, 32.0, 20.0, 27.0, 18.0, 12.0, 13.0, 15.0, 7.0, 11.0, 7.0, 15.0, 6.0, 13.0, 12.0, 30.0, 24.0, 22.0, 19.0, 27.0, 24.0, 17.0, 17.0, 26.0, 19.0, 12.0, 15.0, 6.0, 7.0, 6.0, 1.0, 3.0, 1.0, 0.0, 0.0, 1.0], "bins": [-0.03439806401729584, -0.03328234329819679, -0.03216662257909775, -0.031050901859998703, -0.029935181140899658, -0.028819460421800613, -0.027703741565346718, -0.026588020846247673, -0.025472300127148628, -0.024356579408049583, -0.02324085868895054, -0.022125137969851494, -0.0210094191133976, -0.019893698394298553, -0.01877797767519951, -0.017662256956100464, -0.01654653623700142, -0.015430815517902374, -0.01431509479880333, -0.01319937501102686, -0.012083654291927814, -0.01096793357282877, -0.0098522137850523, -0.008736493065953255, -0.00762077234685421, -0.006505051627755165, -0.005389331374317408, -0.00427361112087965, -0.0031578904017806053, -0.0020421696826815605, -0.000926449429243803, 0.00018927082419395447, 0.0013049915432929993, 0.0024207120295614004, 0.0035364325158298016, 0.004652152769267559, 0.005767873488366604, 0.006883594207465649, 0.007999313995242119, 0.009115034714341164, 0.010230755433440208, 0.011346476152539253, 0.012462196871638298, 0.013577916659414768, 0.014693637378513813, 0.015809357166290283, 0.016925077885389328, 0.018040798604488373, 0.019156519323587418, 0.020272240042686462, 0.021387960761785507, 0.022503681480884552, 0.023619402199983597, 0.02473512291908264, 0.025850841775536537, 0.026966562494635582, 0.028082283213734627, 0.02919800393283367, 0.030313724651932716, 0.03142944350838661, 0.03254516422748566, 0.0336608849465847, 0.034776605665683746, 0.03589232638478279, 0.037008047103881836]}, "gradients/graph_11spatial.1.weight": {"_type": "histogram", "values": [1.0, 0.0, 0.0, 0.0, 0.0, 0.0, 0.0, 0.0, 0.0, 0.0, 0.0, 1.0, 0.0, 0.0, 0.0, 0.0, 0.0, 2.0, 0.0, 1.0, 0.0, 0.0, 0.0, 1.0, 0.0, 0.0, 1.0, 0.0, 1.0, 0.0, 0.0, 0.0, 1.0, 1.0, 1.0, 0.0, 0.0, 0.0, 0.0, 1.0, 1.0, 0.0, 0.0, 0.0, 1.0, 0.0, 0.0, 1.0, 0.0, 1.0, 0.0, 0.0, 0.0, 0.0, 1.0, 0.0, 1.0, 0.0, 1.0, 0.0, 0.0, 0.0, 0.0, 1.0], "bins": [-0.0533435083925724, -0.05200652778148651, -0.05066954344511032, -0.04933256283402443, -0.04799557849764824, -0.04665859788656235, -0.04532161355018616, -0.043984632939100266, -0.042647648602724075, -0.041310667991638184, -0.03997368365526199, -0.0386367030441761, -0.03729971870779991, -0.03596273809671402, -0.03462575376033783, -0.03328877314925194, -0.031951792538166046, -0.030614810064435005, -0.029277827590703964, -0.027940845116972923, -0.026603862643241882, -0.02526688016951084, -0.0239298976957798, -0.02259291708469391, -0.02125593274831772, -0.019918950274586678, -0.018581967800855637, -0.017244985327124596, -0.015908002853393555, -0.014571020379662514, -0.013234038837254047, -0.011897056363523006, -0.010560072958469391, -0.00922309048473835, -0.007886108011007309, -0.006549126002937555, -0.005212143529206514, -0.0038751610554754734, -0.0025381790474057198, -0.0012011965736746788, 0.00013578683137893677, 0.001472769188694656, 0.002809751546010375, 0.004146733786910772, 0.005483716260641813, 0.006820698734372854, 0.008157680742442608, 0.009494663216173649, 0.010831644758582115, 0.012168627232313156, 0.013505609706044197, 0.014842592179775238, 0.01617957465350628, 0.01751655712723732, 0.01885353773832321, 0.020190522074699402, 0.021527502685785294, 0.022864485159516335, 0.024201467633247375, 0.025538450106978416, 0.026875432580709457, 0.0282124150544405, 0.02954939752817154, 0.03088637813925743, 0.03222336247563362]}, "gradients/graph_11spatial.1.bias": {"_type": "histogram", "values": [1.0, 0.0, 0.0, 0.0, 0.0, 0.0, 0.0, 0.0, 0.0, 0.0, 0.0, 0.0, 0.0, 0.0, 0.0, 1.0, 1.0, 1.0, 0.0, 0.0, 0.0, 0.0, 0.0, 0.0, 0.0, 1.0, 0.0, 0.0, 3.0, 1.0, 0.0, 0.0, 0.0, 0.0, 0.0, 2.0, 0.0, 3.0, 0.0, 0.0, 0.0, 0.0, 0.0, 0.0, 1.0, 0.0, 0.0, 1.0, 0.0, 0.0, 0.0, 0.0, 1.0, 0.0, 0.0, 1.0, 0.0, 1.0, 0.0, 0.0, 0.0, 0.0, 0.0, 1.0], "bins": [-0.09172853827476501, -0.08913378417491913, -0.08653902262449265, -0.08394426852464676, -0.08134950697422028, -0.07875475287437439, -0.0761599913239479, -0.07356523722410202, -0.07097047567367554, -0.06837572157382965, -0.06578096002340317, -0.06318620592355728, -0.0605914443731308, -0.05799669027328491, -0.05540193244814873, -0.05280717462301254, -0.050212420523166656, -0.04761766269803047, -0.04502290487289429, -0.0424281470477581, -0.03983338922262192, -0.03723863512277603, -0.03464387729763985, -0.03204911947250366, -0.029454361647367477, -0.026859603822231293, -0.024264845997095108, -0.021670090034604073, -0.019075332209467888, -0.016480574384331703, -0.013885817490518093, -0.011291060596704483, -0.008696295320987701, -0.006101537961512804, -0.0035067806020379066, -0.0009120232425630093, 0.0016827341169118881, 0.004277491942048073, 0.006872248835861683, 0.009467005729675293, 0.012061763554811478, 0.014656521379947662, 0.017251279205083847, 0.019846035167574883, 0.022440792992711067, 0.025035550817847252, 0.027630306780338287, 0.030225064605474472, 0.03281982243061066, 0.03541458025574684, 0.038009338080883026, 0.04060409590601921, 0.043198853731155396, 0.04579360783100128, 0.048388365656137466, 0.05098312348127365, 0.053577881306409836, 0.05617263913154602, 0.058767396956682205, 0.06136215478181839, 0.06395690888166428, 0.06655167043209076, 0.06914642453193665, 0.07174117863178253, 0.07433594018220901]}, "gradients/graph_11spatial.0.weight": {"_type": "histogram",