{"batch loss": 0.8068460822105408, "_timestamp": 1651876918, "_runtime": 575, "_step": 689, "epoch": 29, "train/train_loss": 0.8614749339493838, "train/train_acc": 0.5981274095832568, "train/train_f1": 0.5959969088630943, "val/val_loss": 1.0432899849755424, "val/vaL_acc": 0.4932649134060295, "val/val_f1": 0.4767060101756518, "gradients/graph_48fc2.bias": {"_type": "histogram", "values": [1.0, 0.0, 0.0, 0.0, 0.0, 0.0, 0.0, 0.0, 0.0, 0.0, 0.0, 0.0, 0.0, 0.0, 0.0, 0.0, 0.0, 0.0, 0.0, 0.0, 0.0, 0.0, 0.0, 0.0, 0.0, 0.0, 0.0, 0.0, 0.0, 0.0, 0.0, 0.0, 0.0, 0.0, 0.0, 0.0, 0.0, 0.0, 0.0, 0.0, 0.0, 0.0, 0.0, 1.0, 0.0, 0.0, 0.0, 0.0, 0.0, 0.0, 0.0, 0.0, 0.0, 0.0, 0.0, 0.0, 0.0, 0.0, 0.0, 0.0, 0.0, 0.0, 0.0, 1.0], "bins": [-0.05473455414175987, -0.05321012809872627, -0.05168570205569267, -0.05016127601265907, -0.04863684996962547, -0.04711242392659187, -0.04558799788355827, -0.04406357184052467, -0.042539145797491074, -0.041014719754457474, -0.039490293711423874, -0.037965867668390274, -0.036441441625356674, -0.034917015582323074, -0.033392589539289474, -0.031868163496255875, -0.030343737453222275, -0.028819311410188675, -0.027294885367155075, -0.025770459324121475, -0.024246033281087875, -0.022721607238054276, -0.021197181195020676, -0.019672755151987076, -0.018148329108953476, -0.016623903065919876, -0.015099477022886276, -0.013575050979852676, -0.012050624936819077, -0.010526198893785477, -0.009001772850751877, -0.007477346807718277, -0.005952917039394379, -0.004428490996360779, -0.002904064953327179, -0.001379638910293579, 0.00014478713274002075, 0.0016692131757736206, 0.0031936392188072205, 0.00471806526184082, 0.00624249130487442, 0.00776691734790802, 0.00929134339094162, 0.01081576943397522, 0.01234019547700882, 0.01386462152004242, 0.01538904756307602, 0.01691347360610962, 0.01843789964914322, 0.01996232569217682, 0.02148675173521042, 0.02301117777824402, 0.02453560382127762, 0.026060029864311218, 0.027584455907344818, 0.029108881950378418, 0.030633307993412018, 0.03215773403644562, 0.03368216007947922, 0.03520658612251282, 0.03673101216554642, 0.03825543820858002, 0.03977986425161362, 0.04130429029464722, 0.04282871633768082]}, "gradients/graph_48fc2.weight": {"_type": "histogram", "values": [2.0, 0.0, 1.0, 0.0, 1.0, 1.0, 1.0, 1.0, 1.0, 1.0, 2.0, 4.0, 7.0, 8.0, 6.0, 8.0, 10.0, 11.0, 7.0, 13.0, 16.0, 18.0, 18.0, 15.0, 25.0, 19.0, 20.0, 18.0, 10.0, 25.0, 24.0, 21.0, 26.0, 32.0, 15.0, 30.0, 15.0, 15.0, 17.0, 14.0, 18.0, 5.0, 15.0, 10.0, 6.0, 9.0, 7.0, 4.0, 5.0, 4.0, 2.0, 0.0, 2.0, 0.0, 0.0, 1.0, 0.0, 2.0, 1.0, 0.0, 0.0, 0.0, 0.0, 1.0], "bins": [-0.025196470320224762, -0.024362904950976372, -0.023529337719082832, -0.022695772349834442, -0.021862206980586052, -0.021028641611337662, -0.020195074379444122, -0.019361509010195732, -0.018527943640947342, -0.01769437827169895, -0.016860811039805412, -0.016027245670557022, -0.015193680301308632, -0.014360114000737667, -0.013526547700166702, -0.012692982330918312, -0.011859416030347347, -0.011025849729776382, -0.010192284360527992, -0.009358718059957027, -0.008525152690708637, -0.007691586390137672, -0.006858020555227995, -0.006024454720318317, -0.005190888419747353, -0.004357322584837675, -0.0035237567499279976, -0.0026901906821876764, -0.001856624847277999, -0.0010230587795376778, -0.00018949294462800026, 0.0006440728902816772, 0.0014776382595300674, 0.002311204094439745, 0.0031447699293494225, 0.003978336229920387, 0.0048119015991687775, 0.005645467899739742, 0.00647903373464942, 0.007312599569559097, 0.008146164938807487, 0.008979731239378452, 0.009813296608626842, 0.010646862909197807, 0.011480428278446198, 0.012313994579017162, 0.013147560879588127, 0.013981126248836517, 0.014814692549407482, 0.015648258849978447, 0.016481824219226837, 0.017315389588475227, 0.018148956820368767, 0.018982522189617157, 0.019816087558865547, 0.020649652928113937, 0.021483220160007477, 0.022316785529255867, 0.023150352761149406, 0.023983918130397797, 0.024817483499646187, 0.025651048868894577, 0.026484616100788116, 0.027318181470036507, 0.028151746839284897]}, "gradients/graph_48spatial.1.weight": {"_type": "histogram", "values": [1.0, 0.0, 0.0, 0.0, 0.0, 0.0, 0.0, 0.0, 0.0, 0.0, 1.0, 0.0, 0.0, 0.0, 0.0, 0.0, 0.0, 1.0, 0.0, 0.0, 1.0, 0.0, 0.0, 0.0, 0.0, 0.0, 1.0, 1.0, 0.0, 0.0, 0.0, 0.0, 0.0, 0.0, 0.0, 0.0, 0.0, 0.0, 0.0, 0.0, 1.0, 0.0, 0.0, 0.0, 0.0, 0.0, 0.0, 0.0, 0.0, 0.0, 0.0, 1.0, 1.0, 0.0, 0.0, 0.0, 0.0, 0.0, 0.0, 0.0, 0.0, 0.0, 0.0, 1.0], "bins": [-0.06231449171900749, -0.05993571877479553, -0.057556942105293274, -0.055178169161081314, -0.052799392491579056, -0.050420619547367096, -0.04804184287786484, -0.04566306993365288, -0.04328429698944092, -0.04090552404522896, -0.0385267473757267, -0.03614797443151474, -0.03376919776201248, -0.03139042481780052, -0.029011650010943413, -0.026632875204086304, -0.024254098534584045, -0.021875323727726936, -0.019496548920869827, -0.017117775976657867, -0.014739000238478184, -0.012360225431621075, -0.00998145155608654, -0.007602676749229431, -0.005223903805017471, -0.002845129230991006, -0.0004663546569645405, 0.0019124196842312813, 0.00429119449108839, 0.006669969297945499, 0.009048743173480034, 0.011427517980337143, 0.0138062983751297, 0.01618507318198681, 0.018563847988843918, 0.020942620933055878, 0.023321397602558136, 0.025700170546770096, 0.028078945353627205, 0.030457720160484314, 0.03283649682998657, 0.03521526977419853, 0.03759404644370079, 0.03997281938791275, 0.04235159605741501, 0.04473036900162697, 0.04710914194583893, 0.049487918615341187, 0.051866691559553146, 0.054245464503765106, 0.056624241173267365, 0.059003014117479324, 0.06138179078698158, 0.06376056373119354, 0.0661393404006958, 0.06851811707019806, 0.07089688628911972, 0.07327566295862198, 0.07565443217754364, 0.0780332088470459, 0.08041198551654816, 0.08279076218605042, 0.08516953140497208, 0.08754830807447433, 0.08992708474397659]}, "gradients/graph_48spatial.1.bias": {"_type": "histogram", "values": [1.0, 0.0, 0.0, 0.0, 0.0, 0.0, 0.0, 0.0, 0.0, 0.0, 0.0, 1.0, 0.0, 0.0, 0.0, 0.0, 0.0, 0.0, 0.0, 2.0, 0.0, 0.0, 0.0, 0.0, 0.0, 0.0, 0.0, 1.0, 1.0, 0.0, 0.0, 0.0, 0.0, 0.0, 0.0, 0.0, 0.0, 0.0, 0.0, 1.0, 0.0, 0.0, 0.0, 0.0, 0.0, 0.0, 0.0, 0.0, 0.0, 0.0, 0.0, 0.0, 0.0, 0.0, 1.0, 0.0, 0.0, 0.0, 0.0, 0.0, 0.0, 1.0, 0.0, 1.0], "bins": [-0.14587096869945526, -0.14044253528118134, -0.1350141167640686, -0.12958568334579468, -0.12415726482868195, -0.11872883141040802, -0.11330040544271469, -0.10787197947502136, -0.10244355350732803, -0.0970151275396347, -0.09158670157194138, -0.08615827560424805, -0.08072984218597412, -0.07530142366886139, -0.06987299025058746, -0.06444456428289413, -0.059016138315200806, -0.05358771234750748, -0.04815928637981415, -0.04273085668683052, -0.03730243071913719, -0.03187400475144386, -0.026445575058460236, -0.021017149090766907, -0.015588715672492981, -0.010160288773477077, -0.004731861874461174, 0.0006965659558773041, 0.006124991923570633, 0.011553417891263962, 0.01698184758424759, 0.022410273551940918, 0.027838677167892456, 0.033267103135585785, 0.038695529103279114, 0.04412395879626274, 0.04955238476395607, 0.0549808107316494, 0.060409240424633026, 0.06583766639232635, 0.07126608490943909, 0.07669451087713242, 0.08212293684482574, 0.08755137026309967, 0.0929797887802124, 0.09840822219848633, 0.10383664816617966, 0.10926507413387299, 0.11469350755214691, 0.12012193351984024, 0.12555035948753357, 0.1309787929058075, 0.13640721142292023, 0.14183564484119415, 0.14726406335830688, 0.1526924967765808, 0.15812093019485474, 0.16354936361312866, 0.1689777821302414, 0.17440621554851532, 0.17983463406562805, 0.18526306748390198, 0.1906915009021759, 0.19611991941928864, 0.20154833793640137]}, "gradients/graph_48spatial.0.weight": {"_type": "histogram",