{"batch loss": 0.7844957113265991, "_timestamp": 1651797677, "_runtime": 394, "_step": 649, "epoch": 24, "train/train_loss": 0.7903389811515809, "train/train_acc": 0.6460977157360406, "train/train_f1": 0.6427422131163725, "val/val_loss": 0.8802388111750284, "val/vaL_acc": 0.5897435897435898, "val/val_f1": 0.5902340333592263, "gradients/graph_40fc2.bias": {"_type": "histogram", "values": [1.0, 0.0, 0.0, 0.0, 0.0, 0.0, 0.0, 0.0, 0.0, 0.0, 0.0, 0.0, 0.0, 0.0, 0.0, 0.0, 0.0, 0.0, 0.0, 0.0, 0.0, 0.0, 0.0, 0.0, 0.0, 0.0, 0.0, 0.0, 0.0, 0.0, 0.0, 0.0, 0.0, 0.0, 0.0, 0.0, 0.0, 0.0, 0.0, 1.0, 0.0, 0.0, 0.0, 0.0, 0.0, 0.0, 0.0, 0.0, 0.0, 0.0, 0.0, 0.0, 0.0, 0.0, 0.0, 0.0, 0.0, 0.0, 0.0, 0.0, 0.0, 0.0, 0.0, 1.0], "bins": [-0.05280294269323349, -0.05127846449613571, -0.04975398629903793, -0.048229508101940155, -0.04670502990484238, -0.0451805517077446, -0.04365607351064682, -0.04213159531354904, -0.04060711711645126, -0.039082638919353485, -0.03755816072225571, -0.03603368252515793, -0.03450920432806015, -0.03298472613096237, -0.031460247933864594, -0.029935767874121666, -0.02841128781437874, -0.02688680961728096, -0.025362331420183182, -0.023837853223085403, -0.022313375025987625, -0.020788896828889847, -0.01926441676914692, -0.01773993857204914, -0.016215458512306213, -0.014690980315208435, -0.013166502118110657, -0.011642022989690304, -0.010117544792592525, -0.008593066595494747, -0.007068587467074394, -0.005544109269976616, -0.004019632935523987, -0.002495154505595565, -0.0009706760756671429, 0.0005538025870919228, 0.002078280784189701, 0.0036027589812874794, 0.005127238109707832, 0.006651716306805611, 0.00817619264125824, 0.009700670838356018, 0.011225149035453796, 0.01274962816387415, 0.014274106360971928, 0.01579858362674713, 0.01732306368649006, 0.018847541883587837, 0.020372021943330765, 0.021896500140428543, 0.02342097833752632, 0.0249454565346241, 0.026469934731721878, 0.027994412928819656, 0.029518892988562584, 0.031043371185660362, 0.03256785124540329, 0.03409232944250107, 0.035616807639598846, 0.037141285836696625, 0.0386657640337944, 0.04019024223089218, 0.04171472042798996, 0.04323919862508774, 0.044763676822185516]}, "gradients/graph_40fc2.weight": {"_type": "histogram", "values": [2.0, 1.0, 2.0, 2.0, 2.0, 9.0, 5.0, 7.0, 13.0, 17.0, 17.0, 16.0, 12.0, 26.0, 33.0, 20.0, 26.0, 29.0, 18.0, 30.0, 21.0, 24.0, 21.0, 27.0, 27.0, 19.0, 28.0, 22.0, 30.0, 31.0, 25.0, 28.0, 34.0, 28.0, 26.0, 26.0, 23.0, 27.0, 15.0, 15.0, 23.0, 10.0, 22.0, 10.0, 15.0, 8.0, 10.0, 9.0, 9.0, 6.0, 4.0, 7.0, 2.0, 4.0, 1.0, 1.0, 2.0, 1.0, 1.0, 0.0, 0.0, 0.0, 0.0, 1.0], "bins": [-0.024703623726963997, -0.023800550028681755, -0.022897476330399513, -0.02199440263211727, -0.02109133079648018, -0.020188257098197937, -0.019285183399915695, -0.018382109701633453, -0.01747903600335121, -0.01657596230506897, -0.015672888606786728, -0.01476981583982706, -0.013866742141544819, -0.012963668443262577, -0.01206059567630291, -0.011157521978020668, -0.010254448279738426, -0.009351374581456184, -0.008448300883173943, -0.007545228116214275, -0.0066421544179320335, -0.005739080719649792, -0.004836007487028837, -0.003932934254407883, -0.003029860556125641, -0.0021267870906740427, -0.0012237136252224445, -0.00032064015977084637, 0.0005824333056807518, 0.0014855070039629936, 0.002388580236583948, 0.0032916534692049026, 0.004194729030132294, 0.0050978027284145355, 0.00600087596103549, 0.0069039491936564445, 0.007807022891938686, 0.008710096590220928, 0.009613169357180595, 0.010516243055462837, 0.011419316753745079, 0.01232239045202732, 0.013225464150309563, 0.01412853691726923, 0.015031610615551472, 0.01593468338251114, 0.01683775708079338, 0.017740830779075623, 0.018643904477357864, 0.019546978175640106, 0.020450051873922348, 0.02135312557220459, 0.02225619927048683, 0.023159272968769073, 0.024062344804406166, 0.024965418502688408, 0.02586849220097065, 0.02677156589925289, 0.027674639597535133, 0.028577713295817375, 0.029480785131454468, 0.03038385882973671, 0.03128693252801895, 0.03219000622630119, 0.033093079924583435]}, "gradients/graph_40spatial.1.weight": {"_type": "histogram", "values": [1.0, 1.0, 0.0, 0.0, 0.0, 0.0, 0.0, 0.0, 0.0, 0.0, 0.0, 0.0, 0.0, 1.0, 0.0, 0.0, 0.0, 0.0, 0.0, 0.0, 0.0, 0.0, 0.0, 0.0, 0.0, 0.0, 2.0, 1.0, 0.0, 0.0, 0.0, 0.0, 0.0, 0.0, 0.0, 0.0, 0.0, 0.0, 0.0, 0.0, 0.0, 0.0, 0.0, 0.0, 0.0, 0.0, 0.0, 0.0, 0.0, 1.0, 0.0, 0.0, 0.0, 0.0, 0.0, 0.0, 2.0, 0.0, 0.0, 0.0, 0.0, 0.0, 0.0, 1.0], "bins": [-0.1853768527507782, -0.17937195301055908, -0.17336703836917877, -0.16736212372779846, -0.16135722398757935, -0.15535232424736023, -0.14934740960597992, -0.1433424949645996, -0.1373375952243805, -0.13133269548416138, -0.12532778084278107, -0.11932287365198135, -0.11331796646118164, -0.10731305927038193, -0.10130815207958221, -0.0953032448887825, -0.08929833769798279, -0.08329343050718307, -0.07728852331638336, -0.07128361612558365, -0.06527870893478394, -0.05927380174398422, -0.05326889455318451, -0.047263987362384796, -0.04125908017158508, -0.03525417298078537, -0.029249265789985657, -0.023244358599185944, -0.01723945140838623, -0.011234544217586517, -0.005229637026786804, 0.0007752701640129089, 0.006780192255973816, 0.012785099446773529, 0.018790006637573242, 0.024794913828372955, 0.03079982101917267, 0.03680472820997238, 0.042809635400772095, 0.04881454259157181, 0.05481944978237152, 0.060824356973171234, 0.06682926416397095, 0.07283417135477066, 0.07883907854557037, 0.08484398573637009, 0.0908488929271698, 0.09685380011796951, 0.10285870730876923, 0.10886361449956894, 0.11486852169036865, 0.12087342888116837, 0.12687833607196808, 0.1328832507133484, 0.1388881504535675, 0.14489305019378662, 0.15089796483516693, 0.15690287947654724, 0.16290777921676636, 0.16891267895698547, 0.17491759359836578, 0.1809225082397461, 0.1869274079799652, 0.19293230772018433, 0.19893722236156464]}, "gradients/graph_40spatial.1.bias": {"_type": "histogram", "values": [1.0, 0.0, 0.0, 0.0, 0.0, 1.0, 0.0, 0.0, 0.0, 0.0, 0.0, 0.0, 0.0, 0.0, 0.0, 0.0, 0.0, 1.0, 0.0, 0.0, 0.0, 0.0, 0.0, 0.0, 0.0, 0.0, 0.0, 0.0, 0.0, 0.0, 1.0, 2.0, 0.0, 0.0, 0.0, 0.0, 0.0, 0.0, 0.0, 0.0, 0.0, 0.0, 0.0, 0.0, 0.0, 0.0, 0.0, 0.0, 0.0, 0.0, 0.0, 0.0, 0.0, 1.0, 0.0, 1.0, 0.0, 1.0, 0.0, 0.0, 0.0, 0.0, 0.0, 1.0], "bins": [-0.28757163882255554, -0.27890777587890625, -0.27024391293525696, -0.2615800201892853, -0.252916157245636, -0.2442522943019867, -0.2355884313583374, -0.2269245684146881, -0.21826069056987762, -0.20959682762622833, -0.20093294978141785, -0.19226908683776855, -0.18360522389411926, -0.17494134604930878, -0.16627748310565948, -0.157613605260849, -0.1489497423171997, -0.14028587937355042, -0.13162200152873993, -0.12295813858509064, -0.11429426819086075, -0.10563039779663086, -0.09696653485298157, -0.08830266445875168, -0.07963879406452179, -0.0709749236702919, -0.06231105700135231, -0.05364719033241272, -0.04498331993818283, -0.03631944954395294, -0.02765558287501335, -0.01899171620607376, -0.01032787561416626, -0.00166400708258152, 0.00699986144900322, 0.01566372998058796, 0.0243275985121727, 0.03299146890640259, 0.04165533557534218, 0.05031920224428177, 0.05898307263851166, 0.06764694303274155, 0.07631081342697144, 0.08497467637062073, 0.09363854676485062, 0.1023024171590805, 0.1109662801027298, 0.11963015049695969, 0.12829402089118958, 0.13695788383483887, 0.14562176167964935, 0.15428562462329865, 0.16294950246810913, 0.17161336541175842, 0.18027722835540771, 0.188941091299057, 0.1976049691438675, 0.20626883208751678, 0.21493270993232727, 0.22359657287597656, 0.23226043581962585, 0.24092431366443634, 0.24958817660808563, 0.2582520544528961, 0.2669159173965454]}, "gradients/graph_40spatial.0.weight": {"_type": "histogram",