{"batch loss": 0.7735125422477722, "_timestamp": 1651788810, "_runtime": 388, "_step": 649, "epoch": 24, "train/train_loss": 0.7762706899642944, "train/train_acc": 0.6551395939086294, "train/train_f1": 0.6522752204345068, "val/val_loss": 0.88905930519104, "val/vaL_acc": 0.5854700854700855, "val/val_f1": 0.5808040555960549, "gradients/graph_29fc2.bias": {"_type": "histogram", "values": [1.0, 0.0, 0.0, 0.0, 0.0, 0.0, 0.0, 0.0, 0.0, 0.0, 0.0, 0.0, 0.0, 1.0, 0.0, 0.0, 0.0, 0.0, 0.0, 0.0, 0.0, 0.0, 0.0, 0.0, 0.0, 0.0, 0.0, 0.0, 0.0, 0.0, 0.0, 0.0, 0.0, 0.0, 0.0, 0.0, 0.0, 0.0, 0.0, 0.0, 0.0, 0.0, 0.0, 0.0, 0.0, 0.0, 0.0, 0.0, 0.0, 0.0, 0.0, 0.0, 0.0, 0.0, 0.0, 0.0, 0.0, 0.0, 0.0, 0.0, 0.0, 0.0, 0.0, 1.0], "bins": [-0.05359099432826042, -0.05150461196899414, -0.04941822588443756, -0.04733184352517128, -0.0452454574406147, -0.04315907508134842, -0.04107268899679184, -0.03898630663752556, -0.03689992427825928, -0.034813541918992996, -0.03272715583443642, -0.030640773475170135, -0.028554387390613556, -0.026468005031347275, -0.024381620809435844, -0.022295236587524414, -0.020208850502967834, -0.018122466281056404, -0.016036082059144974, -0.013949698768556118, -0.011863314546644688, -0.009776930324733257, -0.0076905470341444016, -0.005604162812232971, -0.00351778045296669, -0.0014313964638859034, 0.0006549875251948833, 0.0027413712814450264, 0.004827755503356457, 0.006914139725267887, 0.009000523015856743, 0.011086907237768173, 0.013173297047615051, 0.015259681269526482, 0.017346065491437912, 0.019432447850704193, 0.021518833935260773, 0.023605216294527054, 0.025691600516438484, 0.027777984738349915, 0.029864370822906494, 0.031950753182172775, 0.034037139266729355, 0.036123521625995636, 0.038209907710552216, 0.0402962900698185, 0.04238267242908478, 0.04446905851364136, 0.04655544087290764, 0.04864182323217392, 0.0507282093167305, 0.05281459167599678, 0.05490097776055336, 0.05698736011981964, 0.05907374620437622, 0.0611601285636425, 0.06324651092290878, 0.06533289700746536, 0.06741927564144135, 0.06950566172599792, 0.0715920478105545, 0.07367843389511108, 0.07576481252908707, 0.07785119861364365, 0.07993758469820023]}, "gradients/graph_29fc2.weight": {"_type": "histogram", "values": [2.0, 0.0, 4.0, 0.0, 5.0, 6.0, 3.0, 9.0, 11.0, 9.0, 16.0, 19.0, 22.0, 25.0, 25.0, 31.0, 25.0, 29.0, 35.0, 34.0, 35.0, 35.0, 23.0, 20.0, 29.0, 20.0, 18.0, 26.0, 14.0, 11.0, 4.0, 12.0, 5.0, 5.0, 11.0, 4.0, 6.0, 4.0, 7.0, 10.0, 12.0, 19.0, 20.0, 12.0, 8.0, 19.0, 12.0, 15.0, 12.0, 13.0, 17.0, 12.0, 12.0, 11.0, 10.0, 6.0, 4.0, 3.0, 5.0, 1.0, 3.0, 3.0, 1.0, 1.0], "bins": [-0.04066969454288483, -0.039220161736011505, -0.03777063265442848, -0.03632109984755516, -0.03487157076597214, -0.033422037959098816, -0.03197250887751579, -0.03052297607064247, -0.029073446989059448, -0.027623916044831276, -0.026174385100603104, -0.02472485415637493, -0.02327532321214676, -0.021825792267918587, -0.020376261323690414, -0.018926728516817093, -0.01747719757258892, -0.01602766662836075, -0.014578135684132576, -0.013128604739904404, -0.011679073795676231, -0.010229542851448059, -0.008780010975897312, -0.00733048003166914, -0.005880948156118393, -0.004431417211890221, -0.0029818860348314047, -0.0015323548577725887, -8.282391354441643e-05, 0.0013667070306837559, 0.0028162384405732155, 0.004265769384801388, 0.0057152993977069855, 0.007164830341935158, 0.00861436128616333, 0.010063892230391502, 0.011513423174619675, 0.012962954118847847, 0.014412485994398594, 0.01586201786994934, 0.017311546951532364, 0.018761077895760536, 0.02021060883998871, 0.02166013978421688, 0.023109670728445053, 0.024559201672673225, 0.026008732616901398, 0.02745826542377472, 0.02890779636800289, 0.030357327312231064, 0.031806860119104385, 0.03325638920068741, 0.03470592200756073, 0.03615545108914375, 0.037604983896017075, 0.0390545129776001, 0.04050404578447342, 0.04195357859134674, 0.043403107672929764, 0.044852640479803085, 0.04630216956138611, 0.04775170236825943, 0.04920123144984245, 0.050650764256715775, 0.0521002933382988]}, "gradients/graph_29spatial.1.weight": {"_type": "histogram", "values": [1.0, 0.0, 0.0, 1.0, 0.0, 0.0, 0.0, 1.0, 0.0, 0.0, 0.0, 0.0, 0.0, 0.0, 0.0, 0.0, 0.0, 0.0, 1.0, 0.0, 0.0, 0.0, 0.0, 0.0, 0.0, 0.0, 0.0, 0.0, 0.0, 0.0, 0.0, 0.0, 0.0, 1.0, 0.0, 0.0, 0.0, 0.0, 0.0, 0.0, 1.0, 0.0, 0.0, 0.0, 0.0, 0.0, 1.0, 0.0, 0.0, 0.0, 2.0, 0.0, 0.0, 0.0, 0.0, 0.0, 0.0, 0.0, 0.0, 0.0, 0.0, 0.0, 0.0, 1.0], "bins": [-0.18871967494487762, -0.18247884511947632, -0.176238015294075, -0.1699971854686737, -0.1637563705444336, -0.1575155407190323, -0.15127471089363098, -0.14503388106822968, -0.13879305124282837, -0.13255222141742706, -0.12631139159202576, -0.12007056921720505, -0.11382974684238434, -0.10758891701698303, -0.10134808719158173, -0.09510725736618042, -0.08886644244194031, -0.082625612616539, -0.07638479024171829, -0.07014396041631699, -0.06390313804149628, -0.05766230821609497, -0.051421478390693665, -0.04518065229058266, -0.03893981873989105, -0.032698992639780045, -0.026458164677023888, -0.02021733671426773, -0.013976510614156723, -0.007735684514045715, -0.0014948546886444092, 0.0047459714114665985, 0.01098679006099701, 0.017227616161108017, 0.023468444123864174, 0.02970927208662033, 0.03595009818673134, 0.042190924286842346, 0.04843175411224365, 0.05467258021235466, 0.06091339886188507, 0.06715422868728638, 0.07339505106210709, 0.07963588088750839, 0.0858767032623291, 0.09211753308773041, 0.09835836291313171, 0.10459919273853302, 0.11084002256393433, 0.11708085238933563, 0.12332167476415634, 0.12956249713897705, 0.13580332696437836, 0.14204415678977966, 0.14828498661518097, 0.15452581644058228, 0.1607666313648224, 0.1670074611902237, 0.173248291015625, 0.1794891059398651, 0.18572993576526642, 0.19197076559066772, 0.19821159541606903, 0.20445242524147034, 0.21069325506687164]}, "gradients/graph_29spatial.1.bias": {"_type": "histogram", "values": [1.0, 1.0, 0.0, 1.0, 0.0, 0.0, 0.0, 0.0, 0.0, 0.0, 0.0, 0.0, 0.0, 0.0, 1.0, 0.0, 0.0, 0.0, 0.0, 0.0, 0.0, 0.0, 0.0, 0.0, 0.0, 0.0, 0.0, 0.0, 0.0, 0.0, 1.0, 0.0, 0.0, 0.0, 0.0, 0.0, 0.0, 0.0, 1.0, 0.0, 0.0, 0.0, 0.0, 0.0, 1.0, 0.0, 0.0, 0.0, 0.0, 0.0, 0.0, 2.0, 0.0, 0.0, 0.0, 0.0, 0.0, 0.0, 0.0, 0.0, 0.0, 0.0, 0.0, 1.0], "bins": [-0.25325533747673035, -0.24455007910728455, -0.23584482073783875, -0.22713956236839294, -0.21843430399894714, -0.20972904562950134, -0.20102378726005554, -0.19231852889060974, -0.18361327052116394, -0.17490801215171814, -0.16620275378227234, -0.15749749541282654, -0.14879223704338074, -0.14008697867393494, -0.13138172030448914, -0.12267646938562393, -0.11397121846675873, -0.10526596009731293, -0.09656070172786713, -0.08785544335842133, -0.07915018498897552, -0.07044492661952972, -0.06173967570066452, -0.05303441733121872, -0.044329166412353516, -0.035623908042907715, -0.026918651536107063, -0.018213395029306412, -0.009508136659860611, -0.0008028782904148102, 0.007902376353740692, 0.016607634723186493, 0.02531290054321289, 0.03401815891265869, 0.04272341728210449, 0.051428671926259995, 0.060133930295705795, 0.0688391923904419, 0.0775444433093071, 0.0862497016787529, 0.0949549674987793, 0.1036602258682251, 0.1123654842376709, 0.1210707426071167, 0.1297760009765625, 0.1384812593460083, 0.1471865177154541, 0.1558917760848999, 0.1645970195531845, 0.1733022779226303, 0.1820075362920761, 0.1907127946615219, 0.1994180530309677, 0.2081233114004135, 0.21682855486869812, 0.22553381323814392, 0.23423907160758972, 0.24294432997703552, 0.2516495883464813, 0.2603548467159271, 0.2690601050853729, 0.2777653634548187, 0.2864706218242645, 0.2951758801937103, 0.30388113856315613]}, "gradients/graph_29spatial.0.weight": {"_type": "histogram",