{"batch loss": 0.8159831762313843, "_timestamp": 1651871502, "_runtime": 512, "_step": 689, "epoch": 29, "train/train_loss": 0.8131099289113825, "train/train_acc": 0.6265834404259225, "train/train_f1": 0.6244318941721212, "val/val_loss": 0.9964662705148969, "val/vaL_acc": 0.5169980756895446, "val/val_f1": 0.5248659040750058, "gradients/graph_40fc2.bias": {"_type": "histogram", "values": [1.0, 0.0, 0.0, 0.0, 0.0, 0.0, 0.0, 0.0, 0.0, 0.0, 0.0, 0.0, 0.0, 0.0, 0.0, 0.0, 0.0, 0.0, 0.0, 0.0, 0.0, 0.0, 0.0, 0.0, 0.0, 0.0, 0.0, 0.0, 0.0, 0.0, 0.0, 0.0, 0.0, 0.0, 1.0, 0.0, 0.0, 0.0, 0.0, 0.0, 0.0, 0.0, 0.0, 0.0, 0.0, 0.0, 0.0, 0.0, 0.0, 0.0, 0.0, 0.0, 0.0, 0.0, 0.0, 0.0, 0.0, 0.0, 0.0, 0.0, 0.0, 0.0, 0.0, 1.0], "bins": [-0.06569086015224457, -0.06369061768054962, -0.06169038265943527, -0.059690143913030624, -0.05768990516662598, -0.05568966269493103, -0.05368942394852638, -0.051689185202121735, -0.04968894645571709, -0.04768870770931244, -0.04568846896290779, -0.04368823021650314, -0.0416879877448082, -0.03968775272369385, -0.0376875102519989, -0.035687271505594254, -0.033687032759189606, -0.03168679401278496, -0.02968655526638031, -0.027686314657330513, -0.025686075910925865, -0.023685837164521217, -0.02168559655547142, -0.019685357809066772, -0.017685119062662125, -0.015684880316257477, -0.013684640638530254, -0.011684400960803032, -0.009684162214398384, -0.007683923467993736, -0.005683683790266514, -0.0036834441125392914, -0.0016831979155540466, 0.0003170412965118885, 0.0023172805085778236, 0.004317519720643759, 0.006317758932709694, 0.008317997679114342, 0.010318237356841564, 0.012318477034568787, 0.014318715780973434, 0.016318954527378082, 0.01831919327378273, 0.020319433882832527, 0.022319672629237175, 0.024319911375641823, 0.02632015198469162, 0.028320390731096268, 0.030320629477500916, 0.03232086822390556, 0.03432110697031021, 0.03632134571671486, 0.03832158446311951, 0.04032182693481445, 0.0423220656812191, 0.04432230442762375, 0.0463225431740284, 0.048322781920433044, 0.05032302066683769, 0.05232325941324234, 0.054323501884937286, 0.056323736906051636, 0.05832397937774658, 0.06032421812415123, 0.06232445687055588]}, "gradients/graph_40fc2.weight": {"_type": "histogram", "values": [1.0, 1.0, 1.0, 0.0, 1.0, 2.0, 1.0, 3.0, 2.0, 5.0, 3.0, 3.0, 5.0, 11.0, 7.0, 4.0, 5.0, 9.0, 7.0, 9.0, 9.0, 12.0, 17.0, 6.0, 21.0, 26.0, 14.0, 11.0, 17.0, 18.0, 32.0, 29.0, 34.0, 19.0, 18.0, 19.0, 20.0, 26.0, 20.0, 8.0, 19.0, 14.0, 20.0, 18.0, 4.0, 4.0, 7.0, 3.0, 10.0, 1.0, 3.0, 1.0, 4.0, 1.0, 1.0, 1.0, 2.0, 0.0, 0.0, 0.0, 0.0, 0.0, 0.0, 1.0], "bins": [-0.028181612491607666, -0.02727576717734337, -0.02636992186307907, -0.025464076548814774, -0.024558231234550476, -0.02365238592028618, -0.02274654060602188, -0.021840693429112434, -0.020934848114848137, -0.02002900280058384, -0.019123157486319542, -0.018217312172055244, -0.017311466857790947, -0.0164056196808815, -0.015499775297939777, -0.014593929052352905, -0.013688084669411182, -0.012782239355146885, -0.011876394040882587, -0.010970547795295715, -0.010064702481031418, -0.00915885716676712, -0.008253011852502823, -0.007347166072577238, -0.006441321223974228, -0.00553547590970993, -0.004629630129784346, -0.003723784815520048, -0.002817939268425107, -0.0019120937213301659, -0.0010062484070658684, -0.00010040262714028358, 0.0008054431527853012, 0.0017112886998802423, 0.0026171342469751835, 0.003522979561239481, 0.004428825341165066, 0.005334670655429363, 0.006240515969693661, 0.0071463617496192455, 0.00805220752954483, 0.008958052843809128, 0.009863898158073425, 0.010769743472337723, 0.011675589717924595, 0.012581435032188892, 0.01348728034645319, 0.014393126592040062, 0.015298970974981785, 0.016204817220568657, 0.017110662534832954, 0.018016507849097252, 0.01892235316336155, 0.019828198477625847, 0.020734043791890144, 0.021639889106154442, 0.02254573442041874, 0.023451579734683037, 0.024357425048947334, 0.025263270363211632, 0.02616911567747593, 0.027074962854385376, 0.027980808168649673, 0.02888665348291397, 0.02979249879717827]}, "gradients/graph_40spatial.1.weight": {"_type": "histogram", "values": [1.0, 0.0, 0.0, 0.0, 0.0, 0.0, 0.0, 0.0, 0.0, 0.0, 0.0, 0.0, 0.0, 0.0, 0.0, 1.0, 0.0, 0.0, 0.0, 0.0, 0.0, 0.0, 1.0, 0.0, 0.0, 0.0, 0.0, 0.0, 1.0, 0.0, 1.0, 0.0, 0.0, 0.0, 0.0, 0.0, 0.0, 0.0, 0.0, 1.0, 0.0, 0.0, 0.0, 0.0, 0.0, 0.0, 0.0, 1.0, 0.0, 0.0, 0.0, 1.0, 0.0, 0.0, 1.0, 0.0, 0.0, 0.0, 0.0, 0.0, 0.0, 0.0, 0.0, 1.0], "bins": [-0.11810170859098434, -0.11462145298719406, -0.11114118993282318, -0.1076609343290329, -0.10418067872524261, -0.10070041567087173, -0.09722016006708145, -0.09373989701271057, -0.09025964140892029, -0.08677938580513, -0.08329912275075912, -0.07981886714696884, -0.07633860409259796, -0.07285834848880768, -0.0693780928850174, -0.06589783728122711, -0.06241757422685623, -0.05893731489777565, -0.05545705556869507, -0.051976799964904785, -0.048496540635824203, -0.04501628130674362, -0.04153602570295334, -0.03805576637387276, -0.034575507044792175, -0.031095247715711594, -0.02761499024927616, -0.02413473278284073, -0.020654473453760147, -0.017174214124679565, -0.013693956658244133, -0.0102136991918087, -0.006733447313308716, -0.0032531889155507088, 0.00022706948220729828, 0.0037073278799653053, 0.007187586277723312, 0.010667845606803894, 0.014148103073239326, 0.01762836053967476, 0.02110861986875534, 0.024588879197835922, 0.028069136664271355, 0.03154939413070679, 0.03502965345978737, 0.03850991278886795, 0.041990168392658234, 0.045470427721738815, 0.0489506870508194, 0.05243094637989998, 0.05591120570898056, 0.059391461312770844, 0.06287172436714172, 0.066351979970932, 0.06983223557472229, 0.07331249117851257, 0.07679275423288345, 0.08027300983667374, 0.08375327289104462, 0.0872335284948349, 0.09071378409862518, 0.09419404715299606, 0.09767430275678635, 0.10115456581115723, 0.10463482141494751]}, "gradients/graph_40spatial.1.bias": {"_type": "histogram", "values": [1.0, 0.0, 0.0, 0.0, 0.0, 0.0, 0.0, 0.0, 1.0, 0.0, 0.0, 0.0, 0.0, 0.0, 0.0, 0.0, 0.0, 0.0, 0.0, 0.0, 1.0, 0.0, 0.0, 0.0, 0.0, 0.0, 0.0, 0.0, 0.0, 1.0, 1.0, 0.0, 0.0, 0.0, 0.0, 1.0, 0.0, 0.0, 0.0, 0.0, 0.0, 0.0, 0.0, 0.0, 0.0, 0.0, 0.0, 1.0, 0.0, 2.0, 0.0, 0.0, 0.0, 0.0, 0.0, 0.0, 0.0, 0.0, 0.0, 0.0, 0.0, 0.0, 0.0, 1.0], "bins": [-0.3262631595134735, -0.3160128593444824, -0.3057625889778137, -0.29551228880882263, -0.28526198863983154, -0.27501171827316284, -0.26476141810417175, -0.25451111793518066, -0.24426084756851196, -0.23401056230068207, -0.22376026213169098, -0.21350997686386108, -0.2032596915960312, -0.1930094063282013, -0.1827591061592102, -0.1725088208913803, -0.16225852072238922, -0.15200823545455933, -0.14175793528556824, -0.13150765001773834, -0.12125736474990845, -0.11100707203149796, -0.10075677931308746, -0.09050649404525757, -0.08025619387626648, -0.07000590115785599, -0.05975561589002609, -0.0495053231716156, -0.03925503417849541, -0.029004745185375214, -0.01875445246696472, -0.008504167199134827, 0.0017461180686950684, 0.011996407993137836, 0.022246697917580605, 0.03249698877334595, 0.04274727776646614, 0.052997566759586334, 0.06324785947799683, 0.07349814474582672, 0.08374843001365662, 0.09399872273206711, 0.104249007999897, 0.1144993007183075, 0.12474958598613739, 0.13499987125396729, 0.14525017142295837, 0.15550045669078827, 0.16575075685977936, 0.17600104212760925, 0.18625134229660034, 0.19650162756443024, 0.20675191283226013, 0.21700221300125122, 0.22725249826908112, 0.237502783536911, 0.2477530837059021, 0.2580033838748932, 0.2682536542415619, 0.278503954410553, 0.28875425457954407, 0.29900452494621277, 0.30925482511520386, 0.31950509548187256, 0.32975539565086365]}, "gradients/graph_40spatial.0.weight": {"_type": "histogram",