{"batch loss": 0.17192432284355164, "_timestamp": 1651781439, "_runtime": 1239, "_step": 649, "epoch": 24, "train/train_loss": 0.22182367622852325, "train/train_acc": 0.9249682741116751, "train/train_f1": 0.9245987773639883, "val/val_loss": 1.2746580044428508, "val/vaL_acc": 0.6054131054131054, "val/val_f1": 0.6036689233402489, "gradients/graph_21fc2.bias": {"_type": "histogram", "values": [1.0, 0.0, 0.0, 0.0, 0.0, 0.0, 0.0, 0.0, 0.0, 0.0, 0.0, 0.0, 0.0, 0.0, 0.0, 0.0, 0.0, 0.0, 1.0, 0.0, 0.0, 0.0, 0.0, 0.0, 0.0, 0.0, 0.0, 0.0, 0.0, 0.0, 0.0, 0.0, 0.0, 0.0, 0.0, 0.0, 0.0, 0.0, 0.0, 0.0, 0.0, 0.0, 0.0, 0.0, 0.0, 0.0, 0.0, 0.0, 0.0, 0.0, 0.0, 0.0, 0.0, 0.0, 0.0, 0.0, 0.0, 0.0, 0.0, 0.0, 0.0, 0.0, 0.0, 1.0], "bins": [-0.014491015113890171, -0.013962928205728531, -0.013434840366244316, -0.012906753458082676, -0.012378666549921036, -0.011850578710436821, -0.01132249180227518, -0.01079440489411354, -0.010266317054629326, -0.009738230146467686, -0.009210142306983471, -0.00868205539882183, -0.00815396849066019, -0.007625881116837263, -0.007097793743014336, -0.0065697068348526955, -0.006041619926691055, -0.005513532552868128, -0.004985445644706488, -0.00445735827088356, -0.00392927136272192, -0.0034011839888989925, -0.002873096615076065, -0.0023450094740837812, -0.0018169218674302101, -0.0012888347264379263, -0.0007607474690303206, -0.000232660211622715, 0.0002954269293695688, 0.0008235140703618526, 0.0013516014441847801, 0.001879688585177064, 0.002407776191830635, 0.002935863332822919, 0.0034639504738152027, 0.00399203784763813, 0.00452012475579977, 0.005048212129622698, 0.005576299503445625, 0.0061043864116072655, 0.006632473319768906, 0.007160560693591833, 0.007688647601753473, 0.0082167349755764, 0.008744821883738041, 0.009272908791899681, 0.009800996631383896, 0.010329083539545536, 0.01085717137902975, 0.011385258287191391, 0.011913346126675606, 0.012441433034837246, 0.012969519942998886, 0.013497607782483101, 0.014025694690644741, 0.014553781598806381, 0.015081869438290596, 0.015609956346452236, 0.016138043254613876, 0.01666613109409809, 0.017194218933582306, 0.01772230491042137, 0.018250392749905586, 0.0187784805893898, 0.019306566566228867]}, "gradients/graph_21fc2.weight": {"_type": "histogram", "values": [2.0, 0.0, 0.0, 0.0, 0.0, 0.0, 0.0, 1.0, 2.0, 6.0, 2.0, 12.0, 12.0, 10.0, 11.0, 14.0, 18.0, 36.0, 43.0, 37.0, 50.0, 81.0, 90.0, 114.0, 128.0, 141.0, 171.0, 225.0, 256.0, 256.0, 270.0, 213.0, 180.0, 183.0, 136.0, 122.0, 83.0, 70.0, 62.0, 44.0, 58.0, 37.0, 30.0, 33.0, 24.0, 25.0, 8.0, 12.0, 10.0, 11.0, 12.0, 5.0, 8.0, 2.0, 0.0, 1.0, 0.0, 2.0, 0.0, 0.0, 0.0, 0.0, 0.0, 1.0], "bins": [-0.03317798674106598, -0.03207671269774437, -0.03097544051706791, -0.02987416833639145, -0.02877289429306984, -0.02767162211239338, -0.02657034993171692, -0.02546907588839531, -0.0243678018450737, -0.02326652966439724, -0.02216525562107563, -0.02106398344039917, -0.01996270939707756, -0.0188614372164011, -0.01776016503572464, -0.01665889099240303, -0.01555761881172657, -0.014456345699727535, -0.0133550725877285, -0.01225380040705204, -0.01115252636373043, -0.01005125418305397, -0.008949981071054935, -0.0078487079590559, -0.00674743577837944, -0.005646162666380405, -0.0045448895543813705, -0.003443616908043623, -0.002342343796044588, -0.0012410706840455532, -0.00013979803770780563, 0.0009614750742912292, 0.0020627491176128387, 0.0031640222296118736, 0.0042652953416109085, 0.005366567987948656, 0.006467841099947691, 0.007569114211946726, 0.008670386858284473, 0.009771659970283508, 0.010872934013605118, 0.011974207125604153, 0.013075480237603188, 0.014176752418279648, 0.015278026461601257, 0.016379298642277718, 0.017480570822954178, 0.018581844866275787, 0.019683117046952248, 0.020784389227628708, 0.021885663270950317, 0.022986935451626778, 0.024088209494948387, 0.025189481675624847, 0.026290755718946457, 0.027392027899622917, 0.028493300080299377, 0.029594572260975838, 0.030695846304297447, 0.03179711848497391, 0.03289839252829552, 0.033999666571617126, 0.03510093688964844, 0.03620221093297005, 0.037303484976291656]}, "gradients/graph_21spatial.1.weight": {"_type": "histogram", "values": [1.0, 0.0, 0.0, 0.0, 0.0, 0.0, 0.0, 0.0, 0.0, 0.0, 0.0, 1.0, 0.0, 0.0, 0.0, 0.0, 1.0, 0.0, 1.0, 0.0, 3.0, 2.0, 1.0, 2.0, 5.0, 2.0, 1.0, 4.0, 1.0, 0.0, 2.0, 2.0, 2.0, 1.0, 0.0, 1.0, 0.0, 2.0, 1.0, 0.0, 0.0, 0.0, 0.0, 0.0, 1.0, 1.0, 0.0, 0.0, 0.0, 1.0, 0.0, 0.0, 0.0, 0.0, 0.0, 0.0, 0.0, 0.0, 0.0, 0.0, 0.0, 0.0, 0.0, 1.0], "bins": [-0.0811297744512558, -0.0783161073923111, -0.0755024328827858, -0.0726887658238411, -0.0698750913143158, -0.0670614242553711, -0.06424775719642639, -0.06143408641219139, -0.05862041562795639, -0.05580674484372139, -0.05299307405948639, -0.05017940700054169, -0.047365736216306686, -0.044552065432071686, -0.041738398373126984, -0.03892472758889198, -0.03611105680465698, -0.03329738602042198, -0.03048371709883213, -0.02767004817724228, -0.02485637739300728, -0.022042706608772278, -0.019229037687182426, -0.016415368765592575, -0.013601697981357574, -0.010788028128445148, -0.007974358275532722, -0.0051606884226202965, -0.0023470185697078705, 0.0004666512832045555, 0.0032803211361169815, 0.006093990057706833, 0.008907660841941833, 0.01172133069485426, 0.014535000547766685, 0.017348669469356537, 0.020162340253591537, 0.022976011037826538, 0.02578967995941639, 0.02860334888100624, 0.03141701966524124, 0.03423069044947624, 0.03704436123371124, 0.039858028292655945, 0.042671699076890945, 0.045485369861125946, 0.04829903692007065, 0.05111270770430565, 0.05392637848854065, 0.05674004927277565, 0.05955372005701065, 0.06236738711595535, 0.06518106162548065, 0.06799472868442535, 0.07080839574337006, 0.07362206280231476, 0.07643573731184006, 0.07924940437078476, 0.08206307888031006, 0.08487674593925476, 0.08769041299819946, 0.09050408750772476, 0.09331775456666946, 0.09613142907619476, 0.09894509613513947]}, "gradients/graph_21spatial.1.bias": {"_type": "histogram", "values": [1.0, 0.0, 0.0, 0.0, 0.0, 0.0, 1.0, 0.0, 0.0, 0.0, 1.0, 0.0, 0.0, 0.0, 0.0, 1.0, 0.0, 1.0, 2.0, 3.0, 5.0, 2.0, 1.0, 1.0, 1.0, 2.0, 0.0, 0.0, 3.0, 1.0, 1.0, 1.0, 2.0, 2.0, 2.0, 1.0, 1.0, 0.0, 0.0, 1.0, 0.0, 0.0, 0.0, 0.0, 1.0, 0.0, 0.0, 1.0, 0.0, 0.0, 0.0, 0.0, 0.0, 0.0, 0.0, 0.0, 0.0, 0.0, 0.0, 0.0, 0.0, 0.0, 0.0, 1.0], "bins": [-0.04944579303264618, -0.047498591244220734, -0.04555138573050499, -0.043604180216789246, -0.0416569784283638, -0.039709776639938354, -0.03776257112622261, -0.035815365612506866, -0.03386816382408142, -0.031920962035655975, -0.02997375652194023, -0.028026552870869637, -0.026079349219799042, -0.024132145568728447, -0.022184941917657852, -0.020237738266587257, -0.018290534615516663, -0.016343330964446068, -0.014396127313375473, -0.012448923662304878, -0.010501720011234283, -0.008554516360163689, -0.006607312709093094, -0.004660109058022499, -0.0027129054069519043, -0.0007657017558813095, 0.0011815018951892853, 0.00312870554625988, 0.005075909197330475, 0.00702311284840107, 0.008970316499471664, 0.01091752015054226, 0.012864723801612854, 0.014811927452683449, 0.016759131103754044, 0.01870633475482464, 0.020653538405895233, 0.022600742056965828, 0.024547945708036423, 0.026495149359107018, 0.028442353010177612, 0.030389556661248207, 0.0323367603123188, 0.034283965826034546, 0.03623116761445999, 0.03817836940288544, 0.04012557491660118, 0.042072780430316925, 0.04401998221874237, 0.045967184007167816, 0.04791438952088356, 0.049861595034599304, 0.05180879682302475, 0.053755998611450195, 0.05570320412516594, 0.05765040963888168, 0.05959761142730713, 0.061544813215732574, 0.06349201500415802, 0.06543922424316406, 0.06738642603158951, 0.06933362782001495, 0.071280837059021, 0.07322803884744644, 0.07517524063587189]}, "gradients/graph_21spatial.0.weight": {"_type": "histogram",