{"batch loss": 0.9530367851257324, "_timestamp": 1651751983, "_runtime": 24, "_step": 194, "gradients/fc2.bias": {"_type": "histogram", "values": [1.0, 0.0, 0.0, 0.0, 0.0, 0.0, 0.0, 0.0, 0.0, 0.0, 0.0, 0.0, 0.0, 0.0, 0.0, 0.0, 0.0, 0.0, 0.0, 0.0, 0.0, 0.0, 0.0, 0.0, 0.0, 0.0, 0.0, 1.0, 0.0, 0.0, 0.0, 0.0, 0.0, 0.0, 0.0, 0.0, 0.0, 0.0, 0.0, 0.0, 0.0, 0.0, 0.0, 0.0, 0.0, 0.0, 0.0, 0.0, 0.0, 0.0, 0.0, 0.0, 0.0, 0.0, 0.0, 0.0, 0.0, 0.0, 0.0, 0.0, 0.0, 0.0, 0.0, 1.0], "bins": [-0.23102937638759613, -0.22345493733882904, -0.21588048338890076, -0.20830604434013367, -0.20073160529136658, -0.1931571513414383, -0.1855827122926712, -0.17800825834274292, -0.17043381929397583, -0.16285938024520874, -0.15528492629528046, -0.14771048724651337, -0.14013603329658508, -0.132561594247818, -0.1249871551990509, -0.11741270869970322, -0.10983826220035553, -0.10226381570100784, -0.09468936920166016, -0.08711493015289307, -0.07954048365354538, -0.07196603715419769, -0.0643915981054306, -0.056817151606082916, -0.04924270510673523, -0.04166825860738754, -0.034093815833330154, -0.026519371196627617, -0.01894492655992508, -0.011370480060577393, -0.0037960372865200043, 0.003778405487537384, 0.011352837085723877, 0.018927281722426414, 0.026501726359128952, 0.03407616913318634, 0.04165061563253403, 0.049225062131881714, 0.0567995049059391, 0.06437394767999649, 0.07194839417934418, 0.07952284067869186, 0.08709728717803955, 0.09467172622680664, 0.10224617272615433, 0.10982061922550201, 0.1173950582742691, 0.12496950477361679, 0.13254395127296448, 0.14011839032173157, 0.14769284427165985, 0.15526728332042694, 0.16284173727035522, 0.17041617631912231, 0.1779906153678894, 0.1855650544166565, 0.19313950836658478, 0.20071394741535187, 0.20828840136528015, 0.21586284041404724, 0.22343727946281433, 0.23101173341274261, 0.2385861724615097, 0.246160626411438, 0.2537350654602051]}, "gradients/fc2.weight": {"_type": "histogram", "values": [2.0, 0.0, 2.0, 1.0, 1.0, 1.0, 2.0, 3.0, 5.0, 8.0, 0.0, 6.0, 4.0, 4.0, 3.0, 4.0, 3.0, 3.0, 7.0, 1.0, 7.0, 8.0, 10.0, 13.0, 17.0, 23.0, 37.0, 35.0, 41.0, 43.0, 39.0, 52.0, 62.0, 50.0, 38.0, 37.0, 37.0, 39.0, 27.0, 28.0, 26.0, 20.0, 13.0, 10.0, 4.0, 7.0, 2.0, 5.0, 4.0, 4.0, 5.0, 3.0, 9.0, 5.0, 3.0, 3.0, 4.0, 0.0, 2.0, 1.0, 3.0, 3.0, 0.0, 1.0], "bins": [-0.1218237429857254, -0.11809302121400833, -0.11436229199171066, -0.11063157021999359, -0.10690084844827652, -0.10317011922597885, -0.09943939745426178, -0.09570866823196411, -0.09197794646024704, -0.08824722468852997, -0.0845164954662323, -0.08078577369451523, -0.07705505192279816, -0.07332432270050049, -0.06959360092878342, -0.06586287915706635, -0.062132153660058975, -0.058401428163051605, -0.054670706391334534, -0.050939980894327164, -0.047209255397319794, -0.04347853362560272, -0.03974780812859535, -0.03601708263158798, -0.03228636085987091, -0.02855563722550869, -0.02482491172850132, -0.0210941880941391, -0.01736346259713173, -0.013632738962769508, -0.009902015328407288, -0.006171289831399918, -0.0024405643343925476, 0.0012901599984616041, 0.005020884331315756, 0.008751608431339264, 0.01248233299702406, 0.016213057562708855, 0.019943781197071075, 0.023674506694078445, 0.027405232191085815, 0.031135955825448036, 0.03486667945981026, 0.03859740495681763, 0.042328130453825, 0.04605885595083237, 0.04978957772254944, 0.05352030321955681, 0.05725102499127388, 0.06098175048828125, 0.06471247225999832, 0.0684431940317154, 0.07217392325401306, 0.07590464502573013, 0.0796353667974472, 0.08336609601974487, 0.08709681779146194, 0.09082753956317902, 0.09455826878547668, 0.09828899055719376, 0.10201971232891083, 0.1057504415512085, 0.10948116332292557, 0.11321188509464264, 0.11694261431694031]}, "gradients/spatial.1.weight": {"_type": "histogram", "values": [1.0, 0.0, 1.0, 0.0, 0.0, 0.0, 0.0, 0.0, 0.0, 0.0, 0.0, 1.0, 1.0, 0.0, 0.0, 0.0, 1.0, 0.0, 0.0, 0.0, 0.0, 0.0, 0.0, 1.0, 0.0, 0.0, 0.0, 0.0, 0.0, 0.0, 1.0, 1.0, 0.0, 0.0, 0.0, 0.0, 0.0, 0.0, 0.0, 0.0, 0.0, 0.0, 1.0, 0.0, 0.0, 0.0, 0.0, 0.0, 0.0, 0.0, 0.0, 0.0, 0.0, 0.0, 0.0, 0.0, 0.0, 0.0, 0.0, 0.0, 0.0, 0.0, 0.0, 1.0], "bins": [-0.13088421523571014, -0.12588566541671753, -0.12088710814714432, -0.1158885583281517, -0.11089000105857849, -0.10589145123958588, -0.10089290142059326, -0.09589435160160065, -0.09089579433202744, -0.08589724451303482, -0.08089868724346161, -0.075900137424469, -0.07090158760547638, -0.06590303033590317, -0.06090448051691055, -0.05590592697262764, -0.05090737342834473, -0.04590881988406181, -0.0409102663397789, -0.035911716520786285, -0.030913162976503372, -0.02591460943222046, -0.020916057750582695, -0.01591750606894493, -0.010918952524662018, -0.005920399911701679, -0.0009218472987413406, 0.004076705314218998, 0.009075257927179337, 0.01407381147146225, 0.019072363153100014, 0.024070914834737778, 0.029069483280181885, 0.0340680368244648, 0.03906659036874771, 0.044065140187740326, 0.04906369373202324, 0.05406224727630615, 0.05906079709529877, 0.06405934691429138, 0.0690579041838646, 0.07405645400285721, 0.07905501127243042, 0.08405356109142303, 0.08905211091041565, 0.09405066817998886, 0.09904921799898148, 0.10404777526855469, 0.1090463250875473, 0.11404487490653992, 0.11904343217611313, 0.12404198199510574, 0.12904053926467896, 0.13403908908367157, 0.13903763890266418, 0.1440361887216568, 0.14903473854064941, 0.15403328835964203, 0.15903183817863464, 0.16403040289878845, 0.16902895271778107, 0.17402750253677368, 0.1790260523557663, 0.1840246021747589, 0.18902316689491272]}, "gradients/spatial.1.bias": {"_type": "histogram", "values": [1.0, 0.0, 0.0, 0.0, 0.0, 0.0, 0.0, 0.0, 0.0, 0.0, 0.0, 1.0, 1.0, 1.0, 0.0, 1.0, 0.0, 0.0, 0.0, 0.0, 0.0, 0.0, 0.0, 0.0, 0.0, 0.0, 1.0, 0.0, 0.0, 0.0, 0.0, 0.0, 0.0, 0.0, 1.0, 0.0, 0.0, 1.0, 0.0, 0.0, 0.0, 0.0, 0.0, 0.0, 1.0, 0.0, 0.0, 0.0, 0.0, 0.0, 0.0, 0.0, 0.0, 0.0, 0.0, 0.0, 0.0, 0.0, 0.0, 0.0, 0.0, 0.0, 0.0, 1.0], "bins": [-0.16162531077861786, -0.15622034668922424, -0.15081538259983063, -0.145410418510437, -0.1400054693222046, -0.13460050523281097, -0.12919554114341736, -0.12379057705402374, -0.11838561296463013, -0.11298064887523651, -0.1075756847858429, -0.10217072814702988, -0.09676576405763626, -0.09136079996824265, -0.08595584332942963, -0.08055087924003601, -0.0751459151506424, -0.06974095106124878, -0.06433598697185516, -0.058931030333042145, -0.05352606624364853, -0.04812110215425491, -0.042716141790151596, -0.03731118142604828, -0.03190621733665466, -0.026501255109906197, -0.02109629288315773, -0.015691330656409264, -0.010286368429660797, -0.004881406202912331, 0.0005235560238361359, 0.005928516387939453, 0.011333465576171875, 0.01673842780292034, 0.022143390029668808, 0.027548352256417274, 0.03295331448316574, 0.03835827857255936, 0.043763238936662674, 0.04916819930076599, 0.05457316339015961, 0.05997812747955322, 0.06538309156894684, 0.07078804820775986, 0.07619301229715347, 0.08159797638654709, 0.08700293302536011, 0.09240789711475372, 0.09781286120414734, 0.10321782529354095, 0.10862278938293457, 0.11402774602174759, 0.1194327101111412, 0.12483767420053482, 0.13024263083934784, 0.13564759492874146, 0.14105255901813507, 0.1464575231075287, 0.1518624871969223, 0.15726745128631592, 0.16267240047454834, 0.16807736456394196, 0.17348232865333557, 0.1788872927427292, 0.1842922568321228]}, "gradients/spatial.0.weight": {"_type": "histogram", "values": [1.0, 0.0, 0.0, 0.0, 0.0, 1.0, 3.0, 1.0, 2.0, 1.0, 1.0, 4.0, 4.0, 2.0, 3.0, 7.0, 13.0, 18.0, 25.0, 21.0, 40.0, 51.0, 82.0, 132.0, 157.0, 89.0, 42.0, 29.0, 15.0, 7.0, 5.0, 4.0, 1.0, 1.0, 3.0, 3.0, 4.0, 2.0, 3.0, 1.0, 0.0, 2.0, 5.0, 1.0, 1.0, 0.0, 0.0, 1.0, 1.0, 1.0, 3.0, 0.0, 1.0, 2.0, 1.0, 1.0, 0.0, 1.0, 0.0, 0.0, 0.0, 0.0, 0.0, 1.0],