{"batch loss": 0.8567160367965698, "_timestamp": 1651839526, "_runtime": 259, "_step": 344, "epoch": 14, "train/train_loss": 0.9145183644511483, "train/train_acc": 0.5615935377271892, "train/train_f1": 0.5597628885020054, "val/val_loss": 0.999350735119411, "val/vaL_acc": 0.4913406029506094, "val/val_f1": 0.47519490165775846, "gradients/fc2.bias": {"_type": "histogram", "values": [1.0, 0.0, 0.0, 0.0, 0.0, 0.0, 0.0, 0.0, 0.0, 0.0, 0.0, 0.0, 0.0, 0.0, 0.0, 0.0, 0.0, 0.0, 0.0, 0.0, 0.0, 0.0, 0.0, 0.0, 0.0, 0.0, 0.0, 0.0, 0.0, 0.0, 0.0, 0.0, 0.0, 0.0, 0.0, 0.0, 0.0, 0.0, 0.0, 0.0, 0.0, 0.0, 1.0, 0.0, 0.0, 0.0, 0.0, 0.0, 0.0, 0.0, 0.0, 0.0, 0.0, 0.0, 0.0, 0.0, 0.0, 0.0, 0.0, 0.0, 0.0, 0.0, 0.0, 1.0], "bins": [-0.005232958123087883, -0.00508502684533596, -0.004937095567584038, -0.004789164289832115, -0.0046412330120801926, -0.00449330173432827, -0.004345370456576347, -0.004197439178824425, -0.004049507901072502, -0.0039015766233205795, -0.003753645345568657, -0.0036057140678167343, -0.0034577827900648117, -0.003309851512312889, -0.00316192046739161, -0.0030139891896396875, -0.0028660581447184086, -0.002718126866966486, -0.0025701955892145634, -0.0024222643114626408, -0.002274333033710718, -0.0021264017559587955, -0.0019784707110375166, -0.001830539433285594, -0.0016826081555336714, -0.0015346768777817488, -0.0013867456000298262, -0.0012388144386932254, -0.0010908831609413028, -0.0009429518831893802, -0.0007950206636451185, -0.0006470894441008568, -0.0004991577006876469, -0.0003512264520395547, -0.00020329520339146256, -5.5363954743370414e-05, 9.256729390472174e-05, 0.00024049857165664434, 0.00038842979120090604, 0.0005363610107451677, 0.0006842922884970903, 0.000832223566249013, 0.0009801548440009356, 0.0011280860053375363, 0.001276017283089459, 0.0014239485608413815, 0.0015718797221779823, 0.001719810999929905, 0.0018677422776818275, 0.00201567355543375, 0.0021636048331856728, 0.0023115361109375954, 0.002459467388689518, 0.0026073986664414406, 0.0027553297113627195, 0.002903260989114642, 0.0030511922668665648, 0.0031991235446184874, 0.00334705482237041, 0.0034949861001223326, 0.0036429171450436115, 0.003790848422795534, 0.003938779700547457, 0.004086710978299379, 0.004234642256051302]}, "gradients/fc2.weight": {"_type": "histogram", "values": [1.0, 0.0, 0.0, 0.0, 3.0, 0.0, 2.0, 3.0, 3.0, 4.0, 5.0, 6.0, 7.0, 12.0, 9.0, 14.0, 18.0, 17.0, 19.0, 19.0, 19.0, 26.0, 32.0, 31.0, 29.0, 31.0, 32.0, 37.0, 43.0, 33.0, 32.0, 49.0, 39.0, 25.0, 29.0, 28.0, 32.0, 21.0, 36.0, 28.0, 21.0, 18.0, 12.0, 18.0, 9.0, 11.0, 6.0, 5.0, 6.0, 4.0, 3.0, 1.0, 5.0, 1.0, 2.0, 1.0, 0.0, 0.0, 0.0, 0.0, 0.0, 1.0, 1.0, 1.0], "bins": [-0.03133975714445114, -0.030289215967059135, -0.02923867292702198, -0.028188131749629974, -0.02713758870959282, -0.026087047532200813, -0.025036506354808807, -0.023985963314771652, -0.022935422137379646, -0.02188488095998764, -0.020834337919950485, -0.01978379674255848, -0.018733255565166473, -0.017682712525129318, -0.016632171347737312, -0.015581629239022732, -0.014531087130308151, -0.01348054502159357, -0.01243000291287899, -0.011379461735486984, -0.010328919626772404, -0.009278377518057823, -0.008227836340665817, -0.007177294231951237, -0.006126752123236656, -0.005076210014522076, -0.004025668371468782, -0.0029751264955848455, -0.0019245846197009087, -0.0008740425109863281, 0.0001764991320669651, 0.0012270407751202583, 0.002277582883834839, 0.0033281247597187757, 0.004378666635602713, 0.005429208278656006, 0.006479750387370586, 0.007530292496085167, 0.008580833673477173, 0.009631375782191753, 0.010681917890906334, 0.011732459999620914, 0.012783002108335495, 0.013833543285727501, 0.014884085394442081, 0.015934627503156662, 0.016985168680548668, 0.018035709857940674, 0.01908625289797783, 0.020136794075369835, 0.02118733711540699, 0.022237878292798996, 0.02328842133283615, 0.024338962510228157, 0.025389503687620163, 0.026440046727657318, 0.027490587905049324, 0.02854112908244133, 0.029591672122478485, 0.03064221329987049, 0.0316927544772625, 0.03274329751729965, 0.03379384055733681, 0.034844379872083664, 0.03589492291212082]}, "gradients/spatial.1.weight": {"_type": "histogram", "values": [1.0, 0.0, 1.0, 0.0, 0.0, 0.0, 0.0, 0.0, 0.0, 0.0, 0.0, 0.0, 1.0, 0.0, 0.0, 0.0, 0.0, 0.0, 0.0, 0.0, 0.0, 0.0, 0.0, 0.0, 0.0, 0.0, 0.0, 0.0, 1.0, 0.0, 0.0, 0.0, 0.0, 1.0, 0.0, 1.0, 0.0, 0.0, 1.0, 0.0, 0.0, 0.0, 0.0, 0.0, 1.0, 0.0, 0.0, 0.0, 0.0, 0.0, 0.0, 0.0, 0.0, 0.0, 0.0, 0.0, 0.0, 0.0, 0.0, 0.0, 0.0, 0.0, 1.0, 1.0], "bins": [-0.022539768368005753, -0.022078240290284157, -0.021616710349917412, -0.021155182272195816, -0.02069365233182907, -0.020232124254107475, -0.01977059617638588, -0.019309066236019135, -0.01884753815829754, -0.018386010080575943, -0.017924480140209198, -0.017462952062487602, -0.017001422122120857, -0.01653989404439926, -0.016078365966677666, -0.01561683602631092, -0.015155307948589325, -0.014693778939545155, -0.014232249930500984, -0.013770721852779388, -0.013309192843735218, -0.012847663834691048, -0.012386134825646877, -0.011924605816602707, -0.011463076807558537, -0.011001547798514366, -0.010540018789470196, -0.0100784907117486, -0.00961696170270443, -0.00915543269366026, -0.008693903684616089, -0.008232375606894493, -0.00777084706351161, -0.00730931805446744, -0.006847789511084557, -0.006386260502040386, -0.005924731958657503, -0.005463202949613333, -0.00500167440623045, -0.004540145397186279, -0.004078616853803396, -0.0036170880775898695, -0.0031555593013763428, -0.0026940302923321724, -0.0022325017489492893, -0.001770972739905119, -0.0013094439636915922, -0.0008479151874780655, -0.0003863861784338951, 7.514262688346207e-05, 0.0005366714322008193, 0.000998200266622007, 0.0014597290428355336, 0.0019212579354643822, 0.002382786711677909, 0.0028443154878914356, 0.0033058442641049623, 0.003767373040318489, 0.0042289020493626595, 0.0046904305927455425, 0.005151959601789713, 0.005613488145172596, 0.006075017154216766, 0.006536546163260937, 0.00699807470664382]}, "gradients/spatial.1.bias": {"_type": "histogram", "values": [1.0, 0.0, 0.0, 0.0, 0.0, 0.0, 0.0, 1.0, 0.0, 0.0, 0.0, 0.0, 0.0, 0.0, 0.0, 0.0, 0.0, 0.0, 0.0, 0.0, 0.0, 1.0, 0.0, 0.0, 0.0, 0.0, 0.0, 0.0, 0.0, 0.0, 0.0, 0.0, 0.0, 0.0, 0.0, 1.0, 1.0, 0.0, 0.0, 0.0, 0.0, 0.0, 0.0, 0.0, 0.0, 0.0, 0.0, 0.0, 0.0, 0.0, 0.0, 0.0, 0.0, 2.0, 1.0, 0.0, 0.0, 0.0, 0.0, 1.0, 0.0, 0.0, 0.0, 1.0], "bins": [-0.008326570503413677, -0.008091457188129425, -0.007856344804167747, -0.007621231488883495, -0.0073861186392605305, -0.007151005323976278, -0.0069158924743533134, -0.006680779159069061, -0.006445666309446096, -0.0062105534598231316, -0.005975440144538879, -0.0057403272949159145, -0.00550521444529295, -0.0052701011300086975, -0.005034988280385733, -0.004799875430762768, -0.004564762115478516, -0.004329649265855551, -0.004094535950571299, -0.0038594231009483337, -0.0036243100184947252, -0.0033891969360411167, -0.003154084086418152, -0.0029189710039645433, -0.002683858387172222, -0.0024487453047186136, -0.0022136324550956488, -0.0019785193726420403, -0.0017434062901884317, -0.001508293324150145, -0.0012731803581118584, -0.0010380672756582499, -0.0008029541932046413, -0.0005678411689586937, -0.0003327281738165766, -9.761517867445946e-05, 0.00013749784557148814, 0.00037261086981743574, 0.0006077238358557224, 0.0008428369183093309, 0.0010779500007629395, 0.0013130629668012261, 0.0015481760492548347, 0.0017832890152931213, 0.00201840209774673, 0.0022535151802003384, 0.0024886280298233032, 0.0027237411122769117, 0.0029588539618998766, 0.003193967044353485, 0.00342907989397645, 0.0036641929764300585, 0.003899306058883667, 0.004134418908506632, 0.004369531758129597, 0.004604645073413849, 0.004839757923036814, 0.005074870772659779, 0.005309984087944031, 0.005545096937566996, 0.0057802097871899605, 0.006015323102474213, 0.0062504359520971775, 0.006485548801720142, 0.0067206621170043945]}, "gradients/spatial.0.weight": {"_type": "histogram",