{"batch loss": 0.7805782556533813, "_timestamp": 1651784016, "_runtime": 863, "_step": 649, "epoch": 24, "train/train_loss": 0.7741795873641968, "train/train_acc": 0.6614847715736041, "train/train_f1": 0.6600057472416347, "val/val_loss": 0.916215201218923, "val/vaL_acc": 0.5854700854700855, "val/val_f1": 0.5863368353124564, "gradients/graph_24fc2.bias": {"_type": "histogram", "values": [1.0, 0.0, 0.0, 0.0, 0.0, 0.0, 0.0, 0.0, 0.0, 0.0, 0.0, 0.0, 0.0, 0.0, 0.0, 0.0, 0.0, 0.0, 0.0, 0.0, 1.0, 0.0, 0.0, 0.0, 0.0, 0.0, 0.0, 0.0, 0.0, 0.0, 0.0, 0.0, 0.0, 0.0, 0.0, 0.0, 0.0, 0.0, 0.0, 0.0, 0.0, 0.0, 0.0, 0.0, 0.0, 0.0, 0.0, 0.0, 0.0, 0.0, 0.0, 0.0, 0.0, 0.0, 0.0, 0.0, 0.0, 0.0, 0.0, 0.0, 0.0, 0.0, 0.0, 1.0], "bins": [-0.03148919716477394, -0.030369577929377556, -0.02924995869398117, -0.028130339458584785, -0.0270107202231884, -0.025891100987792015, -0.02477148175239563, -0.023651860654354095, -0.02253224328160286, -0.021412624046206474, -0.02029300481081009, -0.019173385575413704, -0.01805376634001732, -0.016934147104620934, -0.01581452786922455, -0.014694907702505589, -0.013575287535786629, -0.012455668300390244, -0.011336049064993858, -0.010216429829597473, -0.009096810594201088, -0.007977191358804703, -0.006857571192085743, -0.005737951956689358, -0.004618331789970398, -0.0034987125545740128, -0.002379093086346984, -0.001259473618119955, -0.00013985438272356987, 0.0009797648526728153, 0.002099384553730488, 0.003219003789126873, 0.004338622093200684, 0.005458241328597069, 0.006577860563993454, 0.0076974802650511265, 0.008817099034786224, 0.00993671827018261, 0.01105633843690157, 0.012175957672297955, 0.013295575976371765, 0.01441519521176815, 0.015534814447164536, 0.01665443368256092, 0.017774052917957306, 0.01889367215335369, 0.020013291388750076, 0.02113291248679161, 0.022252531722187996, 0.02337215095758438, 0.024491770192980766, 0.02561138942837715, 0.026731008663773537, 0.027850627899169922, 0.028970248997211456, 0.030089866369962692, 0.031209487468004227, 0.03232910856604576, 0.033448725938797, 0.03456834703683853, 0.03568796440958977, 0.0368075855076313, 0.03792720288038254, 0.03904682397842407, 0.04016644135117531]}, "gradients/graph_24fc2.weight": {"_type": "histogram", "values": [1.0, 0.0, 1.0, 1.0, 1.0, 0.0, 2.0, 2.0, 2.0, 6.0, 5.0, 4.0, 11.0, 10.0, 10.0, 9.0, 21.0, 14.0, 28.0, 21.0, 32.0, 33.0, 45.0, 52.0, 56.0, 66.0, 51.0, 53.0, 70.0, 78.0, 90.0, 96.0, 89.0, 65.0, 90.0, 69.0, 70.0, 66.0, 46.0, 59.0, 51.0, 51.0, 40.0, 45.0, 41.0, 31.0, 24.0, 20.0, 31.0, 20.0, 15.0, 13.0, 13.0, 9.0, 7.0, 3.0, 3.0, 5.0, 5.0, 2.0, 3.0, 1.0, 1.0, 1.0], "bins": [-0.04717544466257095, -0.04575001448392868, -0.04432458430528641, -0.042899150401353836, -0.04147372022271156, -0.04004829004406929, -0.03862285614013672, -0.037197425961494446, -0.03577199578285217, -0.0343465656042099, -0.03292113542556763, -0.031495701521635056, -0.030070271342992783, -0.02864484116435051, -0.027219409123063087, -0.025793977081775665, -0.024368546903133392, -0.02294311672449112, -0.021517684683203697, -0.020092252641916275, -0.018666822463274002, -0.01724139228463173, -0.015815960243344307, -0.01439052913337946, -0.012965098023414612, -0.011539666913449764, -0.010114235803484917, -0.008688804693520069, -0.0072633735835552216, -0.005837942473590374, -0.004412511363625526, -0.002987080253660679, -0.0015616454184055328, -0.00013621430844068527, 0.0012892168015241623, 0.00271464791148901, 0.004140079021453857, 0.005565510131418705, 0.0069909412413835526, 0.0084163723513484, 0.009841803461313248, 0.011267234571278095, 0.012692665681242943, 0.01411809679120779, 0.015543527901172638, 0.01696895807981491, 0.018394390121102333, 0.019819822162389755, 0.021245252341032028, 0.0226706825196743, 0.024096114560961723, 0.025521546602249146, 0.02694697678089142, 0.02837240695953369, 0.029797839000821114, 0.031223271042108536, 0.03264870122075081, 0.03407413139939308, 0.03549956530332565, 0.036924995481967926, 0.0383504256606102, 0.03977585583925247, 0.041201286017894745, 0.042626719921827316, 0.04405215010046959]}, "gradients/graph_24spatial.1.weight": {"_type": "histogram", "values": [1.0, 0.0, 0.0, 0.0, 0.0, 0.0, 0.0, 0.0, 0.0, 0.0, 1.0, 0.0, 0.0, 0.0, 0.0, 1.0, 0.0, 0.0, 0.0, 0.0, 0.0, 0.0, 1.0, 0.0, 0.0, 0.0, 1.0, 0.0, 0.0, 0.0, 1.0, 0.0, 0.0, 1.0, 0.0, 0.0, 1.0, 1.0, 1.0, 0.0, 0.0, 0.0, 1.0, 0.0, 0.0, 1.0, 1.0, 0.0, 0.0, 1.0, 0.0, 0.0, 1.0, 0.0, 0.0, 1.0, 0.0, 0.0, 1.0, 0.0, 1.0, 0.0, 0.0, 2.0], "bins": [-0.06406687945127487, -0.0625903531908989, -0.06111382320523262, -0.059637296944856644, -0.05816077068448067, -0.05668424069881439, -0.055207714438438416, -0.05373118817806244, -0.05225466191768646, -0.050778135657310486, -0.04930160567164421, -0.047825079411268234, -0.04634855315089226, -0.04487202316522598, -0.043395496904850006, -0.04191897064447403, -0.040442440658807755, -0.03896591439843178, -0.0374893844127655, -0.036012858152389526, -0.03453633189201355, -0.03305980563163757, -0.0315832756459713, -0.03010674938559532, -0.028630219399929047, -0.02715369127690792, -0.025677165016531944, -0.02420063689351082, -0.022724110633134842, -0.021247582510113716, -0.01977105438709259, -0.018294528126716614, -0.016818003728985786, -0.015341476537287235, -0.013864949345588684, -0.012388421222567558, -0.010911894030869007, -0.009435366839170456, -0.00795883871614933, -0.006482311524450779, -0.005005786195397377, -0.003529258770868182, -0.0020527313463389874, -0.0005762036889791489, 0.0009003235027194023, 0.0023768506944179535, 0.0038533788174390793, 0.0053299060091376305, 0.006806435063481331, 0.008282962255179882, 0.009759489446878433, 0.011236017569899559, 0.01271254476159811, 0.014189071953296661, 0.015665600076317787, 0.017142128199338913, 0.01861865445971489, 0.020095182582736015, 0.021571708843111992, 0.023048236966133118, 0.024524763226509094, 0.02600129134953022, 0.027477819472551346, 0.028954345732927322, 0.030430873855948448]}, "gradients/graph_24spatial.1.bias": {"_type": "histogram", "values": [1.0, 0.0, 0.0, 1.0, 0.0, 0.0, 0.0, 0.0, 0.0, 0.0, 1.0, 1.0, 0.0, 0.0, 0.0, 0.0, 0.0, 0.0, 0.0, 0.0, 1.0, 0.0, 0.0, 0.0, 0.0, 2.0, 0.0, 0.0, 1.0, 0.0, 0.0, 0.0, 0.0, 1.0, 0.0, 0.0, 1.0, 0.0, 1.0, 0.0, 0.0, 0.0, 0.0, 0.0, 0.0, 1.0, 0.0, 0.0, 0.0, 2.0, 1.0, 0.0, 0.0, 1.0, 0.0, 1.0, 1.0, 0.0, 0.0, 0.0, 1.0, 0.0, 0.0, 1.0], "bins": [-0.11542488634586334, -0.11225880682468414, -0.10909273475408554, -0.10592665523290634, -0.10276057571172714, -0.09959450364112854, -0.09642842411994934, -0.09326234459877014, -0.09009627252817154, -0.08693019300699234, -0.08376412093639374, -0.08059804141521454, -0.07743196189403534, -0.07426588982343674, -0.07109981030225754, -0.06793373823165894, -0.06476765871047974, -0.061601582914590836, -0.058435503393411636, -0.055269427597522736, -0.052103351801633835, -0.048937276005744934, -0.045771196484565735, -0.042605120688676834, -0.039439037442207336, -0.036272961646318436, -0.033106882125139236, -0.029940806329250336, -0.026774730533361435, -0.023608652874827385, -0.020442575216293335, -0.017276499420404434, -0.014110423624515533, -0.010944346897304058, -0.007778269704431295, -0.004612192511558533, -0.0014461157843470573, 0.001719960942864418, 0.004886038601398468, 0.008052114397287369, 0.01121819019317627, 0.014384266920387745, 0.01755034364759922, 0.02071642130613327, 0.02388249710202217, 0.02704857476055622, 0.03021465241909027, 0.03338072821497917, 0.03654680773615837, 0.03971288353204727, 0.04287896305322647, 0.04604503884911537, 0.04921111464500427, 0.05237719416618347, 0.05554326996207237, 0.05870934575796127, 0.06187542527914047, 0.06504150480031967, 0.06820757687091827, 0.07137365639209747, 0.07453973591327667, 0.07770580798387527, 0.08087188750505447, 0.08403795957565308, 0.08720403909683228]}, "gradients/graph_24spatial.0.weight": {"_type": "histogram",