{"batch loss": 0.7314488291740417, "_timestamp": 1651853725, "_runtime": 424, "_step": 689, "epoch": 29, "train/train_loss": 0.839047147469087, "train/train_acc": 0.6012483936111621, "train/train_f1": 0.602247115512971, "val/val_loss": 0.9716675366674151, "val/vaL_acc": 0.5484284797947402, "val/val_f1": 0.5121407089933172, "gradients/graph_13fc2.bias": {"_type": "histogram", "values": [1.0, 0.0, 0.0, 0.0, 0.0, 0.0, 0.0, 0.0, 0.0, 0.0, 0.0, 0.0, 0.0, 0.0, 0.0, 0.0, 0.0, 0.0, 0.0, 0.0, 0.0, 0.0, 0.0, 0.0, 0.0, 0.0, 0.0, 0.0, 0.0, 0.0, 0.0, 0.0, 0.0, 0.0, 0.0, 1.0, 0.0, 0.0, 0.0, 0.0, 0.0, 0.0, 0.0, 0.0, 0.0, 0.0, 0.0, 0.0, 0.0, 0.0, 0.0, 0.0, 0.0, 0.0, 0.0, 0.0, 0.0, 0.0, 0.0, 0.0, 0.0, 0.0, 0.0, 1.0], "bins": [-0.033719751983881, -0.03270307555794716, -0.03168640285730362, -0.03066972643136978, -0.029653050005435944, -0.028636373579502106, -0.027619699016213417, -0.02660302445292473, -0.02558634802699089, -0.024569671601057053, -0.023552997037768364, -0.022536322474479675, -0.021519646048545837, -0.020502969622612, -0.01948629505932331, -0.018469620496034622, -0.017452944070100784, -0.016436267644166946, -0.015419593080878258, -0.014402917586266994, -0.013386242091655731, -0.012369566597044468, -0.011352891102433205, -0.010336215607821941, -0.009319540113210678, -0.008302864618599415, -0.0072861891239881516, -0.006269513629376888, -0.005252838134765625, -0.004236162640154362, -0.0032194871455430984, -0.002202811650931835, -0.0011861398816108704, -0.00016946438699960709, 0.0008472111076116562, 0.0018638866022229195, 0.0028805620968341827, 0.003897237591445446, 0.004913913086056709, 0.0059305885806679726, 0.006947264075279236, 0.007963939569890499, 0.008980615064501762, 0.009997290559113026, 0.011013966053724289, 0.012030641548335552, 0.013047317042946815, 0.014063992537558079, 0.015080668032169342, 0.01609734445810318, 0.01711401902139187, 0.018130693584680557, 0.019147370010614395, 0.020164046436548233, 0.02118072099983692, 0.02219739556312561, 0.023214071989059448, 0.024230748414993286, 0.025247422978281975, 0.026264097541570663, 0.0272807739675045, 0.02829745039343834, 0.029314124956727028, 0.030330799520015717, 0.031347475945949554]}, "gradients/graph_13fc2.weight": {"_type": "histogram", "values": [2.0, 0.0, 0.0, 2.0, 1.0, 2.0, 1.0, 1.0, 6.0, 4.0, 4.0, 17.0, 12.0, 7.0, 11.0, 11.0, 15.0, 14.0, 15.0, 11.0, 21.0, 23.0, 15.0, 24.0, 16.0, 24.0, 25.0, 36.0, 22.0, 20.0, 35.0, 17.0, 26.0, 32.0, 30.0, 33.0, 28.0, 29.0, 34.0, 27.0, 31.0, 32.0, 21.0, 16.0, 18.0, 20.0, 28.0, 18.0, 20.0, 20.0, 16.0, 8.0, 11.0, 8.0, 2.0, 1.0, 0.0, 1.0, 1.0, 1.0, 0.0, 3.0, 0.0, 1.0], "bins": [-0.03760695829987526, -0.036465611308813095, -0.03532426431775093, -0.03418291360139847, -0.033041566610336304, -0.03190021961927414, -0.030758872628211975, -0.02961752377450466, -0.028476174920797348, -0.027334827929735184, -0.02619347907602787, -0.025052132084965706, -0.023910783231258392, -0.022769436240196228, -0.021628089249134064, -0.02048674039542675, -0.019345393404364586, -0.01820404641330242, -0.017062697559595108, -0.015921350568532944, -0.01478000171482563, -0.013638654723763466, -0.012497306801378727, -0.011355958878993988, -0.010214611887931824, -0.009073263965547085, -0.007931916043162346, -0.006790568586438894, -0.005649220664054155, -0.004507872741669416, -0.003366525284945965, -0.002225177362561226, -0.0010838285088539124, 5.751929711550474e-05, 0.0011988671030849218, 0.002340214792639017, 0.003481562715023756, 0.004622910637408495, 0.0057642580941319466, 0.0069056060165166855, 0.008046954870223999, 0.009188302792608738, 0.010329650714993477, 0.011470997706055641, 0.012612346559762955, 0.013753693550825119, 0.014895041473209858, 0.016036389395594597, 0.01717773638665676, 0.018319083377718925, 0.01946043223142624, 0.020601779222488403, 0.021743128076195717, 0.02288447506725788, 0.024025823920965195, 0.02516717091202736, 0.026308517903089523, 0.027449864894151688, 0.028591213747859, 0.029732560738921165, 0.03087390959262848, 0.03201525658369064, 0.03315660357475281, 0.03429795056581497, 0.035439301282167435]}, "gradients/graph_13spatial.1.weight": {"_type": "histogram", "values": [1.0, 0.0, 0.0, 0.0, 0.0, 0.0, 0.0, 0.0, 0.0, 0.0, 0.0, 0.0, 0.0, 0.0, 0.0, 0.0, 0.0, 0.0, 0.0, 0.0, 0.0, 0.0, 1.0, 1.0, 0.0, 0.0, 0.0, 0.0, 0.0, 0.0, 0.0, 0.0, 0.0, 0.0, 0.0, 1.0, 0.0, 0.0, 0.0, 0.0, 0.0, 0.0, 0.0, 0.0, 0.0, 0.0, 0.0, 0.0, 1.0, 0.0, 0.0, 0.0, 2.0, 0.0, 0.0, 1.0, 0.0, 1.0, 0.0, 0.0, 0.0, 0.0, 0.0, 1.0], "bins": [-0.08940807729959488, -0.08738657087087631, -0.08536506444215775, -0.08334355056285858, -0.08132204413414001, -0.07930053770542145, -0.07727903127670288, -0.07525752484798431, -0.07323601096868515, -0.07121450453996658, -0.06919299811124802, -0.06717148423194885, -0.06514997780323029, -0.06312847137451172, -0.06110696494579315, -0.059085454791784286, -0.05706394836306572, -0.05504244193434715, -0.05302093178033829, -0.05099942535161972, -0.048977915197610855, -0.04695640876889229, -0.04493489861488342, -0.042913392186164856, -0.04089188575744629, -0.03887037932872772, -0.03684886917471886, -0.03482736274600029, -0.032805852591991425, -0.030784346163272858, -0.02876283787190914, -0.026741329580545425, -0.02471982315182686, -0.022698314860463142, -0.020676806569099426, -0.01865530014038086, -0.016633789986371994, -0.014612282626330853, -0.012590775266289711, -0.010569266974925995, -0.00854775682091713, -0.006526248529553413, -0.004504740703850985, -0.0024832328781485558, -0.00046172458678483963, 0.0015597837045788765, 0.003581291064620018, 0.005602799355983734, 0.007624305784702301, 0.009645814076066017, 0.011667322367429733, 0.013688829727470875, 0.015710338950157166, 0.017731845378875732, 0.01975335367023945, 0.021774861961603165, 0.02379637025296688, 0.025817878544330597, 0.027839386835694313, 0.02986089512705803, 0.031882401555776596, 0.03390391170978546, 0.03592541813850403, 0.037946924567222595, 0.03996843472123146]}, "gradients/graph_13spatial.1.bias": {"_type": "histogram", "values": [1.0, 0.0, 0.0, 0.0, 0.0, 0.0, 0.0, 0.0, 0.0, 0.0, 0.0, 0.0, 0.0, 0.0, 0.0, 0.0, 0.0, 0.0, 0.0, 0.0, 0.0, 1.0, 1.0, 0.0, 0.0, 0.0, 0.0, 1.0, 0.0, 0.0, 0.0, 0.0, 0.0, 0.0, 0.0, 0.0, 0.0, 0.0, 1.0, 0.0, 0.0, 0.0, 0.0, 0.0, 0.0, 0.0, 0.0, 0.0, 0.0, 1.0, 2.0, 1.0, 0.0, 0.0, 0.0, 0.0, 0.0, 0.0, 0.0, 0.0, 0.0, 0.0, 0.0, 1.0], "bins": [-0.11446249485015869, -0.11140356957912445, -0.10834464430809021, -0.10528571903705597, -0.10222679376602173, -0.09916786104440689, -0.09610893577337265, -0.09305001050233841, -0.08999108523130417, -0.08693215996026993, -0.08387323468923569, -0.08081430941820145, -0.07775537669658661, -0.07469645142555237, -0.07163752615451813, -0.06857860088348389, -0.06551967561244965, -0.062460750341415405, -0.059401825070381165, -0.056342896074056625, -0.053283970803022385, -0.050225045531988144, -0.047166116535663605, -0.044107191264629364, -0.04104826599359512, -0.03798934072256088, -0.03493041545152664, -0.0318714864552021, -0.028812561184167862, -0.02575363591313362, -0.02269470877945423, -0.01963578164577484, -0.016576863825321198, -0.013517937622964382, -0.010459011420607567, -0.0074000852182507515, -0.004341159015893936, -0.0012822328135371208, 0.0017766933888196945, 0.0048356205224990845, 0.007894545793533325, 0.01095347199589014, 0.014012398198246956, 0.017071325331926346, 0.020130250602960587, 0.023189175873994827, 0.026248103007674217, 0.029307030141353607, 0.03236595541238785, 0.03542488068342209, 0.03848380595445633, 0.04154273495078087, 0.04460166022181511, 0.04766058549284935, 0.05071951448917389, 0.05377843976020813, 0.05683736503124237, 0.05989629030227661, 0.06295521557331085, 0.06601414084434509, 0.06907306611537933, 0.07213199883699417, 0.07519092410802841, 0.07824984937906265, 0.0813087746500969]}, "gradients/graph_13spatial.0.weight": {"_type": "histogram",