,final_val_accuracy,final_val_f1,val_prec,val_rec,val_roc_auc,full_valacc,full_acc_classes
"crossval_data\pilots\intermediate_datafiles\preprocess\X02_wet\X02_wet_csp_filtord4_freqlimits['5_10Hz', '10_15Hz', '15_20Hz', '20_25Hz']_ws500.pkl",0.612,0.595,0.641,0.612,0.0,"[0.47435897435897434, 0.6666666666666666, 0.5384615384615384, 0.5641025641025641, 0.6923076923076923, 0.8205128205128205, 0.5256410256410257, 0.6282051282051282, 0.6794871794871795, 0.5256410256410257]","[array([0.80769231, 0.5       , 0.11538462]), array([0.42307692, 0.88461538, 0.69230769]), array([0.73076923, 0.38461538, 0.5       ]), array([0.88461538, 0.30769231, 0.5       ]), array([0.69230769, 0.65384615, 0.73076923]), array([0.84615385, 0.92307692, 0.69230769]), array([0.61538462, 0.34615385, 0.61538462]), array([0.73076923, 0.92307692, 0.23076923]), array([0.23076923, 0.88461538, 0.92307692]), array([0.38461538, 1.        , 0.19230769])]"
"crossval_data\pilots\intermediate_datafiles\preprocess\X02_wet\X02_wet_csp_filtord4_freqlimits['5_10Hz', '10_15Hz', '15_20Hz', '20_25Hz', '25_30Hz', '30_35Hz']_ws500.pkl",0.582,0.568,0.62,0.582,0.0,"[0.4358974358974359, 0.6538461538461539, 0.4358974358974359, 0.5769230769230769, 0.4230769230769231, 0.8461538461538461, 0.5128205128205128, 0.6794871794871795, 0.7307692307692307, 0.5256410256410257]","[array([0.73076923, 0.46153846, 0.11538462]), array([0.57692308, 0.76923077, 0.61538462]), array([0.69230769, 0.23076923, 0.38461538]), array([0.96153846, 0.30769231, 0.46153846]), array([0.38461538, 0.57692308, 0.30769231]), array([0.80769231, 0.92307692, 0.80769231]), array([0.65384615, 0.34615385, 0.53846154]), array([0.80769231, 1.        , 0.23076923]), array([0.5       , 0.84615385, 0.84615385]), array([0.5       , 1.        , 0.07692308])]"
