,final_val_accuracy,train_accuracy,train_f1,val_f1,val_prec,val_rec,val_roc_auc,full_trainacc,full_valacc
crossval_data\pilots\intermediate_datafiles\preprocess\X02_wet\X02_wet_deep_or_riemann_filtord4_freqlimits['8-40Hz']_ws500.pkl,55.769,77.621,76.712,50.919,53.879,54.514,0.0,"[75.92592592592592, 81.90883190883191, 75.64102564102564, 77.77777777777777, 77.92022792022792, 76.06837606837607, 75.78347578347578, 79.2022792022792, 78.77492877492878, 77.20797720797721]","[62.82051282051282, 65.38461538461539, 50.0, 52.56410256410256, 64.1025641025641, 61.53846153846154, 41.02564102564103, 52.56410256410256, 55.12820512820513, 52.56410256410256]"
crossval_data\pilots\intermediate_datafiles\preprocess\X02_wet\X02_wet_deep_or_riemann_filtord4_freqlimits['8_35Hz']_ws500.pkl,55.769,76.98,76.247,51.679,54.694,54.706,0.0,"[78.4900284900285, 82.47863247863248, 71.93732193732194, 77.63532763532764, 78.06267806267806, 77.20797720797721, 75.92592592592592, 75.92592592592592, 78.77492877492878, 73.36182336182337]","[60.256410256410255, 67.94871794871794, 52.56410256410256, 53.84615384615385, 65.38461538461539, 61.53846153846154, 38.46153846153846, 46.15384615384615, 60.256410256410255, 51.282051282051285]"
