,final_val_accuracy,final_val_f1,val_prec,val_rec,val_roc_auc,full_valacc,full_acc_classes
crossval_data\pilots\intermediate_datafiles\preprocess\X02_wet\X02_wet_deep_or_riemann_filtord4_freqlimits['8_35Hz']_ws500.pkl,0.591,0.568,0.613,0.591,0.0,"[0.5256410256410257, 0.7051282051282052, 0.5512820512820513, 0.5384615384615384, 0.6153846153846154, 0.7435897435897436, 0.5, 0.6153846153846154, 0.6538461538461539, 0.46153846153846156]","[array([0.61538462, 0.42307692, 0.53846154]), array([0.61538462, 0.88461538, 0.61538462]), array([0.73076923, 0.38461538, 0.53846154]), array([0.88461538, 0.19230769, 0.53846154]), array([0.30769231, 0.88461538, 0.65384615]), array([0.80769231, 0.88461538, 0.53846154]), array([0.34615385, 0.38461538, 0.76923077]), array([0.84615385, 0.88461538, 0.11538462]), array([0.26923077, 0.84615385, 0.84615385]), array([0.38461538, 1.        , 0.        ])]"
crossval_data\pilots\intermediate_datafiles\preprocess\X02_wet\X02_wet_deep_or_riemann_filtord4_freqlimits['8-40Hz']_ws500.pkl,0.59,0.565,0.605,0.59,0.0,"[0.5, 0.717948717948718, 0.5512820512820513, 0.5512820512820513, 0.6025641025641025, 0.7435897435897436, 0.5128205128205128, 0.6025641025641025, 0.6282051282051282, 0.48717948717948717]","[array([0.73076923, 0.46153846, 0.30769231]), array([0.53846154, 0.84615385, 0.76923077]), array([0.80769231, 0.34615385, 0.5       ]), array([0.92307692, 0.19230769, 0.53846154]), array([0.30769231, 0.73076923, 0.76923077]), array([0.80769231, 0.88461538, 0.53846154]), array([0.42307692, 0.38461538, 0.73076923]), array([0.80769231, 0.88461538, 0.11538462]), array([0.23076923, 0.80769231, 0.84615385]), array([0.46153846, 1.        , 0.        ])]"
