{"batch loss": 0.731783926486969, "_timestamp": 1651755083, "_runtime": 413, "_step": 999, "epoch": 19, "train/train_loss": 0.781179280913606, "train/train_acc": 83.81632653061224, "train/train_f1": 0.6569379916478308, "val/val_loss": 1.16658958366939, "val/vaL_acc": 40.42857142857143, "val/val_f1": 0.36955575348380887, "gradients/graph_2fc2.bias": {"_type": "histogram", "values": [1.0, 0.0, 0.0, 0.0, 0.0, 0.0, 0.0, 0.0, 0.0, 0.0, 0.0, 0.0, 0.0, 0.0, 0.0, 0.0, 0.0, 0.0, 0.0, 0.0, 0.0, 0.0, 0.0, 0.0, 0.0, 0.0, 0.0, 0.0, 0.0, 0.0, 0.0, 0.0, 0.0, 0.0, 0.0, 0.0, 0.0, 0.0, 0.0, 0.0, 0.0, 0.0, 0.0, 0.0, 1.0, 0.0, 0.0, 0.0, 0.0, 0.0, 0.0, 0.0, 0.0, 0.0, 0.0, 0.0, 0.0, 0.0, 0.0, 0.0, 0.0, 0.0, 0.0, 1.0], "bins": [-0.044120315462350845, -0.042904723435640335, -0.041689131408929825, -0.040473539382219315, -0.039257947355508804, -0.038042355328798294, -0.036826763302087784, -0.03561117500066757, -0.03439558297395706, -0.03317999094724655, -0.03196439892053604, -0.03074880689382553, -0.02953321486711502, -0.02831762284040451, -0.02710203267633915, -0.02588644064962864, -0.02467084676027298, -0.02345525473356247, -0.02223966270685196, -0.02102407068014145, -0.01980847865343094, -0.01859288662672043, -0.017377296462655067, -0.016161704435944557, -0.014946112409234047, -0.013730520382523537, -0.012514928355813026, -0.01129933726042509, -0.01008374523371458, -0.00886815320700407, -0.007652561645954847, -0.006436970084905624, -0.005221378058195114, -0.004005786031484604, -0.002790194470435381, -0.0015746026765555143, -0.00035901088267564774, 0.0008565811440348625, 0.0020721727050840855, 0.0032877642661333084, 0.004503356292843819, 0.005718948319554329, 0.006934539880603552, 0.008150131441652775, 0.009365723468363285, 0.010581315495073795, 0.011796906590461731, 0.013012498617172241, 0.014228090643882751, 0.015443682670593262, 0.016659274697303772, 0.017874866724014282, 0.019090458750724792, 0.020306050777435303, 0.021521640941500664, 0.022737232968211174, 0.023952824994921684, 0.025168417021632195, 0.026384009048342705, 0.027599601075053215, 0.028815191239118576, 0.030030783265829086, 0.031246375292539597, 0.03246196731925011, 0.03367755934596062]}, "gradients/graph_2fc2.weight": {"_type": "histogram", "values": [2.0, 1.0, 2.0, 2.0, 1.0, 4.0, 3.0, 5.0, 7.0, 5.0, 8.0, 6.0, 14.0, 9.0, 8.0, 13.0, 13.0, 20.0, 19.0, 10.0, 14.0, 18.0, 25.0, 14.0, 30.0, 36.0, 27.0, 32.0, 27.0, 30.0, 26.0, 17.0, 31.0, 29.0, 30.0, 35.0, 27.0, 28.0, 19.0, 16.0, 26.0, 21.0, 25.0, 22.0, 20.0, 15.0, 20.0, 11.0, 16.0, 13.0, 8.0, 6.0, 4.0, 4.0, 4.0, 3.0, 4.0, 4.0, 2.0, 6.0, 2.0, 0.0, 0.0, 1.0], "bins": [-0.041654981672763824, -0.0403420589864254, -0.039029136300086975, -0.03771621361374855, -0.036403290927410126, -0.035090371966362, -0.033777449280023575, -0.03246452659368515, -0.031151603907346725, -0.0298386812210083, -0.028525758534669876, -0.0272128377109766, -0.025899915024638176, -0.02458699233829975, -0.023274071514606476, -0.02196114882826805, -0.020648226141929626, -0.019335303455591202, -0.018022380769252777, -0.0167094599455595, -0.015396537259221077, -0.014083614572882652, -0.012770692817866802, -0.011457771062850952, -0.010144848376512527, -0.008831925690174103, -0.007519003935158253, -0.006206081714481115, -0.004893159493803978, -0.0035802372731268406, -0.002267315052449703, -0.0009543932974338531, 0.00035853311419487, 0.0016714553348720074, 0.0029843775555491447, 0.004297299776226282, 0.0056102219969034195, 0.006923144217580557, 0.008236066438257694, 0.009548988193273544, 0.010861910879611969, 0.012174833565950394, 0.013487755320966244, 0.014800677075982094, 0.01611359976232052, 0.017426522448658943, 0.01873944327235222, 0.020052365958690643, 0.021365288645029068, 0.022678211331367493, 0.023991134017705917, 0.025304054841399193, 0.026616977527737617, 0.027929900214076042, 0.029242821037769318, 0.030555743724107742, 0.03186866641044617, 0.03318158909678459, 0.034494511783123016, 0.03580743446946144, 0.037120357155799866, 0.03843327611684799, 0.03974619880318642, 0.04105912148952484, 0.042372044175863266]}, "gradients/graph_2spatial.1.weight": {"_type": "histogram", "values": [1.0, 0.0, 0.0, 0.0, 0.0, 0.0, 0.0, 0.0, 0.0, 0.0, 0.0, 0.0, 0.0, 0.0, 0.0, 0.0, 0.0, 1.0, 0.0, 0.0, 0.0, 1.0, 0.0, 0.0, 0.0, 0.0, 0.0, 0.0, 0.0, 0.0, 0.0, 0.0, 0.0, 0.0, 0.0, 0.0, 1.0, 0.0, 0.0, 0.0, 0.0, 0.0, 0.0, 0.0, 0.0, 0.0, 0.0, 0.0, 1.0, 0.0, 0.0, 0.0, 1.0, 0.0, 0.0, 0.0, 0.0, 2.0, 0.0, 1.0, 0.0, 0.0, 0.0, 1.0], "bins": [-0.09624837338924408, -0.0943305492401123, -0.09241272509098053, -0.09049490094184875, -0.08857707679271698, -0.0866592526435852, -0.08474142849445343, -0.08282361179590225, -0.08090578764677048, -0.0789879634976387, -0.07707013934850693, -0.07515231519937515, -0.07323449105024338, -0.0713166743516922, -0.06939885020256042, -0.06748102605342865, -0.06556320190429688, -0.0636453777551651, -0.061727553606033325, -0.05980972945690155, -0.057891909033060074, -0.0559740848839283, -0.054056260734796524, -0.05213843658566475, -0.050220608711242676, -0.0483027845621109, -0.046384960412979126, -0.04446713626384735, -0.042549315840005875, -0.0406314916908741, -0.038713667541742325, -0.03679584339261055, -0.034878022968769073, -0.0329601988196373, -0.031042376533150673, -0.029124552384018898, -0.027206730097532272, -0.025288905948400497, -0.023371081799268723, -0.021453257650136948, -0.01953543722629547, -0.017617613077163696, -0.01569979079067707, -0.013781966641545296, -0.011864143423736095, -0.009946320205926895, -0.00802849605679512, -0.00611067283898592, -0.0041928477585315704, -0.0022750243078917265, -0.00035720085725188255, 0.001560622826218605, 0.0034784460440278053, 0.005396269261837006, 0.0073140934109687805, 0.00923191662877798, 0.011149739846587181, 0.013067563064396381, 0.014985386282205582, 0.016903210431337357, 0.01882103458046913, 0.020738856866955757, 0.022656681016087532, 0.024574503302574158, 0.026492327451705933]}, "gradients/graph_2spatial.1.bias": {"_type": "histogram", "values": [1.0, 0.0, 0.0, 0.0, 0.0, 0.0, 0.0, 0.0, 0.0, 0.0, 1.0, 0.0, 0.0, 0.0, 0.0, 0.0, 0.0, 0.0, 0.0, 0.0, 1.0, 0.0, 0.0, 0.0, 0.0, 0.0, 1.0, 0.0, 0.0, 0.0, 0.0, 0.0, 0.0, 0.0, 0.0, 0.0, 1.0, 0.0, 0.0, 0.0, 0.0, 0.0, 0.0, 1.0, 0.0, 0.0, 0.0, 0.0, 0.0, 0.0, 0.0, 0.0, 1.0, 0.0, 0.0, 0.0, 1.0, 0.0, 0.0, 0.0, 1.0, 0.0, 0.0, 1.0], "bins": [-0.1587199568748474, -0.15490572154521942, -0.15109150111675262, -0.14727726578712463, -0.14346303045749664, -0.13964881002902985, -0.13583457469940186, -0.13202035427093506, -0.12820611894130707, -0.12439189106225967, -0.12057765573263168, -0.11676342785358429, -0.1129491999745369, -0.1091349720954895, -0.10532073676586151, -0.10150650888681412, -0.09769228100776672, -0.09387805312871933, -0.09006381779909134, -0.08624958992004395, -0.08243536204099655, -0.07862113416194916, -0.07480689883232117, -0.07099267095327377, -0.06717843562364578, -0.06336420774459839, -0.059549976140260696, -0.055735744535923004, -0.05192151665687561, -0.04810728505253792, -0.044293053448200226, -0.04047882556915283, -0.03666459769010544, -0.032850366085767746, -0.029036138206720352, -0.02522190660238266, -0.021407678723335266, -0.017593447118997574, -0.01377921737730503, -0.009964987635612488, -0.006150759756565094, -0.0023365297820419073, 0.0014777001924812794, 0.00529193039983511, 0.009106160141527653, 0.01292039081454277, 0.016734620556235313, 0.020548850297927856, 0.02436308190226555, 0.028177311643958092, 0.031991541385650635, 0.03580577298998833, 0.03962000086903572, 0.04343423247337341, 0.04724846035242081, 0.0510626919567585, 0.05487692356109619, 0.058691155165433884, 0.06250538676977158, 0.06631961464881897, 0.07013384252786636, 0.07394807040691376, 0.07776230573654175, 0.08157653361558914, 0.08539076149463654]}, "gradients/graph_2spatial.0.weight": {"_type": "histogram",