{"batch loss": 0.8920584917068481, "_timestamp": 1651851298, "_runtime": 655, "_step": 689, "epoch": 29, "train/train_loss": 0.7738770544528961, "train/train_acc": 0.6579768680007343, "train/train_f1": 0.6517716711375354, "val/val_loss": 1.0475568430764335, "val/vaL_acc": 0.5189223861449648, "val/val_f1": 0.5196553698812488, "gradients/graph_10fc2.bias": {"_type": "histogram", "values": [1.0, 0.0, 0.0, 0.0, 0.0, 0.0, 0.0, 0.0, 0.0, 0.0, 0.0, 0.0, 0.0, 0.0, 0.0, 0.0, 0.0, 0.0, 1.0, 0.0, 0.0, 0.0, 0.0, 0.0, 0.0, 0.0, 0.0, 0.0, 0.0, 0.0, 0.0, 0.0, 0.0, 0.0, 0.0, 0.0, 0.0, 0.0, 0.0, 0.0, 0.0, 0.0, 0.0, 0.0, 0.0, 0.0, 0.0, 0.0, 0.0, 0.0, 0.0, 0.0, 0.0, 0.0, 0.0, 0.0, 0.0, 0.0, 0.0, 0.0, 0.0, 0.0, 0.0, 1.0], "bins": [-0.028733935207128525, -0.02769513800740242, -0.026656342670321465, -0.02561754733324051, -0.024578750133514404, -0.0235399529337883, -0.022501157596707344, -0.02146236225962639, -0.020423565059900284, -0.01938476786017418, -0.018345972523093224, -0.017307177186012268, -0.016268379986286163, -0.015229583717882633, -0.014190787449479103, -0.013151991181075573, -0.012113194912672043, -0.011074398644268513, -0.010035602375864983, -0.008996806107461452, -0.007958009839057922, -0.006919213570654392, -0.005880417302250862, -0.004841621033847332, -0.003802824765443802, -0.0027640284970402718, -0.0017252322286367416, -0.0006864359602332115, 0.0003523603081703186, 0.0013911565765738487, 0.002429952844977379, 0.003468749113380909, 0.004507541656494141, 0.005546337924897671, 0.006585134193301201, 0.007623930461704731, 0.008662726730108261, 0.009701522998511791, 0.010740319266915321, 0.011779115535318851, 0.012817911803722382, 0.013856708072125912, 0.014895504340529442, 0.015934299677610397, 0.016973096877336502, 0.018011894077062607, 0.019050689414143562, 0.020089484751224518, 0.021128281950950623, 0.022167079150676727, 0.023205874487757683, 0.02424466982483864, 0.025283467024564743, 0.026322264224290848, 0.027361059561371803, 0.02839985489845276, 0.029438652098178864, 0.030477449297904968, 0.03151624649763107, 0.03255503997206688, 0.033593837171792984, 0.03463263437151909, 0.035671427845954895, 0.036710225045681, 0.037749022245407104]}, "gradients/graph_10fc2.weight": {"_type": "histogram", "values": [1.0, 0.0, 0.0, 1.0, 0.0, 1.0, 4.0, 6.0, 1.0, 1.0, 3.0, 5.0, 7.0, 7.0, 11.0, 12.0, 5.0, 9.0, 17.0, 16.0, 22.0, 24.0, 13.0, 16.0, 29.0, 30.0, 31.0, 27.0, 39.0, 27.0, 38.0, 34.0, 33.0, 33.0, 32.0, 35.0, 34.0, 42.0, 24.0, 29.0, 34.0, 17.0, 14.0, 19.0, 22.0, 23.0, 20.0, 17.0, 13.0, 8.0, 9.0, 7.0, 3.0, 4.0, 1.0, 4.0, 2.0, 4.0, 3.0, 4.0, 2.0, 0.0, 0.0, 1.0], "bins": [-0.03396451100707054, -0.03292911872267723, -0.03189373016357422, -0.030858337879180908, -0.029822945594787598, -0.028787555173039436, -0.027752164751291275, -0.026716772466897964, -0.025681382045149803, -0.024645991623401642, -0.02361059933900833, -0.02257520891726017, -0.02153981849551201, -0.020504426211118698, -0.019469035789370537, -0.018433645367622375, -0.017398253083229065, -0.016362862661480904, -0.015327470377087593, -0.014292079955339432, -0.013256688602268696, -0.01222129724919796, -0.011185906827449799, -0.010150515474379063, -0.009115124121308327, -0.00807973276823759, -0.007044341880828142, -0.0060089509934186935, -0.004973559640347958, -0.003938168287277222, -0.002902777399867773, -0.0018673865124583244, -0.000831998884677887, 0.00020339223556220531, 0.0012387833558022976, 0.00227417447604239, 0.003309565596282482, 0.004344956949353218, 0.005380347836762667, 0.006415738724172115, 0.007451130077242851, 0.008486521430313587, 0.009521912783384323, 0.010557303205132484, 0.01159269455820322, 0.012628085911273956, 0.013663476333022118, 0.014698867686092854, 0.01573425903916359, 0.01676964946091175, 0.01780504174530506, 0.018840432167053223, 0.019875824451446533, 0.020911214873194695, 0.021946605294942856, 0.022981997579336166, 0.024017388001084328, 0.02505277842283249, 0.0260881707072258, 0.02712356112897396, 0.028158951550722122, 0.029194343835115433, 0.030229734256863594, 0.031265124678611755, 0.032300516963005066]}, "gradients/graph_10spatial.1.weight": {"_type": "histogram", "values": [1.0, 0.0, 0.0, 0.0, 0.0, 0.0, 1.0, 0.0, 0.0, 0.0, 0.0, 0.0, 1.0, 0.0, 0.0, 0.0, 0.0, 0.0, 0.0, 0.0, 0.0, 0.0, 1.0, 0.0, 1.0, 0.0, 0.0, 1.0, 0.0, 0.0, 0.0, 0.0, 0.0, 0.0, 0.0, 0.0, 0.0, 0.0, 0.0, 0.0, 1.0, 0.0, 0.0, 1.0, 0.0, 0.0, 0.0, 0.0, 0.0, 0.0, 0.0, 0.0, 0.0, 0.0, 1.0, 0.0, 0.0, 0.0, 0.0, 0.0, 0.0, 0.0, 0.0, 1.0], "bins": [-0.06581513583660126, -0.06327138096094131, -0.06072762981057167, -0.058183878660202026, -0.055640123784542084, -0.05309636890888214, -0.0505526177585125, -0.04800886660814285, -0.04546511173248291, -0.04292135685682297, -0.04037760570645332, -0.03783385455608368, -0.03529009968042374, -0.032746344804763794, -0.03020259365439415, -0.027658840641379356, -0.025115087628364563, -0.02257133461534977, -0.020027581602334976, -0.017483828589320183, -0.01494007557630539, -0.012396322563290596, -0.009852569550275803, -0.007308816537261009, -0.004765063524246216, -0.0022213105112314224, 0.00032244250178337097, 0.0028661955147981644, 0.005409948527812958, 0.007953701540827751, 0.010497454553842545, 0.013041207566857338, 0.015584953129291534, 0.018128706142306328, 0.02067245915532112, 0.023216212168335915, 0.025759965181350708, 0.0283037181943655, 0.030847471207380295, 0.03339122235774994, 0.03593497723340988, 0.038478732109069824, 0.04102248325943947, 0.04356623440980911, 0.046109989285469055, 0.048653744161129, 0.05119749531149864, 0.053741246461868286, 0.05628500133752823, 0.05882875621318817, 0.061372507363557816, 0.06391625851392746, 0.0664600133895874, 0.06900376826524734, 0.07154752314090729, 0.07409127056598663, 0.07663502544164658, 0.07917878031730652, 0.08172252774238586, 0.0842662826180458, 0.08681003749370575, 0.08935379236936569, 0.09189754724502563, 0.09444129467010498, 0.09698504954576492]}, "gradients/graph_10spatial.1.bias": {"_type": "histogram", "values": [1.0, 1.0, 0.0, 0.0, 0.0, 0.0, 0.0, 0.0, 0.0, 0.0, 0.0, 0.0, 0.0, 0.0, 0.0, 0.0, 0.0, 0.0, 0.0, 0.0, 0.0, 0.0, 0.0, 0.0, 0.0, 0.0, 2.0, 0.0, 0.0, 1.0, 0.0, 0.0, 0.0, 1.0, 0.0, 0.0, 0.0, 0.0, 0.0, 0.0, 0.0, 0.0, 0.0, 0.0, 0.0, 0.0, 0.0, 0.0, 0.0, 0.0, 0.0, 1.0, 0.0, 0.0, 0.0, 1.0, 0.0, 0.0, 0.0, 1.0, 0.0, 0.0, 0.0, 1.0], "bins": [-0.1452135294675827, -0.14028537273406982, -0.13535721600055695, -0.13042905926704407, -0.12550091743469238, -0.12057275325059891, -0.11564460396766663, -0.11071644723415375, -0.10578829050064087, -0.10086013376712799, -0.09593197703361511, -0.09100382775068283, -0.08607567101716995, -0.08114751428365707, -0.07621936500072479, -0.07129120826721191, -0.06636305153369904, -0.06143489480018616, -0.05650674179196358, -0.051578588783741, -0.04665043205022812, -0.04172227531671524, -0.03679412230849266, -0.03186596930027008, -0.026937812566757202, -0.022009657695889473, -0.017081502825021744, -0.012153347954154015, -0.007225193083286285, -0.002297038212418556, 0.002631116658449173, 0.007559269666671753, 0.012487441301345825, 0.017415596172213554, 0.022343751043081284, 0.027271905913949013, 0.03220006078481674, 0.03712821751832962, 0.0420563705265522, 0.04698452353477478, 0.05191268026828766, 0.05684083700180054, 0.06176899001002312, 0.0666971430182457, 0.07162529975175858, 0.07655345648527145, 0.08148160576820374, 0.08640976250171661, 0.09133791923522949, 0.09626607596874237, 0.10119423270225525, 0.10612238198518753, 0.11105053871870041, 0.11597869545221329, 0.12090684473514557, 0.12583500146865845, 0.13076315820217133, 0.1356913149356842, 0.14061947166919708, 0.14554762840270996, 0.15047577023506165, 0.15540392696857452, 0.1603320837020874, 0.16526024043560028, 0.17018839716911316]}, "gradients/graph_10spatial.0.weight": {"_type": "histogram",