{"batch loss": 0.8424100875854492, "_timestamp": 1651859512, "_runtime": 897, "_step": 689, "epoch": 29, "train/train_loss": 0.7960012798959558, "train/train_acc": 0.6495318523958142, "train/train_f1": 0.6466528008170003, "val/val_loss": 1.0341383474213737, "val/vaL_acc": 0.5471456061577935, "val/val_f1": 0.5706198739651362, "gradients/graph_21fc2.bias": {"_type": "histogram", "values": [1.0, 0.0, 0.0, 0.0, 0.0, 1.0, 0.0, 0.0, 0.0, 0.0, 0.0, 0.0, 0.0, 0.0, 0.0, 0.0, 0.0, 0.0, 0.0, 0.0, 0.0, 0.0, 0.0, 0.0, 0.0, 0.0, 0.0, 0.0, 0.0, 0.0, 0.0, 0.0, 0.0, 0.0, 0.0, 0.0, 0.0, 0.0, 0.0, 0.0, 0.0, 0.0, 0.0, 0.0, 0.0, 0.0, 0.0, 0.0, 0.0, 0.0, 0.0, 0.0, 0.0, 0.0, 0.0, 0.0, 0.0, 0.0, 0.0, 0.0, 0.0, 0.0, 0.0, 1.0], "bins": [-0.024376891553401947, -0.023329773917794228, -0.022282658144831657, -0.021235540509223938, -0.020188424736261368, -0.01914130710065365, -0.01809418946504593, -0.01704707369208336, -0.01599995791912079, -0.014952841214835644, -0.013905724510550499, -0.01285860687494278, -0.01181149110198021, -0.01076437346637249, -0.009717256762087345, -0.0086701400578022, -0.007623022422194481, -0.006575905717909336, -0.005528789013624191, -0.004481671843677759, -0.0034345551393926144, -0.0023874384351074696, -0.0013403212651610374, -0.00029320456087589264, 0.0007539130747318268, 0.0018010298954322934, 0.00284814671613276, 0.0038952636532485485, 0.004942380357533693, 0.005989497061818838, 0.00703661423176527, 0.008083730936050415, 0.009130846709012985, 0.01017796341329813, 0.011225080117583275, 0.012272197753190994, 0.013319313526153564, 0.014366431161761284, 0.015413547866046429, 0.016460664570331573, 0.017507780343294144, 0.018554897978901863, 0.019602013751864433, 0.020649131387472153, 0.021696247160434723, 0.022743364796042442, 0.023790482431650162, 0.024837598204612732, 0.02588471584022045, 0.02693183347582817, 0.02797894924879074, 0.02902606688439846, 0.03007318265736103, 0.03112030029296875, 0.03216741606593132, 0.03321453183889389, 0.03426165133714676, 0.03530876711010933, 0.0363558866083622, 0.03740300238132477, 0.03845011815428734, 0.03949723392724991, 0.04054435342550278, 0.04159146919846535, 0.04263858497142792]}, "gradients/graph_21fc2.weight": {"_type": "histogram", "values": [1.0, 0.0, 0.0, 0.0, 3.0, 1.0, 2.0, 1.0, 3.0, 9.0, 10.0, 4.0, 12.0, 14.0, 14.0, 21.0, 32.0, 26.0, 39.0, 35.0, 58.0, 41.0, 57.0, 57.0, 61.0, 71.0, 92.0, 66.0, 65.0, 70.0, 77.0, 80.0, 90.0, 77.0, 75.0, 59.0, 56.0, 54.0, 50.0, 49.0, 47.0, 46.0, 36.0, 33.0, 25.0, 17.0, 12.0, 7.0, 9.0, 6.0, 8.0, 4.0, 5.0, 3.0, 2.0, 4.0, 0.0, 1.0, 0.0, 0.0, 1.0, 0.0, 1.0, 1.0], "bins": [-0.038076091557741165, -0.036820679903030396, -0.035565268248319626, -0.034309860318899155, -0.033054448664188385, -0.031799037009477615, -0.030543625354766846, -0.029288213700056076, -0.028032803907990456, -0.026777392253279686, -0.025521982461214066, -0.024266570806503296, -0.023011159151792526, -0.021755749359726906, -0.020500337705016136, -0.019244927912950516, -0.017989516258239746, -0.016734104603528976, -0.015478694811463356, -0.014223283156752586, -0.012967872433364391, -0.011712461709976196, -0.010457050055265427, -0.009201639331877232, -0.007946228608489037, -0.0066908178851008415, -0.005435406696051359, -0.004179995507001877, -0.002924584783613682, -0.0016691740602254868, -0.0004137628711760044, 0.0008416483178734779, 0.0020970553159713745, 0.003352466272190213, 0.004607877228409052, 0.005863288417458534, 0.007118699140846729, 0.008374109864234924, 0.009629521518945694, 0.010884932242333889, 0.012140342965722084, 0.013395753689110279, 0.014651164412498474, 0.015906576067209244, 0.017161987721920013, 0.018417397513985634, 0.019672809168696404, 0.020928218960762024, 0.022183630615472794, 0.023439042270183563, 0.024694452062249184, 0.025949863716959953, 0.027205273509025574, 0.028460685163736343, 0.029716096818447113, 0.030971508473157883, 0.03222692012786865, 0.03348233178257942, 0.03473774343729019, 0.03599315136671066, 0.03724856302142143, 0.0385039746761322, 0.03975938633084297, 0.04101479798555374, 0.04227020591497421]}, "gradients/graph_21spatial.1.weight": {"_type": "histogram", "values": [1.0, 0.0, 0.0, 0.0, 0.0, 0.0, 0.0, 0.0, 0.0, 0.0, 0.0, 0.0, 0.0, 1.0, 0.0, 0.0, 0.0, 0.0, 2.0, 0.0, 0.0, 0.0, 1.0, 0.0, 1.0, 0.0, 2.0, 1.0, 0.0, 1.0, 0.0, 0.0, 1.0, 0.0, 2.0, 1.0, 0.0, 1.0, 0.0, 0.0, 0.0, 1.0, 1.0, 1.0, 0.0, 0.0, 0.0, 0.0, 0.0, 0.0, 0.0, 0.0, 0.0, 0.0, 0.0, 0.0, 0.0, 0.0, 0.0, 1.0, 0.0, 0.0, 0.0, 1.0], "bins": [-0.035197075456380844, -0.034187451004981995, -0.033177826553583145, -0.032168202102184296, -0.031158575788140297, -0.030148949474096298, -0.02913932502269745, -0.0281297005712986, -0.02712007611989975, -0.0261104516685009, -0.0251008253544569, -0.024091200903058052, -0.023081576451659203, -0.022071950137615204, -0.021062325686216354, -0.020052701234817505, -0.019043074920773506, -0.018033450469374657, -0.017023824155330658, -0.01601419970393181, -0.015004575252532959, -0.013994949869811535, -0.01298532448709011, -0.011975700035691261, -0.010966073721647263, -0.009956448338925838, -0.008946823887526989, -0.007937198504805565, -0.006927573587745428, -0.005917948670685291, -0.004908323287963867, -0.0038986983709037304, -0.002889074385166168, -0.0018794493516907096, -0.000869824318215251, 0.00013980083167552948, 0.0011494257487356663, 0.002159050665795803, 0.003168676048517227, 0.004178300965577364, 0.005187924951314926, 0.006197549868375063, 0.0072071747854352, 0.008216800168156624, 0.009226424619555473, 0.010236050002276897, 0.011245675384998322, 0.012255299836397171, 0.01326492615044117, 0.014274551533162594, 0.015284175984561443, 0.016293801367282867, 0.017303425818681717, 0.018313050270080566, 0.019322676584124565, 0.020332301035523415, 0.021341927349567413, 0.022351551800966263, 0.02336117811501026, 0.02437080256640911, 0.02538042701780796, 0.02639005333185196, 0.02739967778325081, 0.028409302234649658, 0.029418926686048508]}, "gradients/graph_21spatial.1.bias": {"_type": "histogram", "values": [1.0, 0.0, 0.0, 0.0, 0.0, 0.0, 0.0, 0.0, 0.0, 0.0, 0.0, 0.0, 0.0, 0.0, 1.0, 1.0, 0.0, 1.0, 0.0, 1.0, 1.0, 0.0, 0.0, 0.0, 0.0, 0.0, 0.0, 0.0, 1.0, 1.0, 0.0, 1.0, 0.0, 1.0, 0.0, 1.0, 2.0, 0.0, 0.0, 0.0, 0.0, 0.0, 0.0, 0.0, 1.0, 1.0, 0.0, 0.0, 0.0, 0.0, 0.0, 1.0, 1.0, 0.0, 0.0, 2.0, 0.0, 0.0, 0.0, 0.0, 0.0, 0.0, 0.0, 1.0], "bins": [-0.1524665802717209, -0.14815649390220642, -0.14384639263153076, -0.1395363062620163, -0.13522621989250183, -0.13091611862182617, -0.1266060322523117, -0.12229593843221664, -0.11798584461212158, -0.11367575079202652, -0.10936565697193146, -0.10505557060241699, -0.10074547678232193, -0.09643538296222687, -0.0921252965927124, -0.08781520277261734, -0.08350510895252228, -0.07919501513242722, -0.07488492131233215, -0.07057483494281769, -0.06626474112272263, -0.061954647302627563, -0.0576445572078228, -0.053334467113018036, -0.049024373292922974, -0.04471427947282791, -0.04040418937802315, -0.036094099283218384, -0.03178400546312332, -0.02747391350567341, -0.023163821548223495, -0.018853729590773582, -0.014543645083904266, -0.010233553126454353, -0.00592346116900444, -0.0016133692115545273, 0.0026967227458953857, 0.007006814703345299, 0.011316906660795212, 0.015626998618245125, 0.019937090575695038, 0.02424718253314495, 0.028557274490594864, 0.03286736458539963, 0.03717745840549469, 0.04148755222558975, 0.045797642320394516, 0.05010773241519928, 0.05441782623529434, 0.058727920055389404, 0.06303800642490387, 0.06734810024499893, 0.071658194065094, 0.07596828788518906, 0.08027838170528412, 0.08458846807479858, 0.08889856189489365, 0.09320865571498871, 0.09751874208450317, 0.10182883590459824, 0.1061389297246933, 0.11044902354478836, 0.11475911736488342, 0.11906920373439789, 0.12337929755449295]}, "gradients/graph_21spatial.0.weight": {"_type": "histogram",