{"batch loss": 0.8033310174942017, "_timestamp": 1651750621, "_runtime": 320, "_step": 1979, "epoch": 19, "train/train_loss": 0.9164803052435115, "train/train_acc": 36.91836734693877, "train/train_f1": 0.5764927124202166, "val/val_loss": 1.0611788447086627, "val/vaL_acc": 25.53846153846154, "val/val_f1": 0.4284214531212559, "gradients/graph_1fc2.bias": {"_type": "histogram", "values": [1.0, 0.0, 0.0, 0.0, 0.0, 0.0, 0.0, 0.0, 0.0, 0.0, 0.0, 0.0, 0.0, 0.0, 0.0, 0.0, 0.0, 0.0, 0.0, 0.0, 0.0, 0.0, 0.0, 0.0, 0.0, 0.0, 0.0, 0.0, 0.0, 0.0, 0.0, 0.0, 0.0, 0.0, 0.0, 0.0, 0.0, 0.0, 0.0, 0.0, 0.0, 0.0, 0.0, 0.0, 0.0, 0.0, 0.0, 1.0, 0.0, 0.0, 0.0, 0.0, 0.0, 0.0, 0.0, 0.0, 0.0, 0.0, 0.0, 0.0, 0.0, 0.0, 0.0, 1.0], "bins": [-0.08742715418338776, -0.08508194983005524, -0.08273674547672272, -0.0803915485739708, -0.07804634422063828, -0.07570113986730576, -0.07335593551397324, -0.07101073861122131, -0.0686655342578888, -0.06632032990455627, -0.06397512555122375, -0.061629924923181534, -0.05928472429513931, -0.05693951994180679, -0.054594315588474274, -0.05224911496043205, -0.04990391060709953, -0.047558706253767014, -0.04521350562572479, -0.04286830127239227, -0.04052310064435005, -0.03817789629101753, -0.03583269566297531, -0.03348749130964279, -0.031142286956310272, -0.028797084465622902, -0.02645188197493553, -0.024106677621603012, -0.02176147699356079, -0.01941627264022827, -0.0170710701495409, -0.014725867658853531, -0.01238066703081131, -0.01003546454012394, -0.007690261583775282, -0.005345058627426624, -0.002999856136739254, -0.0006546536460518837, 0.0016905497759580612, 0.0040357522666454315, 0.006380952894687653, 0.008726155385375023, 0.011071357876062393, 0.013416561298072338, 0.015761762857437134, 0.018106967210769653, 0.020452169701457024, 0.022797372192144394, 0.025142576545476913, 0.027487779036164284, 0.029832981526851654, 0.032178185880184174, 0.034523386508226395, 0.036868590861558914, 0.039213791489601135, 0.041558995842933655, 0.043904200196266174, 0.046249404549598694, 0.048594605177640915, 0.050939809530973434, 0.053285010159015656, 0.055630214512348175, 0.057975418865680695, 0.060320619493722916, 0.06266582012176514]}, "gradients/graph_1fc2.weight": {"_type": "histogram", "values": [1.0, 1.0, 0.0, 4.0, 4.0, 3.0, 6.0, 6.0, 6.0, 5.0, 5.0, 9.0, 12.0, 13.0, 11.0, 8.0, 14.0, 13.0, 14.0, 18.0, 14.0, 15.0, 6.0, 26.0, 28.0, 25.0, 23.0, 14.0, 27.0, 21.0, 19.0, 21.0, 26.0, 16.0, 14.0, 15.0, 22.0, 18.0, 22.0, 21.0, 22.0, 21.0, 19.0, 27.0, 18.0, 17.0, 20.0, 21.0, 16.0, 22.0, 18.0, 11.0, 11.0, 12.0, 7.0, 4.0, 5.0, 5.0, 5.0, 5.0, 3.0, 0.0, 1.0, 4.0], "bins": [-0.06592608988285065, -0.06394757330417633, -0.061969056725502014, -0.059990543872117996, -0.05801202729344368, -0.05603351071476936, -0.054054997861385345, -0.05207648128271103, -0.05009796470403671, -0.048119448125362396, -0.04614093154668808, -0.04416241869330406, -0.042183902114629745, -0.04020538553595543, -0.03822687268257141, -0.036248356103897095, -0.03426983952522278, -0.03229132294654846, -0.030312808230519295, -0.028334293514490128, -0.02635577693581581, -0.024377260357141495, -0.022398745641112328, -0.02042023092508316, -0.018441714346408844, -0.016463197767734528, -0.01448468305170536, -0.012506167404353619, -0.010527651757001877, -0.008549136109650135, -0.006570620462298393, -0.0045921048149466515, -0.0026135966181755066, -0.0006350809708237648, 0.001343434676527977, 0.0033219503238797188, 0.005300465971231461, 0.007278981618583202, 0.009257497265934944, 0.011236012913286686, 0.013214528560638428, 0.01519304420799017, 0.01717155985534191, 0.01915007457137108, 0.021128591150045395, 0.02310710772871971, 0.02508562244474888, 0.027064137160778046, 0.029042653739452362, 0.03102117031812668, 0.032999686896800995, 0.03497819975018501, 0.03695671632885933, 0.038935232907533646, 0.040913745760917664, 0.04289226233959198, 0.044870778918266296, 0.04684929549694061, 0.04882781207561493, 0.05080632492899895, 0.052784841507673264, 0.05476335808634758, 0.0567418709397316, 0.058720387518405914, 0.06069890409708023]}, "gradients/graph_1spatial.1.weight": {"_type": "histogram", "values": [1.0, 0.0, 0.0, 0.0, 0.0, 0.0, 0.0, 0.0, 0.0, 0.0, 0.0, 0.0, 0.0, 0.0, 0.0, 0.0, 0.0, 0.0, 2.0, 0.0, 0.0, 0.0, 0.0, 0.0, 0.0, 0.0, 0.0, 0.0, 0.0, 0.0, 0.0, 0.0, 0.0, 0.0, 0.0, 0.0, 0.0, 0.0, 0.0, 0.0, 0.0, 0.0, 0.0, 2.0, 0.0, 1.0, 0.0, 0.0, 0.0, 0.0, 2.0, 0.0, 0.0, 0.0, 0.0, 0.0, 0.0, 0.0, 0.0, 0.0, 0.0, 0.0, 1.0, 1.0], "bins": [-0.0663352981209755, -0.06490931659936905, -0.0634833350777626, -0.06205735355615616, -0.06063137575984001, -0.059205394238233566, -0.05777941271662712, -0.056353431195020676, -0.05492745339870453, -0.053501471877098083, -0.05207549035549164, -0.05064950883388519, -0.049223531037569046, -0.0477975495159626, -0.046371567994356155, -0.04494558647274971, -0.043519604951143265, -0.04209362342953682, -0.040667641907930374, -0.03924166411161423, -0.03781568259000778, -0.03638970106840134, -0.03496371954679489, -0.033537738025188446, -0.032111756503582, -0.030685774981975555, -0.02925979532301426, -0.027833813801407814, -0.026407834142446518, -0.024981852620840073, -0.023555871099233627, -0.022129889577627182, -0.020703908056020737, -0.01927792653441429, -0.017851946875452995, -0.01642596535384655, -0.01499998476356268, -0.013574004173278809, -0.012148022651672363, -0.010722042061388493, -0.009296063333749771, -0.0078700827434659, -0.006444101687520742, -0.005018120631575584, -0.0035921400412917137, -0.002166159451007843, -0.0007401779294013977, 0.000685802660882473, 0.002111785113811493, 0.0035377659369260073, 0.004963746760040522, 0.00638972781598568, 0.00781570840626955, 0.009241688996553421, 0.010667670518159866, 0.012093651108443737, 0.013519631698727608, 0.014945612289011478, 0.01637159287929535, 0.017797574400901794, 0.01922355592250824, 0.020649535581469536, 0.02207551710307598, 0.023501496762037277, 0.024927478283643723]}, "gradients/graph_1spatial.1.bias": {"_type": "histogram", "values": [1.0, 0.0, 0.0, 0.0, 0.0, 0.0, 0.0, 0.0, 0.0, 0.0, 1.0, 0.0, 0.0, 0.0, 0.0, 0.0, 0.0, 0.0, 0.0, 0.0, 0.0, 0.0, 0.0, 1.0, 0.0, 0.0, 0.0, 0.0, 0.0, 0.0, 0.0, 0.0, 2.0, 0.0, 0.0, 0.0, 1.0, 0.0, 0.0, 0.0, 0.0, 0.0, 0.0, 0.0, 0.0, 0.0, 0.0, 0.0, 0.0, 0.0, 0.0, 1.0, 0.0, 0.0, 0.0, 0.0, 1.0, 0.0, 1.0, 0.0, 0.0, 0.0, 0.0, 1.0], "bins": [-0.09073910117149353, -0.08832737058401108, -0.08591563999652863, -0.08350390940904617, -0.08109217882156372, -0.07868044823408127, -0.07626871764659882, -0.07385699450969696, -0.07144525647163391, -0.06903352588415146, -0.066621795296669, -0.06421006470918655, -0.0617983341217041, -0.05938660353422165, -0.056974876672029495, -0.05456314608454704, -0.05215141922235489, -0.049739688634872437, -0.047327958047389984, -0.04491622745990753, -0.04250449687242508, -0.04009276628494263, -0.03768103942275047, -0.03526930883526802, -0.03285757824778557, -0.030445847660303116, -0.028034117072820663, -0.02562238834798336, -0.023210657760500908, -0.020798927173018456, -0.018387198448181152, -0.0159754678606987, -0.01356372982263565, -0.011151999235153198, -0.00874026957899332, -0.006328539457172155, -0.00391680933535099, -0.001505078747868538, 0.0009066509082913399, 0.0033183805644512177, 0.00573011115193367, 0.008141841739416122, 0.010553571395576, 0.012965301051735878, 0.01537703163921833, 0.017788762226700783, 0.020200490951538086, 0.02261222153902054, 0.02502395212650299, 0.027435682713985443, 0.029847413301467896, 0.03225914388895035, 0.0346708744764328, 0.03708260506391525, 0.03949433192610741, 0.04190606251358986, 0.04431779310107231, 0.046729523688554764, 0.049141254276037216, 0.05155298486351967, 0.05396471172571182, 0.056376442313194275, 0.05878817290067673, 0.06119990348815918, 0.06361163407564163]}, "gradients/graph_1spatial.0.weight": {"_type": "histogram",