{"batch loss": 0.8403081893920898, "_timestamp": 1651763742, "_runtime": 426, "_step": 649, "epoch": 24, "train/train_loss": 0.7846433782577514, "train/train_acc": 0.6500634517766497, "train/train_f1": 0.6487351500734612, "val/val_loss": 0.9142940441767374, "val/vaL_acc": 0.584045584045584, "val/val_f1": 0.5800005532509959, "gradients/graph_3fc2.bias": {"_type": "histogram", "values": [1.0, 0.0, 0.0, 0.0, 0.0, 0.0, 0.0, 0.0, 0.0, 0.0, 0.0, 0.0, 0.0, 0.0, 0.0, 0.0, 0.0, 0.0, 0.0, 0.0, 0.0, 0.0, 0.0, 1.0, 0.0, 0.0, 0.0, 0.0, 0.0, 0.0, 0.0, 0.0, 0.0, 0.0, 0.0, 0.0, 0.0, 0.0, 0.0, 0.0, 0.0, 0.0, 0.0, 0.0, 0.0, 0.0, 0.0, 0.0, 0.0, 0.0, 0.0, 0.0, 0.0, 0.0, 0.0, 0.0, 0.0, 0.0, 0.0, 0.0, 0.0, 0.0, 0.0, 1.0], "bins": [-0.027425646781921387, -0.02648613043129444, -0.025546614080667496, -0.0246070995926857, -0.023667583242058754, -0.02272806689143181, -0.021788552403450012, -0.020849036052823067, -0.01990951970219612, -0.018970003351569176, -0.01803048700094223, -0.017090972512960434, -0.01615145616233349, -0.015211939811706543, -0.014272424392402172, -0.013332908973097801, -0.012393392622470856, -0.01145387627184391, -0.01051436085253954, -0.009574845433235168, -0.008635329082608223, -0.007695813197642565, -0.006756297312676907, -0.005816781427711248, -0.00487726554274559, -0.003937749657779932, -0.002998233772814274, -0.0020587178878486156, -0.0011192020028829575, -0.00017968611791729927, 0.0007598297670483589, 0.001699345652014017, 0.0026388615369796753, 0.0035783774219453335, 0.004517893306910992, 0.00545740919187665, 0.006396925076842308, 0.007336440961807966, 0.008275956846773624, 0.009215472266077995, 0.01015498861670494, 0.011094504967331886, 0.012034020386636257, 0.012973535805940628, 0.013913052156567574, 0.014852568507194519, 0.015792082995176315, 0.01673159934580326, 0.017671115696430206, 0.018610632047057152, 0.019550148397684097, 0.020489662885665894, 0.02142917923629284, 0.022368695586919785, 0.02330821007490158, 0.024247726425528526, 0.025187242776155472, 0.026126759126782417, 0.027066275477409363, 0.02800578996539116, 0.028945306316018105, 0.02988482266664505, 0.030824337154626846, 0.03176385536789894, 0.03270336985588074]}, "gradients/graph_3fc2.weight": {"_type": "histogram", "values": [1.0, 2.0, 1.0, 0.0, 5.0, 1.0, 2.0, 2.0, 2.0, 2.0, 4.0, 3.0, 6.0, 3.0, 7.0, 7.0, 13.0, 6.0, 12.0, 14.0, 14.0, 15.0, 16.0, 12.0, 14.0, 20.0, 20.0, 21.0, 21.0, 15.0, 24.0, 17.0, 17.0, 17.0, 14.0, 14.0, 24.0, 19.0, 18.0, 12.0, 10.0, 10.0, 5.0, 8.0, 4.0, 7.0, 4.0, 2.0, 2.0, 1.0, 2.0, 4.0, 3.0, 0.0, 2.0, 3.0, 0.0, 1.0, 1.0, 1.0, 0.0, 1.0, 0.0, 2.0], "bins": [-0.0237275343388319, -0.0229262113571167, -0.022124890238046646, -0.021323567256331444, -0.02052224427461624, -0.01972092315554619, -0.018919600173830986, -0.018118277192115784, -0.01731695607304573, -0.016515633091330528, -0.015714311972260475, -0.014912988990545273, -0.01411166600883007, -0.013310343958437443, -0.012509021908044815, -0.011707698926329613, -0.01090637594461441, -0.010105053894221783, -0.00930373091250658, -0.008502408862113953, -0.007701086346060038, -0.006899763830006123, -0.006098441779613495, -0.00529711926355958, -0.0044957976788282394, -0.0036944751627743244, -0.002893152879551053, -0.0020918305963277817, -0.0012905080802738667, -0.0004891855642199516, 0.0003121364861726761, 0.0011134590022265911, 0.0019147824496030807, 0.0027161049656569958, 0.003517427248880267, 0.0043187495321035385, 0.0051200720481574535, 0.0059213945642113686, 0.006722716614603996, 0.007524039130657911, 0.008325362578034401, 0.009126684628427029, 0.009928007610142231, 0.010729329660534859, 0.011530652642250061, 0.012331974692642689, 0.013133296743035316, 0.013934619724750519, 0.014735940843820572, 0.0155372628942132, 0.016338584944605827, 0.01713990792632103, 0.017941230908036232, 0.018742553889751434, 0.019543875008821487, 0.02034519799053669, 0.021146520972251892, 0.021947843953967094, 0.022749165073037148, 0.02355048805475235, 0.024351811036467552, 0.025153134018182755, 0.025954455137252808, 0.02675577811896801, 0.027557099238038063]}, "gradients/graph_3spatial.1.weight": {"_type": "histogram", "values": [2.0, 0.0, 0.0, 0.0, 0.0, 0.0, 0.0, 0.0, 0.0, 0.0, 2.0, 0.0, 0.0, 0.0, 0.0, 0.0, 0.0, 0.0, 1.0, 0.0, 0.0, 0.0, 0.0, 0.0, 0.0, 0.0, 0.0, 0.0, 0.0, 0.0, 1.0, 0.0, 1.0, 0.0, 0.0, 0.0, 0.0, 0.0, 0.0, 0.0, 0.0, 0.0, 0.0, 0.0, 0.0, 0.0, 0.0, 0.0, 0.0, 1.0, 0.0, 0.0, 1.0, 0.0, 0.0, 0.0, 0.0, 0.0, 0.0, 0.0, 0.0, 0.0, 0.0, 1.0], "bins": [-0.039741549640893936, -0.03844105452299118, -0.037140555679798126, -0.03584006056189537, -0.034539565443992615, -0.03323907032608986, -0.0319385752081871, -0.03063807636499405, -0.029337581247091293, -0.028037086129188538, -0.026736589148640633, -0.025436092168092728, -0.024135597050189972, -0.022835101932287216, -0.02153460495173931, -0.020234107971191406, -0.01893361285328865, -0.017633117735385895, -0.01633262075483799, -0.01503212470561266, -0.013731628656387329, -0.012431132607161999, -0.011130636557936668, -0.009830140508711338, -0.008529644459486008, -0.007229148410260677, -0.005928652361035347, -0.004628156311810017, -0.0033276602625846863, -0.002027164213359356, -0.0007266681641340256, 0.0005738278850913048, 0.0018743239343166351, 0.0031748199835419655, 0.004475316032767296, 0.005775812081992626, 0.0070763081312179565, 0.008376804180443287, 0.009677300229668617, 0.010977796278893948, 0.012278292328119278, 0.013578788377344608, 0.014879284426569939, 0.016179781407117844, 0.0174802765250206, 0.018780771642923355, 0.02008126862347126, 0.021381765604019165, 0.02268226072192192, 0.023982755839824677, 0.02528325282037258, 0.026583749800920486, 0.027884244918823242, 0.029184740036725998, 0.030485237017273903, 0.03178573399782181, 0.033086229115724564, 0.03438672423362732, 0.035687223076820374, 0.03698771819472313, 0.038288213312625885, 0.03958870843052864, 0.040889203548431396, 0.04218970239162445, 0.043490197509527206]}, "gradients/graph_3spatial.1.bias": {"_type": "histogram", "values": [1.0, 0.0, 0.0, 0.0, 0.0, 0.0, 1.0, 0.0, 0.0, 0.0, 0.0, 1.0, 0.0, 0.0, 0.0, 1.0, 0.0, 0.0, 0.0, 0.0, 0.0, 0.0, 1.0, 0.0, 0.0, 0.0, 0.0, 0.0, 0.0, 0.0, 0.0, 0.0, 0.0, 0.0, 0.0, 0.0, 1.0, 0.0, 0.0, 1.0, 0.0, 0.0, 0.0, 0.0, 0.0, 0.0, 0.0, 0.0, 0.0, 1.0, 0.0, 1.0, 0.0, 0.0, 0.0, 0.0, 0.0, 0.0, 0.0, 0.0, 0.0, 0.0, 0.0, 1.0], "bins": [-0.13725297152996063, -0.13300734758377075, -0.12876172363758087, -0.12451609969139099, -0.12027047574520111, -0.11602485179901123, -0.11177923530340195, -0.10753361135721207, -0.10328798741102219, -0.0990423634648323, -0.09479673951864243, -0.09055111557245255, -0.08630549907684326, -0.08205987513065338, -0.0778142511844635, -0.07356862723827362, -0.06932300329208374, -0.06507737934589386, -0.06083175539970398, -0.0565861351788044, -0.05234051123261452, -0.04809488728642464, -0.043849267065525055, -0.039603643119335175, -0.035358019173145294, -0.031112395226955414, -0.026866773143410683, -0.02262115105986595, -0.01837552711367607, -0.01412990316748619, -0.00988428108394146, -0.0056386590003967285, -0.0013930350542068481, 0.0028525879606604576, 0.007098210975527763, 0.011343833990395069, 0.015589457005262375, 0.019835080951452255, 0.024080703034996986, 0.028326325118541718, 0.0325719490647316, 0.03681757301092148, 0.04106319695711136, 0.04530881717801094, 0.04955444112420082, 0.0538000650703907, 0.05804568529129028, 0.062291309237480164, 0.06653693318367004, 0.07078255712985992, 0.0750281810760498, 0.07927380502223969, 0.08351942896842957, 0.08776505291461945, 0.09201066941022873, 0.09625629335641861, 0.10050191730260849, 0.10474754124879837, 0.10899316519498825, 0.11323878914117813, 0.11748440563678741, 0.1217300295829773, 0.12597565352916718, 0.13022127747535706, 0.13446690142154694]}, "gradients/graph_3spatial.0.weight": {"_type": "histogram",