{"batch loss": 0.9225648641586304, "_timestamp": 1651826147, "_runtime": 830, "_step": 649, "epoch": 24, "train/train_loss": 0.7445663785934449, "train/train_acc": 0.6828997461928934, "train/train_f1": 0.6809304194580545, "val/val_loss": 0.8812321225802103, "val/vaL_acc": 0.6225071225071225, "val/val_f1": 0.6207169852522075, "gradients/graph_67fc2.bias": {"_type": "histogram", "values": [1.0, 0.0, 0.0, 0.0, 0.0, 0.0, 0.0, 0.0, 0.0, 0.0, 0.0, 0.0, 0.0, 0.0, 0.0, 1.0, 0.0, 0.0, 0.0, 0.0, 0.0, 0.0, 0.0, 0.0, 0.0, 0.0, 0.0, 0.0, 0.0, 0.0, 0.0, 0.0, 0.0, 0.0, 0.0, 0.0, 0.0, 0.0, 0.0, 0.0, 0.0, 0.0, 0.0, 0.0, 0.0, 0.0, 0.0, 0.0, 0.0, 0.0, 0.0, 0.0, 0.0, 0.0, 0.0, 0.0, 0.0, 0.0, 0.0, 0.0, 0.0, 0.0, 0.0, 1.0], "bins": [-0.018118539825081825, -0.017431221902370453, -0.01674390584230423, -0.016056587919592857, -0.015369271859526634, -0.014681954868137836, -0.013994637876749039, -0.013307319954037666, -0.012620003893971443, -0.011932686902582645, -0.011245369911193848, -0.01055805291980505, -0.009870735928416252, -0.009183418937027454, -0.008496101945638657, -0.0078087844885885715, -0.0071214670315384865, -0.006434150040149689, -0.005746833048760891, -0.005059516057372093, -0.0043721990659832954, -0.003684881841763854, -0.0029975646175444126, -0.002310247626155615, -0.0016229301691055298, -0.0009356131195090711, -0.00024829606991261244, 0.00043902103789150715, 0.001126338029280305, 0.0018136550206691027, 0.002500972244888544, 0.003188289236277342, 0.0038756057620048523, 0.00456292275339365, 0.005250239744782448, 0.005937556736171246, 0.006624873727560043, 0.007312190718948841, 0.007999507710337639, 0.008686825633049011, 0.009374141693115234, 0.010061458684504032, 0.01074877567589283, 0.011436092667281628, 0.012123409658670425, 0.012810726650059223, 0.013498043641448021, 0.014185361564159393, 0.014872678555548191, 0.015559995546936989, 0.01624731346964836, 0.016934629529714584, 0.017621947452425957, 0.01830926351249218, 0.018996581435203552, 0.019683897495269775, 0.020371215417981148, 0.02105853334069252, 0.021745849400758743, 0.022433167323470116, 0.02312048338353634, 0.02380780130624771, 0.024495117366313934, 0.025182435289025307, 0.02586975134909153]}, "gradients/graph_67fc2.weight": {"_type": "histogram", "values": [2.0, 0.0, 1.0, 0.0, 0.0, 1.0, 2.0, 4.0, 0.0, 6.0, 8.0, 5.0, 4.0, 7.0, 6.0, 10.0, 7.0, 9.0, 12.0, 14.0, 31.0, 13.0, 23.0, 23.0, 29.0, 48.0, 40.0, 34.0, 46.0, 51.0, 39.0, 43.0, 41.0, 37.0, 36.0, 40.0, 37.0, 44.0, 25.0, 29.0, 26.0, 28.0, 28.0, 17.0, 23.0, 13.0, 14.0, 6.0, 9.0, 13.0, 9.0, 5.0, 1.0, 5.0, 6.0, 1.0, 4.0, 1.0, 0.0, 0.0, 0.0, 2.0, 1.0, 1.0], "bins": [-0.03373062610626221, -0.03267933800816536, -0.03162805363535881, -0.030576765537261963, -0.029525479301810265, -0.028474193066358566, -0.02742290496826172, -0.02637161873281002, -0.025320332497358322, -0.024269046261906624, -0.023217760026454926, -0.022166471928358078, -0.02111518569290638, -0.02006389945745468, -0.019012611359357834, -0.017961325123906136, -0.016910038888454437, -0.01585875265300274, -0.014807465486228466, -0.013756178319454193, -0.012704892084002495, -0.011653605848550797, -0.010602318681776524, -0.00955103151500225, -0.008499745279550552, -0.007448458578437567, -0.006397171877324581, -0.0053458851762115955, -0.00429459847509861, -0.0032433117739856243, -0.0021920250728726387, -0.001140738371759653, -8.944794535636902e-05, 0.0009618387557566166, 0.002013125456869602, 0.003064412157982588, 0.004115698859095573, 0.005166985560208559, 0.006218272261321545, 0.00726955896243453, 0.008320845663547516, 0.009372131898999214, 0.010423419065773487, 0.01147470623254776, 0.012525992467999458, 0.013577278703451157, 0.01462856587022543, 0.015679853036999702, 0.0167311392724514, 0.0177824255079031, 0.018833711743354797, 0.019884999841451645, 0.020936286076903343, 0.02198757231235504, 0.02303886041045189, 0.024090146645903587, 0.025141432881355286, 0.026192719116806984, 0.027244005352258682, 0.02829529345035553, 0.029346579685807228, 0.030397865921258926, 0.031449154019355774, 0.03250043839216232, 0.03355172649025917]}, "gradients/graph_67spatial.1.weight": {"_type": "histogram", "values": [1.0, 0.0, 0.0, 0.0, 0.0, 0.0, 0.0, 0.0, 0.0, 0.0, 0.0, 0.0, 0.0, 0.0, 0.0, 1.0, 1.0, 0.0, 0.0, 0.0, 0.0, 1.0, 0.0, 2.0, 1.0, 1.0, 0.0, 2.0, 4.0, 0.0, 0.0, 0.0, 0.0, 0.0, 1.0, 0.0, 0.0, 0.0, 0.0, 2.0, 1.0, 0.0, 0.0, 0.0, 0.0, 0.0, 0.0, 1.0, 0.0, 0.0, 0.0, 0.0, 0.0, 0.0, 0.0, 0.0, 0.0, 0.0, 0.0, 0.0, 0.0, 0.0, 0.0, 1.0], "bins": [-0.03131105750799179, -0.030377214774489403, -0.029443373903632164, -0.028509531170129776, -0.027575688436627388, -0.026641845703125, -0.02570800483226776, -0.024774162098765373, -0.023840319365262985, -0.022906476631760597, -0.02197263576090336, -0.02103879302740097, -0.020104950293898582, -0.019171107560396194, -0.018237266689538956, -0.017303423956036568, -0.01636958122253418, -0.015435739420354366, -0.014501896686851978, -0.013568054884672165, -0.012634212151169777, -0.011700370348989964, -0.01076652854681015, -0.009832685813307762, -0.008898844942450523, -0.00796500314027071, -0.007031160406768322, -0.006097318604588509, -0.005163475871086121, -0.004229634068906307, -0.0032957918010652065, -0.002361949533224106, -0.0014281067997217178, -0.0004942645900882781, 0.0004395776195451617, 0.0013734197709709406, 0.0023072620388120413, 0.0032411040738224983, 0.004174946341663599, 0.0051087886095047, 0.006042631343007088, 0.006976473610848188, 0.007910315878689289, 0.008844157680869102, 0.00977800041437149, 0.010711842216551304, 0.011645684018731117, 0.012579526752233505, 0.013513368554413319, 0.014447210356593132, 0.01538105309009552, 0.016314895823597908, 0.017248736694455147, 0.018182579427957535, 0.019116422161459923, 0.02005026489496231, 0.02098410576581955, 0.021917948499321938, 0.022851789370179176, 0.023785632103681564, 0.024719474837183952, 0.02565331757068634, 0.02658715844154358, 0.027521001175045967, 0.028454843908548355]}, "gradients/graph_67spatial.1.bias": {"_type": "histogram", "values": [1.0, 0.0, 0.0, 0.0, 0.0, 0.0, 1.0, 1.0, 0.0, 0.0, 0.0, 0.0, 1.0, 0.0, 1.0, 0.0, 0.0, 0.0, 0.0, 0.0, 0.0, 1.0, 0.0, 0.0, 0.0, 0.0, 0.0, 1.0, 0.0, 0.0, 0.0, 0.0, 0.0, 0.0, 0.0, 1.0, 0.0, 0.0, 0.0, 0.0, 3.0, 1.0, 0.0, 0.0, 0.0, 1.0, 2.0, 0.0, 1.0, 0.0, 0.0, 1.0, 0.0, 0.0, 0.0, 0.0, 0.0, 0.0, 0.0, 0.0, 0.0, 0.0, 2.0, 1.0], "bins": [-0.08146782964468002, -0.079205721616745, -0.07694362103939056, -0.07468151301145554, -0.0724194124341011, -0.07015730440616608, -0.06789520382881165, -0.06563309580087662, -0.06337099522352219, -0.06110889092087746, -0.05884678661823273, -0.056584682315588, -0.05432257801294327, -0.05206047371029854, -0.04979836940765381, -0.04753626137971878, -0.04527415707707405, -0.04301205277442932, -0.04074994847178459, -0.03848784416913986, -0.03622573986649513, -0.0339636355638504, -0.031701527535915375, -0.029439425095915794, -0.027177318930625916, -0.024915214627981186, -0.022653110325336456, -0.020391006022691727, -0.018128901720046997, -0.015866797417402267, -0.013604691252112389, -0.011342586949467659, -0.009080484509468079, -0.006818380206823349, -0.004556275438517332, -0.002294170670211315, -3.206636756658554e-05, 0.002230037935078144, 0.004492143169045448, 0.006754247471690178, 0.009016349911689758, 0.011278454214334488, 0.013540558516979218, 0.015802662819623947, 0.018064767122268677, 0.020326871424913406, 0.022588977590203285, 0.024851081892848015, 0.027113188058137894, 0.029375292360782623, 0.03163739666342735, 0.03389950096607208, 0.03616160526871681, 0.03842370957136154, 0.04068581759929657, 0.042947918176651, 0.04521002620458603, 0.04747213050723076, 0.04973423480987549, 0.05199633911252022, 0.05425844341516495, 0.05652054771780968, 0.05878265202045441, 0.061044760048389435, 0.06330686062574387]}, "gradients/graph_67spatial.0.weight": {"_type": "histogram",