{"batch loss": 0.20309457182884216, "_timestamp": 1651802240, "_runtime": 1265, "_step": 649, "epoch": 24, "train/train_loss": 0.22071003317832946, "train/train_acc": 0.9336928934010152, "train/train_f1": 0.9337650702872685, "val/val_loss": 1.1512480576833088, "val/vaL_acc": 0.6153846153846154, "val/val_f1": 0.6143326031507401, "gradients/graph_45fc2.bias": {"_type": "histogram", "values": [1.0, 0.0, 0.0, 0.0, 0.0, 0.0, 0.0, 1.0, 0.0, 0.0, 0.0, 0.0, 0.0, 0.0, 0.0, 0.0, 0.0, 0.0, 0.0, 0.0, 0.0, 0.0, 0.0, 0.0, 0.0, 0.0, 0.0, 0.0, 0.0, 0.0, 0.0, 0.0, 0.0, 0.0, 0.0, 0.0, 0.0, 0.0, 0.0, 0.0, 0.0, 0.0, 0.0, 0.0, 0.0, 0.0, 0.0, 0.0, 0.0, 0.0, 0.0, 0.0, 0.0, 0.0, 0.0, 0.0, 0.0, 0.0, 0.0, 0.0, 0.0, 0.0, 0.0, 1.0], "bins": [-0.01465015858411789, -0.014033487997949123, -0.013416817411780357, -0.012800146825611591, -0.012183476239442825, -0.01156680565327406, -0.010950135067105293, -0.010333464480936527, -0.009716793894767761, -0.009100123308598995, -0.00848345272243023, -0.007866782136261463, -0.007250111550092697, -0.006633440963923931, -0.006016770377755165, -0.005400099791586399, -0.004783429205417633, -0.004166758619248867, -0.003550088033080101, -0.002933417446911335, -0.002316746860742569, -0.001700076274573803, -0.001083405688405037, -0.0004667351022362709, 0.00014993548393249512, 0.0007666060701012611, 0.0013832766562700272, 0.001999947242438793, 0.002616617828607559, 0.0032332884147763252, 0.0038499590009450912, 0.004466629587113857, 0.005083300173282623, 0.005699970759451389, 0.006316641345620155, 0.006933311931788921, 0.007549982517957687, 0.008166653104126453, 0.00878332369029522, 0.009399994276463985, 0.010016664862632751, 0.010633335448801517, 0.011250006034970284, 0.01186667662113905, 0.012483347207307816, 0.013100017793476582, 0.013716688379645348, 0.014333358965814114, 0.01495002955198288, 0.015566700138151646, 0.01618337072432041, 0.016800042241811752, 0.017416711896657944, 0.018033381551504135, 0.018650053068995476, 0.019266724586486816, 0.019883394241333008, 0.0205000638961792, 0.02111673541367054, 0.02173340693116188, 0.022350076586008072, 0.022966746240854263, 0.023583417758345604, 0.024200089275836945, 0.024816758930683136]}, "gradients/graph_45fc2.weight": {"_type": "histogram", "values": [1.0, 0.0, 1.0, 1.0, 3.0, 2.0, 5.0, 2.0, 8.0, 12.0, 16.0, 16.0, 35.0, 31.0, 54.0, 64.0, 84.0, 139.0, 153.0, 168.0, 185.0, 176.0, 206.0, 213.0, 193.0, 161.0, 141.0, 138.0, 119.0, 103.0, 106.0, 92.0, 109.0, 100.0, 86.0, 77.0, 88.0, 89.0, 68.0, 61.0, 62.0, 49.0, 43.0, 31.0, 26.0, 20.0, 10.0, 15.0, 11.0, 8.0, 5.0, 3.0, 5.0, 3.0, 0.0, 2.0, 0.0, 0.0, 0.0, 0.0, 0.0, 0.0, 0.0, 1.0], "bins": [-0.02667766809463501, -0.025680989027023315, -0.02468430995941162, -0.023687630891799927, -0.022690951824188232, -0.021694272756576538, -0.020697595551609993, -0.0197009164839983, -0.018704237416386604, -0.01770755834877491, -0.016710879281163216, -0.01571420021355152, -0.014717522077262402, -0.013720843009650707, -0.012724164873361588, -0.011727485805749893, -0.010730806738138199, -0.009734127670526505, -0.00873744860291481, -0.0077407704666256905, -0.006744091399013996, -0.005747412331402302, -0.004750733729451895, -0.0037540551275014877, -0.0027573760598897934, -0.0017606972251087427, -0.000764018390327692, 0.00023266044445335865, 0.0012293392792344093, 0.0022260183468461037, 0.0032226969487965107, 0.004219375550746918, 0.005216054618358612, 0.006212733685970306, 0.007209412287920713, 0.00820609088987112, 0.009202769957482815, 0.010199449025094509, 0.011196127161383629, 0.012192806228995323, 0.013189485296607018, 0.014186164364218712, 0.015182843431830406, 0.0161795224994421, 0.017176199704408646, 0.01817287877202034, 0.019169557839632034, 0.02016623690724373, 0.021162915974855423, 0.022159595042467117, 0.02315627411007881, 0.024152953177690506, 0.0251496322453022, 0.026146311312913895, 0.02714298851788044, 0.028139667585492134, 0.02913634665310383, 0.030133025720715523, 0.031129704788327217, 0.03212638199329376, 0.03312306106090546, 0.03411974012851715, 0.035116419196128845, 0.03611309826374054, 0.037109777331352234]}, "gradients/graph_45spatial.1.weight": {"_type": "histogram", "values": [1.0, 0.0, 0.0, 0.0, 1.0, 0.0, 0.0, 1.0, 0.0, 0.0, 0.0, 0.0, 1.0, 0.0, 1.0, 0.0, 0.0, 0.0, 0.0, 0.0, 0.0, 2.0, 1.0, 1.0, 2.0, 1.0, 0.0, 0.0, 1.0, 0.0, 1.0, 0.0, 1.0, 0.0, 0.0, 3.0, 0.0, 0.0, 3.0, 3.0, 2.0, 0.0, 3.0, 1.0, 1.0, 1.0, 1.0, 0.0, 2.0, 0.0, 0.0, 1.0, 1.0, 0.0, 1.0, 1.0, 0.0, 0.0, 0.0, 0.0, 0.0, 0.0, 0.0, 1.0], "bins": [-0.07057918608188629, -0.06865325570106506, -0.06672731786966324, -0.06480138003826141, -0.06287544965744019, -0.06094951555132866, -0.05902358144521713, -0.057097647339105606, -0.05517171323299408, -0.05324577912688255, -0.05131984502077103, -0.0493939109146595, -0.047467976808547974, -0.04554204270243645, -0.04361610859632492, -0.041690174490213394, -0.03976424038410187, -0.03783830627799034, -0.035912372171878815, -0.03398643806576729, -0.03206050395965576, -0.030134569853544235, -0.02820863574743271, -0.026282701641321182, -0.024356767535209656, -0.02243083342909813, -0.020504899322986603, -0.018578965216875076, -0.01665303111076355, -0.014727097004652023, -0.012801162898540497, -0.01087522879242897, -0.008949298411607742, -0.007023364305496216, -0.005097430199384689, -0.003171496093273163, -0.0012455619871616364, 0.0006803721189498901, 0.0026063062250614166, 0.004532240331172943, 0.00645817443728447, 0.008384108543395996, 0.010310042649507523, 0.012235976755619049, 0.014161910861730576, 0.016087844967842102, 0.01801377907395363, 0.019939713180065155, 0.02186564728617668, 0.023791581392288208, 0.025717515498399734, 0.02764344960451126, 0.029569383710622787, 0.031495317816734314, 0.03342125192284584, 0.03534718602895737, 0.03727312013506889, 0.03919905424118042, 0.041124988347291946, 0.04305092245340347, 0.044976856559515, 0.046902790665626526, 0.04882872477173805, 0.05075465887784958, 0.052680592983961105]}, "gradients/graph_45spatial.1.bias": {"_type": "histogram", "values": [1.0, 2.0, 0.0, 0.0, 0.0, 0.0, 1.0, 0.0, 0.0, 0.0, 0.0, 1.0, 0.0, 0.0, 0.0, 0.0, 0.0, 0.0, 0.0, 1.0, 1.0, 2.0, 2.0, 0.0, 1.0, 0.0, 1.0, 0.0, 0.0, 0.0, 1.0, 0.0, 0.0, 0.0, 0.0, 2.0, 2.0, 0.0, 0.0, 2.0, 3.0, 2.0, 3.0, 2.0, 1.0, 1.0, 0.0, 0.0, 2.0, 1.0, 0.0, 0.0, 1.0, 1.0, 0.0, 1.0, 0.0, 1.0, 0.0, 0.0, 0.0, 0.0, 0.0, 1.0], "bins": [-0.07092566788196564, -0.06890153139829636, -0.06687739491462708, -0.06485326588153839, -0.06282912939786911, -0.06080499291419983, -0.05878085643053055, -0.05675671994686127, -0.054732583463191986, -0.052708446979522705, -0.05068431422114372, -0.04866017773747444, -0.04663604125380516, -0.04461190849542618, -0.0425877720117569, -0.040563635528087616, -0.03853950276970863, -0.03651536628603935, -0.03449123352766037, -0.03246709704399109, -0.030442960560321808, -0.028418825939297676, -0.026394691318273544, -0.024370554834604263, -0.02234642207622528, -0.02032228745520115, -0.018298150971531868, -0.016274016350507736, -0.01424988079816103, -0.012225745245814323, -0.010201610624790192, -0.008177475072443485, -0.006153333932161331, -0.004129198379814625, -0.0021050632931292057, -8.092820644378662e-05, 0.0019432073459029198, 0.003967342898249626, 0.005991477519273758, 0.008015613071620464, 0.01003975048661232, 0.012063886038959026, 0.014088021591305733, 0.016112156212329865, 0.018136292695999146, 0.020160427317023277, 0.02218456193804741, 0.02420869842171669, 0.026232831180095673, 0.028256965801119804, 0.030281102284789085, 0.03230523690581322, 0.0343293733894825, 0.03635350614786148, 0.03837764263153076, 0.04040177911520004, 0.042425915598869324, 0.044450052082538605, 0.04647418484091759, 0.04849832132458687, 0.05052245780825615, 0.05254659056663513, 0.05457072705030441, 0.056594863533973694, 0.058618996292352676]}, "gradients/graph_45spatial.0.weight": {"_type": "histogram",