{"batch loss": 0.8119233846664429, "_timestamp": 1651868697, "_runtime": 504, "_step": 689, "epoch": 29, "train/train_loss": 0.7126164896921678, "train/train_acc": 0.6899210574628236, "train/train_f1": 0.6854243498611577, "val/val_loss": 1.2908495834895544, "val/vaL_acc": 0.46183450930083386, "val/val_f1": 0.4561189459492437, "gradients/graph_36fc2.bias": {"_type": "histogram", "values": [1.0, 0.0, 0.0, 0.0, 0.0, 0.0, 0.0, 0.0, 0.0, 0.0, 0.0, 0.0, 0.0, 0.0, 0.0, 0.0, 0.0, 0.0, 0.0, 0.0, 0.0, 0.0, 0.0, 0.0, 0.0, 0.0, 0.0, 0.0, 0.0, 0.0, 0.0, 0.0, 0.0, 0.0, 0.0, 0.0, 0.0, 0.0, 1.0, 0.0, 0.0, 0.0, 0.0, 0.0, 0.0, 0.0, 0.0, 0.0, 0.0, 0.0, 0.0, 0.0, 0.0, 0.0, 0.0, 0.0, 0.0, 0.0, 0.0, 0.0, 0.0, 0.0, 0.0, 1.0], "bins": [-0.041397824883461, -0.040184587240219116, -0.038971349596977234, -0.03775811195373535, -0.03654487431049347, -0.03533163666725159, -0.034118399024009705, -0.03290516138076782, -0.03169192373752594, -0.030478686094284058, -0.029265448451042175, -0.028052210807800293, -0.02683897316455841, -0.02562573552131653, -0.024412499740719795, -0.023199262097477913, -0.02198602631688118, -0.020772788673639297, -0.019559551030397415, -0.018346313387155533, -0.01713307574391365, -0.015919838100671768, -0.014706602320075035, -0.013493364676833153, -0.01228012703359127, -0.011066889390349388, -0.009853651747107506, -0.008640415035188198, -0.007427177391946316, -0.0062139397487044334, -0.005000702571123838, -0.0037874653935432434, -0.0025742314755916595, -0.0013609940651804209, -0.0001477566547691822, 0.0010654807556420565, 0.002278718166053295, 0.0034919558092951775, 0.0047051929868757725, 0.0059184301644563675, 0.00713166780769825, 0.008344905450940132, 0.009558143094182014, 0.010771379806101322, 0.011984617449343204, 0.013197855092585087, 0.014411091804504395, 0.015624329447746277, 0.01683756709098816, 0.01805080473423004, 0.019264042377471924, 0.020477280020713806, 0.02169051766395569, 0.02290375530719757, 0.024116991087794304, 0.025330228731036186, 0.02654346637427807, 0.02775670401751995, 0.028969941660761833, 0.030183179304003716, 0.03139641508460045, 0.03260965272784233, 0.03382289037108421, 0.035036128014326096, 0.03624936565756798]}, "gradients/graph_36fc2.weight": {"_type": "histogram", "values": [2.0, 1.0, 0.0, 0.0, 0.0, 1.0, 2.0, 2.0, 2.0, 5.0, 3.0, 7.0, 5.0, 9.0, 11.0, 9.0, 12.0, 18.0, 17.0, 12.0, 14.0, 14.0, 22.0, 27.0, 21.0, 30.0, 26.0, 26.0, 37.0, 35.0, 32.0, 41.0, 34.0, 33.0, 42.0, 26.0, 33.0, 28.0, 21.0, 35.0, 24.0, 24.0, 27.0, 20.0, 12.0, 20.0, 12.0, 16.0, 8.0, 6.0, 8.0, 12.0, 1.0, 2.0, 5.0, 0.0, 1.0, 1.0, 1.0, 2.0, 0.0, 1.0, 1.0, 1.0], "bins": [-0.02825818583369255, -0.027377840131521225, -0.0264974944293499, -0.025617148727178574, -0.024736803025007248, -0.023856457322835922, -0.022976113483309746, -0.02209576778113842, -0.021215422078967094, -0.02033507637679577, -0.019454730674624443, -0.018574384972453117, -0.01769404113292694, -0.016813695430755615, -0.01593334972858429, -0.015053004026412964, -0.014172658324241638, -0.013292312622070312, -0.012411966919898987, -0.011531622149050236, -0.01065127644687891, -0.009770930744707584, -0.008890585973858833, -0.008010240271687508, -0.007129894569516182, -0.006249548867344856, -0.005369203630834818, -0.0044888583943247795, -0.003608512692153454, -0.002728166989982128, -0.0018478217534720898, -0.0009674765169620514, -8.713081479072571e-05, 0.0007932146545499563, 0.0016735601238906384, 0.0025539055932313204, 0.0034342510625720024, 0.004314596764743328, 0.0051949420012533665, 0.006075287237763405, 0.0069556329399347305, 0.007835978642106056, 0.008716324344277382, 0.009596669115126133, 0.010477014817297459, 0.011357360519468784, 0.012237705290317535, 0.013118050992488861, 0.013998396694660187, 0.014878742396831512, 0.015759088099002838, 0.016639433801174164, 0.01751977950334549, 0.018400125205516815, 0.01928046904504299, 0.020160814747214317, 0.021041160449385643, 0.02192150615155697, 0.022801851853728294, 0.02368219755589962, 0.024562541395425797, 0.025442887097597122, 0.026323232799768448, 0.027203578501939774, 0.0280839242041111]}, "gradients/graph_36spatial.1.weight": {"_type": "histogram", "values": [1.0, 0.0, 0.0, 0.0, 0.0, 0.0, 0.0, 0.0, 0.0, 0.0, 0.0, 0.0, 0.0, 0.0, 0.0, 0.0, 0.0, 1.0, 0.0, 0.0, 0.0, 0.0, 1.0, 0.0, 1.0, 0.0, 0.0, 0.0, 0.0, 0.0, 1.0, 0.0, 0.0, 0.0, 0.0, 0.0, 0.0, 0.0, 0.0, 0.0, 1.0, 0.0, 0.0, 0.0, 1.0, 0.0, 0.0, 0.0, 0.0, 0.0, 0.0, 0.0, 0.0, 0.0, 0.0, 0.0, 0.0, 0.0, 2.0, 0.0, 0.0, 0.0, 0.0, 1.0], "bins": [-0.12959875166416168, -0.1261204481124878, -0.1226421371102333, -0.11916383355855942, -0.11568552255630493, -0.11220721900463104, -0.10872891545295715, -0.10525060445070267, -0.10177229344844818, -0.09829398989677429, -0.0948156788945198, -0.09133737534284592, -0.08785906434059143, -0.08438076078891754, -0.08090245723724365, -0.07742414623498917, -0.07394584268331528, -0.07046753913164139, -0.0669892281293869, -0.06351092457771301, -0.06003261357545853, -0.05655431002378464, -0.05307600274682045, -0.04959769546985626, -0.04611939191818237, -0.042641084641218185, -0.039162777364254, -0.03568447381258011, -0.03220616281032562, -0.028727857396006584, -0.025249551981687546, -0.021771244704723358, -0.018292926251888275, -0.014814618974924088, -0.011336312629282475, -0.007858006283640862, -0.004379699006676674, -0.0009013917297124863, 0.002576913684606552, 0.00605522096157074, 0.009533531963825226, 0.013011839240789413, 0.0164901465177536, 0.01996845193207264, 0.023446759209036827, 0.026925066486001015, 0.030403371900320053, 0.03388167917728424, 0.03735998272895813, 0.04083829000592232, 0.044316597282886505, 0.047794900834560394, 0.05127321183681488, 0.05475151538848877, 0.05822982266545296, 0.061708129942417145, 0.06518644094467163, 0.06866474449634552, 0.0721430554986, 0.0756213590502739, 0.07909967005252838, 0.08257797360420227, 0.08605627715587616, 0.08953458815813065, 0.09301289170980453]}, "gradients/graph_36spatial.1.bias": {"_type": "histogram", "values": [1.0, 0.0, 0.0, 0.0, 0.0, 0.0, 0.0, 0.0, 0.0, 0.0, 0.0, 0.0, 0.0, 0.0, 0.0, 0.0, 0.0, 0.0, 1.0, 0.0, 0.0, 0.0, 1.0, 1.0, 0.0, 0.0, 0.0, 0.0, 0.0, 0.0, 0.0, 1.0, 0.0, 0.0, 0.0, 1.0, 0.0, 0.0, 1.0, 0.0, 0.0, 0.0, 0.0, 0.0, 0.0, 0.0, 0.0, 0.0, 0.0, 0.0, 0.0, 1.0, 0.0, 0.0, 0.0, 0.0, 0.0, 0.0, 1.0, 0.0, 0.0, 0.0, 0.0, 1.0], "bins": [-0.26578330993652344, -0.25796544551849365, -0.25014761090278625, -0.24232974648475647, -0.23451188206672668, -0.2266940325498581, -0.2188761830329895, -0.21105831861495972, -0.20324046909809113, -0.19542261958122253, -0.18760475516319275, -0.17978690564632416, -0.17196905612945557, -0.16415119171142578, -0.1563333421945572, -0.1485154926776886, -0.1406976282596588, -0.13287977874279022, -0.12506191432476044, -0.11724406480789185, -0.10942620784044266, -0.10160835087299347, -0.09379050135612488, -0.08597264438867569, -0.0781547874212265, -0.07033693045377731, -0.06251907348632812, -0.054701223969459534, -0.046883367002010345, -0.03906551003456116, -0.031247656792402267, -0.023429803550243378, -0.01561194658279419, -0.0077940914779901505, 2.376362681388855e-05, 0.007841618731617928, 0.015659473836421967, 0.023477330803871155, 0.031295184046030045, 0.039113037288188934, 0.04693089425563812, 0.05474875122308731, 0.0625666081905365, 0.07038445770740509, 0.07820231467485428, 0.08602017164230347, 0.09383802115917206, 0.10165587812662125, 0.10947373509407043, 0.11729159206151962, 0.1251094490289688, 0.1329272985458374, 0.1407451629638672, 0.14856301248073578, 0.15638086199760437, 0.16419872641563416, 0.17201657593250275, 0.17983442544937134, 0.18765228986740112, 0.19547013938426971, 0.2032879889011383, 0.2111058533191681, 0.21892370283603668, 0.22674155235290527, 0.23455941677093506]}, "gradients/graph_36spatial.0.weight": {"_type": "histogram",