{"batch loss": 0.6085442900657654, "_timestamp": 1651865259, "_runtime": 763, "_step": 689, "epoch": 29, "train/train_loss": 0.6577982225201346, "train/train_acc": 0.7185606756012484, "train/train_f1": 0.7182596941849714, "val/val_loss": 1.1434218202318465, "val/vaL_acc": 0.5272610647851187, "val/val_f1": 0.5388254684746966, "gradients/graph_30fc2.bias": {"_type": "histogram", "values": [1.0, 0.0, 0.0, 0.0, 0.0, 0.0, 0.0, 1.0, 0.0, 0.0, 0.0, 0.0, 0.0, 0.0, 0.0, 0.0, 0.0, 0.0, 0.0, 0.0, 0.0, 0.0, 0.0, 0.0, 0.0, 0.0, 0.0, 0.0, 0.0, 0.0, 0.0, 0.0, 0.0, 0.0, 0.0, 0.0, 0.0, 0.0, 0.0, 0.0, 0.0, 0.0, 0.0, 0.0, 0.0, 0.0, 0.0, 0.0, 0.0, 0.0, 0.0, 0.0, 0.0, 0.0, 0.0, 0.0, 0.0, 0.0, 0.0, 0.0, 0.0, 0.0, 0.0, 1.0], "bins": [-0.04624000936746597, -0.04429590702056885, -0.04235180467367172, -0.040407706052064896, -0.03846360370516777, -0.036519501358270645, -0.03457539901137352, -0.03263130038976669, -0.030687198042869568, -0.028743095695972443, -0.026798995211720467, -0.02485489286482334, -0.022910792380571365, -0.02096669003367424, -0.019022587686777115, -0.01707848720252514, -0.015134384855628014, -0.013190283440053463, -0.011246182024478912, -0.009302079677581787, -0.007357978727668524, -0.005413876846432686, -0.0034697754308581352, -0.0015256740152835846, 0.00041842833161354065, 0.0023625297471880913, 0.004306631162762642, 0.00625073304399848, 0.008194833993911743, 0.010138936340808868, 0.012083037756383419, 0.01402713917195797, 0.015971239656209946, 0.01791534200310707, 0.019859442487359047, 0.021803544834256172, 0.023747645318508148, 0.025691747665405273, 0.0276358500123024, 0.029579950496554375, 0.03152405098080635, 0.033468153327703476, 0.0354122556746006, 0.03735635429620743, 0.03930045664310455, 0.04124455899000168, 0.043188661336898804, 0.04513276368379593, 0.047076866030693054, 0.04902096837759018, 0.050965070724487305, 0.05290916934609413, 0.05485327169299126, 0.05679737403988838, 0.05874147638678551, 0.060685575008392334, 0.06262967735528946, 0.06457377970218658, 0.06651788204908371, 0.06846198439598083, 0.07040608674287796, 0.07235018908977509, 0.07429428398609161, 0.07623838633298874, 0.07818248867988586]}, "gradients/graph_30fc2.weight": {"_type": "histogram", "values": [2.0, 1.0, 3.0, 6.0, 3.0, 7.0, 12.0, 16.0, 35.0, 22.0, 35.0, 42.0, 62.0, 64.0, 88.0, 86.0, 100.0, 103.0, 93.0, 99.0, 81.0, 81.0, 59.0, 57.0, 33.0, 30.0, 11.0, 18.0, 12.0, 16.0, 22.0, 40.0, 29.0, 31.0, 37.0, 36.0, 42.0, 71.0, 48.0, 45.0, 25.0, 29.0, 27.0, 21.0, 23.0, 13.0, 11.0, 6.0, 7.0, 6.0, 5.0, 3.0, 3.0, 1.0, 1.0, 0.0, 0.0, 0.0, 0.0, 0.0, 0.0, 0.0, 0.0, 1.0], "bins": [-0.024428606033325195, -0.023409243673086166, -0.022389883175492287, -0.021370520815253258, -0.020351160317659378, -0.01933179795742035, -0.01831243559718132, -0.01729307323694229, -0.01627371273934841, -0.015254351310431957, -0.014234989881515503, -0.013215627521276474, -0.01219626609236002, -0.011176904663443565, -0.010157542303204536, -0.009138180874288082, -0.008118819445371628, -0.0070994580164551735, -0.006080096121877432, -0.00506073422729969, -0.004041372798383236, -0.0030220113694667816, -0.00200264947488904, -0.0009832875803112984, 3.6073848605155945e-05, 0.001055435510352254, 0.002074797172099352, 0.00309415883384645, 0.004113520495593548, 0.005132881924510002, 0.006152243819087744, 0.007171605713665485, 0.00819096714258194, 0.009210328571498394, 0.010229690000414848, 0.011249052360653877, 0.012268413789570332, 0.013287775218486786, 0.014307137578725815, 0.01532649900764227, 0.016345860436558723, 0.017365222796797752, 0.018384583294391632, 0.01940394565463066, 0.02042330801486969, 0.02144266851246357, 0.0224620308727026, 0.02348139137029648, 0.024500753730535507, 0.025520116090774536, 0.026539476588368416, 0.027558838948607445, 0.028578199446201324, 0.029597561806440353, 0.030616924166679382, 0.03163628652691841, 0.03265564888715744, 0.03367501124739647, 0.0346943736076355, 0.03571373224258423, 0.03673309460282326, 0.037752456963062286, 0.038771819323301315, 0.039791181683540344, 0.040810540318489075]}, "gradients/graph_30spatial.1.weight": {"_type": "histogram", "values": [1.0, 0.0, 0.0, 0.0, 0.0, 0.0, 0.0, 0.0, 0.0, 0.0, 1.0, 0.0, 0.0, 0.0, 0.0, 0.0, 0.0, 2.0, 0.0, 0.0, 0.0, 0.0, 1.0, 0.0, 0.0, 0.0, 1.0, 0.0, 1.0, 1.0, 0.0, 0.0, 0.0, 0.0, 0.0, 0.0, 0.0, 1.0, 0.0, 0.0, 0.0, 0.0, 0.0, 0.0, 1.0, 1.0, 0.0, 1.0, 0.0, 0.0, 0.0, 0.0, 1.0, 3.0, 0.0, 0.0, 0.0, 0.0, 1.0, 0.0, 2.0, 0.0, 0.0, 1.0], "bins": [-0.21303728222846985, -0.20756591856479645, -0.20209453999996185, -0.19662317633628845, -0.19115179777145386, -0.18568043410778046, -0.18020907044410706, -0.17473769187927246, -0.16926632821559906, -0.16379496455192566, -0.15832358598709106, -0.15285222232341766, -0.14738085865974426, -0.14190948009490967, -0.13643811643123627, -0.13096675276756287, -0.12549537420272827, -0.12002400308847427, -0.11455263197422028, -0.10908126831054688, -0.10360989719629288, -0.09813852608203888, -0.09266716241836548, -0.08719579130411148, -0.08172442018985748, -0.07625304907560349, -0.07078167796134949, -0.06531031429767609, -0.05983894318342209, -0.05436757206916809, -0.04889620468020439, -0.04342483729124069, -0.03795348107814789, -0.03248210996389389, -0.02701074257493019, -0.021539373323321342, -0.016068004071712494, -0.010596634820103645, -0.005125265568494797, 0.0003461018204689026, 0.0058174729347229, 0.011288842186331749, 0.016760211437940598, 0.022231580689549446, 0.027702949941158295, 0.03317432105541229, 0.03864568844437599, 0.04411705583333969, 0.04958842694759369, 0.05505979806184769, 0.060531165450811386, 0.06600253283977509, 0.07147390395402908, 0.07694527506828308, 0.08241663873195648, 0.08788800984621048, 0.09335938096046448, 0.09883075207471848, 0.10430212318897247, 0.10977348685264587, 0.11524485796689987, 0.12071622908115387, 0.12618759274482727, 0.13165897130966187, 0.13713033497333527]}, "gradients/graph_30spatial.1.bias": {"_type": "histogram", "values": [1.0, 0.0, 0.0, 0.0, 0.0, 0.0, 0.0, 0.0, 0.0, 0.0, 0.0, 0.0, 0.0, 0.0, 0.0, 0.0, 1.0, 1.0, 0.0, 0.0, 0.0, 0.0, 0.0, 0.0, 0.0, 1.0, 1.0, 0.0, 1.0, 0.0, 1.0, 1.0, 0.0, 0.0, 0.0, 0.0, 0.0, 1.0, 0.0, 0.0, 0.0, 0.0, 0.0, 0.0, 0.0, 1.0, 1.0, 1.0, 1.0, 0.0, 0.0, 0.0, 0.0, 1.0, 0.0, 1.0, 1.0, 0.0, 0.0, 1.0, 1.0, 0.0, 1.0, 1.0], "bins": [-0.27507179975509644, -0.2680724859237671, -0.26107320189476013, -0.2540738880634308, -0.24707460403442383, -0.24007530510425568, -0.23307600617408752, -0.22607670724391937, -0.21907740831375122, -0.21207810938358307, -0.20507881045341492, -0.19807951152324677, -0.1910802125930786, -0.18408091366291046, -0.1770816147327423, -0.17008231580257416, -0.163083016872406, -0.15608371794223785, -0.1490844190120697, -0.14208512008190155, -0.1350858211517334, -0.12808652222156525, -0.1210872232913971, -0.11408792436122894, -0.1070886105298996, -0.10008931159973145, -0.0930900126695633, -0.08609071373939514, -0.07909141480922699, -0.07209211587905884, -0.06509281694889069, -0.058093514293432236, -0.05109421908855438, -0.04409492015838623, -0.03709562122821808, -0.030096320435404778, -0.023097021505236626, -0.016097720712423325, -0.009098421782255173, -0.002099122852087021, 0.0049001723527908325, 0.011899471282958984, 0.018898770213127136, 0.025898071005940437, 0.03289736807346344, 0.03989667072892189, 0.04689596965909004, 0.053895268589258194, 0.060894571244716644, 0.0678938701748848, 0.07489316910505295, 0.0818924680352211, 0.08889176696538925, 0.095891073346138, 0.10289037227630615, 0.1098896712064743, 0.11688897013664246, 0.12388826906681061, 0.13088756799697876, 0.1378868669271469, 0.14488616585731506, 0.15188546478748322, 0.15888476371765137, 0.16588406264781952, 0.17288336157798767]}, "gradients/graph_30spatial.0.weight": {"_type": "histogram",