{"batch loss": 0.8310068845748901, "_timestamp": 1651846492, "_runtime": 925, "_step": 689, "epoch": 29, "train/train_loss": 0.818550088188865, "train/train_acc": 0.6330089957774921, "train/train_f1": 0.6310107377592901, "val/val_loss": 0.9460927248001099, "val/vaL_acc": 0.5535599743425272, "val/val_f1": 0.5278461361485982, "gradients/graph_4fc2.bias": {"_type": "histogram", "values": [1.0, 0.0, 0.0, 0.0, 0.0, 0.0, 0.0, 0.0, 0.0, 0.0, 0.0, 0.0, 0.0, 0.0, 0.0, 0.0, 0.0, 0.0, 0.0, 0.0, 0.0, 0.0, 0.0, 0.0, 0.0, 0.0, 0.0, 0.0, 0.0, 0.0, 0.0, 0.0, 0.0, 0.0, 0.0, 0.0, 0.0, 0.0, 0.0, 0.0, 1.0, 0.0, 0.0, 0.0, 0.0, 0.0, 0.0, 0.0, 0.0, 0.0, 0.0, 0.0, 0.0, 0.0, 0.0, 0.0, 0.0, 0.0, 0.0, 0.0, 0.0, 0.0, 0.0, 1.0], "bins": [-0.019347209483385086, -0.01879190281033516, -0.018236597999930382, -0.017681291326880455, -0.017125986516475677, -0.01657067984342575, -0.016015373170375824, -0.015460068359971046, -0.01490476168692112, -0.014349455945193768, -0.013794150203466415, -0.013238843530416489, -0.012683537788689137, -0.012128232046961784, -0.011572926305234432, -0.01101762056350708, -0.010462314821779728, -0.009907009080052376, -0.009351703338325024, -0.008796397596597672, -0.008241090923547745, -0.007685785181820393, -0.0071304794400930405, -0.006575173698365688, -0.006019867956638336, -0.005464562214910984, -0.004909256007522345, -0.0043539502657949924, -0.0037986442912369967, -0.003243338316679001, -0.0026880325749516487, -0.002132726600393653, -0.0015774201601743698, -0.001022114185616374, -0.00046680832747370005, 8.849753066897392e-05, 0.0006438035052269697, 0.0011991094797849655, 0.0017544152215123177, 0.0023097211960703135, 0.0028650276362895966, 0.0034203336108475924, 0.003975639585405588, 0.00453094532713294, 0.00508625153452158, 0.005641557276248932, 0.006196863017976284, 0.006752168759703636, 0.007307474501430988, 0.00786278024315834, 0.008418085984885693, 0.008973391726613045, 0.009528698399662971, 0.010084004141390324, 0.010639309883117676, 0.011194615624845028, 0.01174992136657238, 0.012305227108299732, 0.012860532850027084, 0.013415839523077011, 0.013971145264804363, 0.014526451006531715, 0.015081756748259068, 0.01563706248998642, 0.016192369163036346]}, "gradients/graph_4fc2.weight": {"_type": "histogram", "values": [1.0, 0.0, 0.0, 4.0, 2.0, 1.0, 4.0, 2.0, 4.0, 1.0, 4.0, 10.0, 6.0, 10.0, 10.0, 18.0, 14.0, 14.0, 21.0, 13.0, 21.0, 21.0, 33.0, 23.0, 35.0, 53.0, 29.0, 30.0, 29.0, 41.0, 45.0, 36.0, 36.0, 39.0, 31.0, 44.0, 33.0, 34.0, 33.0, 38.0, 32.0, 34.0, 33.0, 31.0, 32.0, 22.0, 13.0, 16.0, 18.0, 17.0, 13.0, 10.0, 12.0, 9.0, 5.0, 4.0, 4.0, 4.0, 1.0, 1.0, 2.0, 0.0, 1.0, 3.0], "bins": [-0.025855856016278267, -0.025071289390325546, -0.024286722764372826, -0.023502156138420105, -0.022717587649822235, -0.021933021023869514, -0.021148454397916794, -0.020363887771964073, -0.019579321146011353, -0.018794754520058632, -0.01801018789410591, -0.01722561940550804, -0.01644105277955532, -0.0156564861536026, -0.01487191952764988, -0.014087352901697159, -0.013302784413099289, -0.012518217787146568, -0.011733650229871273, -0.010949083603918552, -0.010164516046643257, -0.009379949420690536, -0.008595382794737816, -0.007810815703123808, -0.007026249542832375, -0.006241682451218367, -0.005457115359604359, -0.004672548733651638, -0.00388798164203763, -0.003103414550423622, -0.0023188479244709015, -0.0015342808328568935, -0.000749712809920311, 3.485416527837515e-05, 0.0008194211404770613, 0.0016039879992604256, 0.0023885550908744335, 0.0031731221824884415, 0.003957688808441162, 0.00474225590005517, 0.005526823922991753, 0.006311391014605761, 0.0070959581062197685, 0.00788052473217249, 0.008665092289447784, 0.009449658915400505, 0.010234225541353226, 0.011018792167305946, 0.011803358793258667, 0.012587925419211388, 0.013372492976486683, 0.014157059602439404, 0.014941627159714699, 0.01572619378566742, 0.01651076041162014, 0.01729532703757286, 0.01807989552617073, 0.01886446215212345, 0.019649028778076172, 0.020433597266674042, 0.021218163892626762, 0.022002730518579483, 0.022787297144532204, 0.023571863770484924, 0.024356430396437645]}, "gradients/graph_4spatial.1.weight": {"_type": "histogram", "values": [1.0, 0.0, 0.0, 0.0, 1.0, 0.0, 0.0, 0.0, 0.0, 0.0, 0.0, 1.0, 0.0, 0.0, 0.0, 0.0, 0.0, 0.0, 0.0, 0.0, 1.0, 0.0, 1.0, 2.0, 1.0, 0.0, 0.0, 0.0, 0.0, 2.0, 0.0, 0.0, 1.0, 0.0, 0.0, 1.0, 0.0, 0.0, 1.0, 0.0, 1.0, 0.0, 0.0, 0.0, 0.0, 0.0, 0.0, 0.0, 1.0, 1.0, 0.0, 0.0, 0.0, 0.0, 0.0, 1.0, 0.0, 0.0, 0.0, 1.0, 1.0, 0.0, 0.0, 1.0], "bins": [-0.02797236107289791, -0.027287255972623825, -0.02660215087234974, -0.025917045772075653, -0.025231938809156418, -0.024546833708882332, -0.023861728608608246, -0.02317662350833416, -0.022491518408060074, -0.021806413307785988, -0.021121308207511902, -0.020436201244592667, -0.01975109614431858, -0.019065991044044495, -0.01838088594377041, -0.017695780843496323, -0.017010673880577087, -0.016325568780303, -0.015640463680028915, -0.014955357648432255, -0.014270251616835594, -0.013585146516561508, -0.012900041416287422, -0.012214936316013336, -0.01152983121573925, -0.010844726115465164, -0.010159620083868504, -0.009474514983594418, -0.008789408951997757, -0.008104303851723671, -0.007419198751449585, -0.006734093185514212, -0.0060489848256111145, -0.005363879259675741, -0.004678773693740368, -0.003993668593466282, -0.0033085630275309086, -0.0026234574615955353, -0.0019383523613214493, -0.001253246795386076, -0.000568140298128128, 0.00011696515139192343, 0.0008020706009119749, 0.0014871759340167046, 0.002172281499952078, 0.002857387065887451, 0.003542492166161537, 0.0042275977320969105, 0.004912702366709709, 0.0055978079326450825, 0.006282913498580456, 0.006968018598854542, 0.007653124164789915, 0.008338229730725288, 0.009023334830999374, 0.00970843993127346, 0.010393545962870121, 0.011078651063144207, 0.011763757094740868, 0.012448862195014954, 0.01313396729528904, 0.0138190733268857, 0.014504178427159786, 0.015189284458756447, 0.015874389559030533]}, "gradients/graph_4spatial.1.bias": {"_type": "histogram", "values": [1.0, 0.0, 0.0, 1.0, 0.0, 0.0, 0.0, 0.0, 0.0, 0.0, 0.0, 0.0, 0.0, 1.0, 1.0, 0.0, 0.0, 0.0, 2.0, 0.0, 1.0, 0.0, 0.0, 0.0, 0.0, 0.0, 1.0, 2.0, 0.0, 0.0, 1.0, 0.0, 0.0, 0.0, 1.0, 0.0, 0.0, 0.0, 1.0, 0.0, 0.0, 0.0, 0.0, 1.0, 0.0, 0.0, 0.0, 1.0, 1.0, 0.0, 0.0, 0.0, 0.0, 0.0, 0.0, 0.0, 1.0, 0.0, 0.0, 0.0, 0.0, 1.0, 0.0, 2.0], "bins": [-0.029912855476140976, -0.029051603749394417, -0.028190352022647858, -0.0273291002959013, -0.02646784856915474, -0.02560659497976303, -0.024745343253016472, -0.023884091526269913, -0.023022839799523354, -0.022161588072776794, -0.021300336346030235, -0.020439084619283676, -0.019577831029891968, -0.018716581165790558, -0.01785532757639885, -0.01699407584965229, -0.01613282412290573, -0.015271572396159172, -0.014410320669412613, -0.01354906801134348, -0.01268781628459692, -0.011826564557850361, -0.010965311899781227, -0.010104060173034668, -0.009242808446288109, -0.00838155671954155, -0.007520304527133703, -0.006659052334725857, -0.005797800607979298, -0.0049365488812327385, -0.004075296688824892, -0.0032140444964170456, -0.0023527927696704865, -0.0014915408100932837, -0.0006302888505160809, 0.00023096310906112194, 0.0010922150686383247, 0.001953466795384884, 0.0028147189877927303, 0.0036759711802005768, 0.004537222906947136, 0.005398474633693695, 0.0062597268261015415, 0.007120979018509388, 0.007982230745255947, 0.008843482472002506, 0.00970473513007164, 0.0105659868568182, 0.011427238583564758, 0.012288490310311317, 0.013149742037057877, 0.01401099469512701, 0.01487224642187357, 0.015733499079942703, 0.016594750806689262, 0.01745600253343582, 0.01831725426018238, 0.01917850598692894, 0.0200397577136755, 0.020901009440422058, 0.021762263029813766, 0.022623512893915176, 0.023484766483306885, 0.024346018210053444, 0.025207269936800003]}, "gradients/graph_4spatial.0.weight": {"_type": "histogram",