{"batch loss": 0.7388960123062134, "_timestamp": 1651798756, "_runtime": 673, "_step": 649, "epoch": 24, "train/train_loss": 0.6478813099861145, "train/train_acc": 0.7298540609137056, "train/train_f1": 0.7271230125091815, "val/val_loss": 0.8647780418395996, "val/vaL_acc": 0.6424501424501424, "val/val_f1": 0.6348496955871391, "gradients/graph_42fc2.bias": {"_type": "histogram", "values": [1.0, 0.0, 0.0, 0.0, 0.0, 0.0, 0.0, 0.0, 0.0, 0.0, 0.0, 0.0, 0.0, 0.0, 0.0, 0.0, 0.0, 0.0, 0.0, 0.0, 0.0, 0.0, 0.0, 0.0, 0.0, 0.0, 0.0, 0.0, 0.0, 0.0, 0.0, 0.0, 0.0, 0.0, 0.0, 0.0, 0.0, 0.0, 0.0, 0.0, 0.0, 0.0, 0.0, 0.0, 0.0, 0.0, 0.0, 0.0, 0.0, 0.0, 0.0, 0.0, 0.0, 0.0, 0.0, 0.0, 0.0, 0.0, 0.0, 0.0, 0.0, 0.0, 0.0, 2.0], "bins": [-0.05795583501458168, -0.05659039318561554, -0.0552249476313591, -0.05385950580239296, -0.05249406397342682, -0.05112861841917038, -0.04976317659020424, -0.0483977347612381, -0.04703228920698166, -0.04566684737801552, -0.04430140182375908, -0.04293595999479294, -0.0415705144405365, -0.04020507261157036, -0.03883963078260422, -0.03747418522834778, -0.03610874339938164, -0.0347433015704155, -0.03337785601615906, -0.03201241418719292, -0.030646970495581627, -0.029281526803970337, -0.027916084975004196, -0.026550641283392906, -0.025185197591781616, -0.023819753900170326, -0.022454310208559036, -0.021088868379592896, -0.019723424687981606, -0.018357980996370316, -0.016992539167404175, -0.015627095475792885, -0.014261648058891296, -0.012896204367280006, -0.011530761606991291, -0.010165318846702576, -0.008799875155091286, -0.007434431929141283, -0.00606898870319128, -0.004703545942902565, -0.003338102251291275, -0.0019726590253412724, -0.0006072157993912697, 0.000758227426558733, 0.0021236706525087357, 0.0034891138784587383, 0.004854557104408741, 0.006219999864697456, 0.007585443556308746, 0.008950887247920036, 0.010316330008208752, 0.011681772768497467, 0.013047216460108757, 0.014412660151720047, 0.015778101980686188, 0.017143545672297478, 0.018508989363908768, 0.019874433055520058, 0.021239876747131348, 0.02260531857609749, 0.02397076226770878, 0.02533620595932007, 0.02670164778828621, 0.0280670914798975, 0.02943253517150879]}, "gradients/graph_42fc2.weight": {"_type": "histogram", "values": [1.0, 0.0, 1.0, 0.0, 4.0, 1.0, 2.0, 3.0, 5.0, 4.0, 1.0, 9.0, 6.0, 11.0, 17.0, 9.0, 14.0, 12.0, 15.0, 11.0, 8.0, 8.0, 17.0, 6.0, 6.0, 7.0, 9.0, 6.0, 6.0, 3.0, 9.0, 10.0, 8.0, 10.0, 19.0, 13.0, 18.0, 16.0, 28.0, 9.0, 13.0, 19.0, 20.0, 24.0, 15.0, 5.0, 13.0, 9.0, 10.0, 14.0, 12.0, 6.0, 7.0, 10.0, 5.0, 2.0, 2.0, 3.0, 4.0, 0.0, 3.0, 1.0, 0.0, 1.0], "bins": [-0.04828019067645073, -0.04682954028248787, -0.04537888616323471, -0.04392823576927185, -0.04247758537530899, -0.04102693498134613, -0.03957628086209297, -0.03812563046813011, -0.03667497634887695, -0.03522432595491409, -0.033773671835660934, -0.032323021441698074, -0.030872371047735214, -0.029421718791127205, -0.027971066534519196, -0.026520416140556335, -0.025069765746593475, -0.023619113489985466, -0.022168463096022606, -0.020717810839414597, -0.019267160445451736, -0.017816508188843727, -0.016365855932235718, -0.014915204606950283, -0.013464551419019699, -0.012013900093734264, -0.01056324876844883, -0.00911259651184082, -0.007661945186555386, -0.006211293861269951, -0.0047606416046619415, -0.003309990279376507, -0.0018593370914459229, -0.0004086855333298445, 0.001041966024786234, 0.002492617815732956, 0.003943269141018391, 0.005393920466303825, 0.006844572722911835, 0.00829522404819727, 0.009745873510837555, 0.01119652483612299, 0.012647176161408424, 0.014097828418016434, 0.015548479743301868, 0.016999131068587303, 0.018449783325195312, 0.019900433719158173, 0.02135108783841133, 0.02280174009501934, 0.0242523904889822, 0.02570304274559021, 0.02715369313955307, 0.02860434539616108, 0.03005499765276909, 0.03150564804673195, 0.03295630216598511, 0.03440695255994797, 0.035857606679201126, 0.037308257073163986, 0.038758907467126846, 0.040209561586380005, 0.041660211980342865, 0.043110862374305725, 0.044561512768268585]}, "gradients/graph_42spatial.1.weight": {"_type": "histogram", "values": [1.0, 0.0, 0.0, 0.0, 1.0, 1.0, 1.0, 0.0, 0.0, 1.0, 0.0, 0.0, 0.0, 0.0, 0.0, 0.0, 0.0, 1.0, 1.0, 0.0, 0.0, 0.0, 2.0, 0.0, 0.0, 0.0, 2.0, 0.0, 0.0, 0.0, 0.0, 0.0, 0.0, 0.0, 0.0, 0.0, 0.0, 0.0, 0.0, 1.0, 0.0, 0.0, 0.0, 0.0, 2.0, 0.0, 1.0, 0.0, 0.0, 0.0, 1.0, 2.0, 0.0, 0.0, 0.0, 0.0, 0.0, 0.0, 0.0, 0.0, 1.0, 0.0, 0.0, 1.0], "bins": [-0.08525754511356354, -0.08254965394735336, -0.07984176278114319, -0.07713386416435242, -0.07442597299814224, -0.07171808183193207, -0.0690101906657219, -0.06630229949951172, -0.06359440088272095, -0.06088650971651077, -0.0581786148250103, -0.055470723658800125, -0.05276282876729965, -0.05005493760108948, -0.0473470464348793, -0.04463915526866913, -0.041931264102458954, -0.03922337293624878, -0.036515478044748306, -0.03380758687853813, -0.031099693849682808, -0.028391800820827484, -0.02568390965461731, -0.022976016625761986, -0.02026812732219696, -0.017560234293341637, -0.014852342195808887, -0.012144450098276138, -0.009436557069420815, -0.006728664040565491, -0.004020772874355316, -0.0013128798454999924, 0.001395009458065033, 0.0041029020212590694, 0.006810794584453106, 0.009518686681985855, 0.012226579710841179, 0.014934472739696503, 0.017642363905906677, 0.020350256934762, 0.023058153688907623, 0.025766046717762947, 0.02847393974661827, 0.031181830912828445, 0.03388972580432892, 0.03659761697053909, 0.03930550813674927, 0.04201339930295944, 0.04472129046916962, 0.04742918163537979, 0.050137076526880264, 0.05284496769309044, 0.05555286258459091, 0.058260753750801086, 0.06096864491701126, 0.06367653608322144, 0.06638443470001221, 0.06909232586622238, 0.07180021703243256, 0.07450811564922333, 0.0772160068154335, 0.07992389798164368, 0.08263178914785385, 0.08533968031406403, 0.0880475714802742]}, "gradients/graph_42spatial.1.bias": {"_type": "histogram", "values": [1.0, 0.0, 1.0, 0.0, 1.0, 0.0, 1.0, 0.0, 0.0, 1.0, 0.0, 0.0, 1.0, 1.0, 0.0, 0.0, 0.0, 0.0, 0.0, 0.0, 1.0, 1.0, 0.0, 0.0, 1.0, 0.0, 0.0, 0.0, 1.0, 0.0, 0.0, 1.0, 0.0, 0.0, 0.0, 0.0, 0.0, 0.0, 0.0, 0.0, 0.0, 1.0, 0.0, 0.0, 0.0, 0.0, 1.0, 0.0, 1.0, 0.0, 2.0, 1.0, 0.0, 0.0, 0.0, 0.0, 0.0, 0.0, 1.0, 0.0, 0.0, 0.0, 0.0, 1.0], "bins": [-0.11385927349328995, -0.10991480201482773, -0.10597033053636551, -0.10202585905790329, -0.09808138757944107, -0.09413691610097885, -0.09019243717193604, -0.08624796569347382, -0.0823034942150116, -0.07835902273654938, -0.07441455125808716, -0.07047007977962494, -0.06652560830116272, -0.0625811368227005, -0.05863666161894798, -0.054692190140485764, -0.05074772238731384, -0.046803250908851624, -0.042858779430389404, -0.038914307951927185, -0.034969836473464966, -0.031025363132357597, -0.02708088979125023, -0.02313641831278801, -0.019191943109035492, -0.015247471630573273, -0.011302999220788479, -0.007358526811003685, -0.0034140553325414658, 0.0005304161459207535, 0.004474889487028122, 0.008419360965490341, 0.012363821268081665, 0.016308292746543884, 0.020252764225006104, 0.024197237566113472, 0.02814170904457569, 0.03208617866039276, 0.03603065386414528, 0.0399751253426075, 0.04391959309577942, 0.04786406457424164, 0.05180853605270386, 0.05575300753116608, 0.059697479009628296, 0.06364195048809052, 0.06758642196655273, 0.07153089344501495, 0.07547537237405777, 0.07941984385251999, 0.08336431533098221, 0.08730878680944443, 0.09125325828790665, 0.09519772976636887, 0.09914220869541168, 0.1030866801738739, 0.10703115165233612, 0.11097562313079834, 0.11492009460926056, 0.11886456608772278, 0.122809037566185, 0.12675350904464722, 0.13069798052310944, 0.13464245200157166, 0.13858692348003387]}, "gradients/graph_42spatial.0.weight": {"_type": "histogram",