{"batch loss": 0.6507688760757446, "_timestamp": 1651768774, "_runtime": 1212, "_step": 649, "epoch": 24, "train/train_loss": 0.6653646659851075, "train/train_acc": 0.7119289340101523, "train/train_f1": 0.7115464789533774, "val/val_loss": 1.0103459358215332, "val/vaL_acc": 0.5997150997150997, "val/val_f1": 0.5971731599860459, "gradients/graph_8fc2.bias": {"_type": "histogram", "values": [1.0, 0.0, 0.0, 0.0, 0.0, 0.0, 0.0, 0.0, 0.0, 0.0, 0.0, 0.0, 0.0, 0.0, 0.0, 0.0, 0.0, 0.0, 0.0, 0.0, 0.0, 0.0, 0.0, 0.0, 0.0, 0.0, 0.0, 0.0, 0.0, 0.0, 0.0, 0.0, 0.0, 0.0, 0.0, 0.0, 0.0, 1.0, 0.0, 0.0, 0.0, 0.0, 0.0, 0.0, 0.0, 0.0, 0.0, 0.0, 0.0, 0.0, 0.0, 0.0, 0.0, 0.0, 0.0, 0.0, 0.0, 0.0, 0.0, 0.0, 0.0, 0.0, 0.0, 1.0], "bins": [-0.03461211919784546, -0.033588964492082596, -0.03256581351161003, -0.03154265880584717, -0.030519505962729454, -0.02949635311961174, -0.028473198413848877, -0.027450045570731163, -0.02642689272761345, -0.025403739884495735, -0.02438058704137802, -0.023357432335615158, -0.022334279492497444, -0.02131112664937973, -0.020287971943616867, -0.019264819100499153, -0.01824166625738144, -0.017218513414263725, -0.01619536057114601, -0.015172205865383148, -0.014149053022265434, -0.01312590017914772, -0.012102746404707432, -0.011079592630267143, -0.01005643978714943, -0.009033286944031715, -0.008010133169591427, -0.006986979860812426, -0.005963826552033424, -0.004940673243254423, -0.003917519934475422, -0.0028943666256964207, -0.0018712114542722702, -0.000848058145493269, 0.00017509516328573227, 0.0011982484720647335, 0.0022214017808437347, 0.003244555089622736, 0.004267708398401737, 0.0052908617071807384, 0.00631401501595974, 0.007337168324738741, 0.008360321633517742, 0.00938347540795803, 0.010406628251075745, 0.011429781094193459, 0.012452934868633747, 0.013476088643074036, 0.01449924148619175, 0.015522394329309464, 0.016545549035072327, 0.01756870187819004, 0.018591854721307755, 0.01961500756442547, 0.020638160407543182, 0.021661315113306046, 0.02268446795642376, 0.023707620799541473, 0.024730775505304337, 0.02575392834842205, 0.026777081191539764, 0.02780023403465748, 0.028823386877775192, 0.029846541583538055, 0.03086969442665577]}, "gradients/graph_8fc2.weight": {"_type": "histogram", "values": [1.0, 1.0, 0.0, 0.0, 0.0, 0.0, 1.0, 0.0, 0.0, 3.0, 1.0, 0.0, 3.0, 5.0, 3.0, 10.0, 11.0, 9.0, 13.0, 17.0, 30.0, 29.0, 29.0, 57.0, 61.0, 66.0, 85.0, 90.0, 102.0, 123.0, 131.0, 129.0, 134.0, 167.0, 166.0, 165.0, 132.0, 147.0, 126.0, 123.0, 107.0, 104.0, 73.0, 71.0, 62.0, 43.0, 36.0, 30.0, 25.0, 18.0, 16.0, 8.0, 11.0, 5.0, 2.0, 2.0, 1.0, 1.0, 2.0, 2.0, 0.0, 0.0, 0.0, 1.0], "bins": [-0.04518946632742882, -0.04387666657567024, -0.04256386682391167, -0.04125106707215309, -0.039938267320394516, -0.03862546756863594, -0.037312671542167664, -0.03599987179040909, -0.03468707203865051, -0.03337427228689194, -0.03206147253513336, -0.030748672783374786, -0.02943587303161621, -0.028123073279857635, -0.02681027539074421, -0.025497475638985634, -0.02418467402458191, -0.022871874272823334, -0.02155907452106476, -0.020246274769306183, -0.018933475017547607, -0.017620675265789032, -0.016307877376675606, -0.01499507762491703, -0.013682279735803604, -0.012369479984045029, -0.011056680232286453, -0.009743881411850452, -0.008431081660091877, -0.0071182819083333015, -0.005805483087897301, -0.004492683336138725, -0.003179877996444702, -0.0018670784775167704, -0.0005542789585888386, 0.0007585203275084496, 0.002071320079267025, 0.0033841198310256004, 0.004696918651461601, 0.006009718403220177, 0.007322520017623901, 0.008635319769382477, 0.009948119521141052, 0.011260918341577053, 0.012573718093335629, 0.013886517845094204, 0.015199316665530205, 0.01651211641728878, 0.017824914306402206, 0.019137714058160782, 0.020450513809919357, 0.021763313561677933, 0.023076113313436508, 0.024388913065195084, 0.02570171095430851, 0.027014510706067085, 0.02832731045782566, 0.029640110209584236, 0.03095290996134281, 0.03226570785045624, 0.03357850760221481, 0.03489130735397339, 0.036204107105731964, 0.03751690685749054, 0.038829706609249115]}, "gradients/graph_8spatial.1.weight": {"_type": "histogram", "values": [1.0, 0.0, 0.0, 0.0, 0.0, 0.0, 0.0, 0.0, 0.0, 0.0, 0.0, 0.0, 1.0, 0.0, 0.0, 0.0, 1.0, 1.0, 1.0, 0.0, 0.0, 0.0, 0.0, 0.0, 1.0, 1.0, 0.0, 0.0, 0.0, 0.0, 1.0, 0.0, 1.0, 0.0, 0.0, 2.0, 0.0, 0.0, 0.0, 0.0, 0.0, 3.0, 1.0, 2.0, 1.0, 2.0, 0.0, 0.0, 0.0, 0.0, 0.0, 1.0, 0.0, 0.0, 0.0, 3.0, 0.0, 1.0, 1.0, 1.0, 1.0, 1.0, 0.0, 1.0], "bins": [-0.07148806750774384, -0.06975937634706497, -0.06803068518638611, -0.06630200147628784, -0.06457331031560898, -0.06284461915493011, -0.06111593171954155, -0.059387240558862686, -0.05765855312347412, -0.05592986196279526, -0.05420117452740669, -0.05247248336672783, -0.050743795931339264, -0.0490151047706604, -0.047286417335271835, -0.04555772617459297, -0.04382903873920441, -0.04210034757852554, -0.04037166014313698, -0.038642968982458115, -0.03691428154706955, -0.035185590386390686, -0.03345690295100212, -0.03172821179032326, -0.029999520629644394, -0.02827083133161068, -0.026542142033576965, -0.02481345273554325, -0.023084763437509537, -0.021356072276830673, -0.019627384841442108, -0.017898693680763245, -0.01617000624537468, -0.014441316947340965, -0.012712627649307251, -0.010983938351273537, -0.009255249053239822, -0.0075265588238835335, -0.005797869525849819, -0.004069180227816105, -0.002340491861104965, -0.0006118024466559291, 0.001116886967793107, 0.002845576498657465, 0.004574265796691179, 0.006302955560386181, 0.008031644858419895, 0.00976033415645361, 0.011489024385809898, 0.013217713683843613, 0.014946402981877327, 0.01667509227991104, 0.018403781577944756, 0.02013247087597847, 0.021861162036657333, 0.0235898494720459, 0.025318540632724762, 0.027047229930758476, 0.02877591922879219, 0.030504608526825905, 0.03223329782485962, 0.03396198898553848, 0.03569067642092705, 0.03741936758160591, 0.039148055016994476]}, "gradients/graph_8spatial.1.bias": {"_type": "histogram", "values": [1.0, 0.0, 0.0, 0.0, 0.0, 1.0, 0.0, 0.0, 0.0, 1.0, 0.0, 0.0, 0.0, 1.0, 0.0, 0.0, 0.0, 0.0, 0.0, 0.0, 1.0, 1.0, 0.0, 1.0, 0.0, 0.0, 0.0, 1.0, 0.0, 0.0, 1.0, 2.0, 0.0, 1.0, 0.0, 0.0, 2.0, 1.0, 1.0, 1.0, 0.0, 0.0, 0.0, 2.0, 1.0, 2.0, 0.0, 0.0, 0.0, 1.0, 0.0, 1.0, 0.0, 0.0, 0.0, 1.0, 2.0, 0.0, 0.0, 0.0, 0.0, 0.0, 1.0, 2.0], "bins": [-0.1583596020936966, -0.15404224395751953, -0.14972488582134247, -0.1454075276851654, -0.14109015464782715, -0.13677279651165009, -0.13245543837547302, -0.12813808023929596, -0.1238207221031189, -0.11950336396694183, -0.11518600583076477, -0.11086864024400711, -0.10655128210783005, -0.10223392397165298, -0.09791655838489532, -0.09359920024871826, -0.0892818421125412, -0.08496448397636414, -0.08064712584018707, -0.07632976025342941, -0.07201240211725235, -0.06769504398107529, -0.06337767839431763, -0.059060320258140564, -0.0547429621219635, -0.05042560398578644, -0.04610824212431908, -0.041790880262851715, -0.03747352212667465, -0.03315616399049759, -0.028838802129030228, -0.024521442130208015, -0.020204082131385803, -0.01588672213256359, -0.011569362133741379, -0.0072520021349191666, -0.0029346421360969543, 0.0013827178627252579, 0.00570007786154747, 0.010017437860369682, 0.014334797859191895, 0.018652157858014107, 0.02296951785683632, 0.02728687785565853, 0.03160423785448074, 0.035921595990657806, 0.04023895785212517, 0.04455631971359253, 0.04887367784976959, 0.053191035985946655, 0.05750839784741402, 0.06182575970888138, 0.06614311784505844, 0.0704604759812355, 0.07477784156799316, 0.07909519970417023, 0.08341255784034729, 0.08772991597652435, 0.09204727411270142, 0.09636463969945908, 0.10068199783563614, 0.1049993559718132, 0.10931672155857086, 0.11363407969474792, 0.11795143783092499]}, "gradients/graph_8spatial.0.weight": {"_type": "histogram",