{"batch loss": 0.4130084812641144, "_timestamp": 1651855975, "_runtime": 853, "_step": 689, "epoch": 29, "train/train_loss": 0.5071959387172352, "train/train_acc": 0.7941986414540114, "train/train_f1": 0.7966396668353872, "val/val_loss": 1.2985625096729823, "val/vaL_acc": 0.4894162924951892, "val/val_f1": 0.48837635454094885, "gradients/graph_16fc2.bias": {"_type": "histogram", "values": [1.0, 0.0, 0.0, 0.0, 0.0, 0.0, 0.0, 0.0, 0.0, 0.0, 0.0, 0.0, 0.0, 0.0, 0.0, 0.0, 0.0, 0.0, 0.0, 0.0, 0.0, 0.0, 0.0, 0.0, 0.0, 0.0, 0.0, 0.0, 1.0, 0.0, 0.0, 0.0, 0.0, 0.0, 0.0, 0.0, 0.0, 0.0, 0.0, 0.0, 0.0, 0.0, 0.0, 0.0, 0.0, 0.0, 0.0, 0.0, 0.0, 0.0, 0.0, 0.0, 0.0, 0.0, 0.0, 0.0, 0.0, 0.0, 0.0, 0.0, 0.0, 0.0, 0.0, 1.0], "bins": [-0.04741254821419716, -0.045880112797021866, -0.04434768110513687, -0.04281524568796158, -0.041282810270786285, -0.03975037857890129, -0.038217943161726, -0.036685511469841, -0.03515307605266571, -0.03362064063549042, -0.03208820894360542, -0.03055577352643013, -0.029023339971899986, -0.027490906417369843, -0.02595847100019455, -0.024426037445664406, -0.022893603891134262, -0.02136117033660412, -0.019828736782073975, -0.01829630136489868, -0.016763867810368538, -0.015231434255838394, -0.013698999769985676, -0.012166565284132957, -0.010634131729602814, -0.00910169817507267, -0.007569263689219952, -0.006036829669028521, -0.0045043956488370895, -0.0029719616286456585, -0.0014395276084542274, 9.29068773984909e-05, 0.0016253367066383362, 0.0031577707268297672, 0.004690204747021198, 0.006222638767212629, 0.00775507278740406, 0.009287506341934204, 0.010819940827786922, 0.01235237531363964, 0.013884808868169785, 0.015417242422699928, 0.016949675977230072, 0.018482111394405365, 0.02001454494893551, 0.021546978503465652, 0.023079413920640945, 0.02461184747517109, 0.026144281029701233, 0.027676714584231377, 0.02920914813876152, 0.030741583555936813, 0.03227401524782181, 0.0338064506649971, 0.035338886082172394, 0.03687132149934769, 0.03840375319123268, 0.039936188608407974, 0.04146862030029297, 0.04300105571746826, 0.044533491134643555, 0.04606592282652855, 0.04759835824370384, 0.04913078993558884, 0.05066322535276413]}, "gradients/graph_16fc2.weight": {"_type": "histogram", "values": [1.0, 0.0, 0.0, 0.0, 0.0, 4.0, 1.0, 2.0, 1.0, 3.0, 2.0, 4.0, 5.0, 6.0, 10.0, 5.0, 4.0, 10.0, 9.0, 21.0, 21.0, 27.0, 19.0, 32.0, 38.0, 35.0, 48.0, 42.0, 49.0, 48.0, 51.0, 64.0, 41.0, 49.0, 53.0, 35.0, 42.0, 32.0, 38.0, 34.0, 26.0, 27.0, 23.0, 19.0, 22.0, 13.0, 7.0, 12.0, 12.0, 8.0, 4.0, 2.0, 3.0, 3.0, 2.0, 3.0, 1.0, 1.0, 2.0, 1.0, 1.0, 0.0, 1.0, 1.0], "bins": [-0.03188380226492882, -0.030886925756931305, -0.029890049248933792, -0.02889317274093628, -0.027896296232938766, -0.026899419724941254, -0.02590254507958889, -0.024905668571591377, -0.023908792063593864, -0.02291191555559635, -0.02191503904759884, -0.020918162539601326, -0.019921287894248962, -0.01892441138625145, -0.017927534878253937, -0.016930658370256424, -0.01593378186225891, -0.014936905354261398, -0.013940028846263885, -0.012943153269588947, -0.011946276761591434, -0.010949400253593922, -0.009952524676918983, -0.00895564816892147, -0.007958771660923958, -0.006961895152926445, -0.0059650191105902195, -0.004968143068253994, -0.003971266560256481, -0.0029743900522589684, -0.001977514009922743, -0.0009806379675865173, 1.623481512069702e-05, 0.0010131110902875662, 0.0020099873654544353, 0.0030068636406213045, 0.004003739915788174, 0.0050006164237856865, 0.005997492466121912, 0.0069943685084581375, 0.00799124501645565, 0.008988121524453163, 0.009984998032450676, 0.010981873609125614, 0.011978750117123127, 0.01297562662512064, 0.013972502201795578, 0.01496937870979309, 0.015966255217790604, 0.016963131725788116, 0.01796000823378563, 0.018956884741783142, 0.019953761249780655, 0.020950637757778168, 0.02194751240313053, 0.022944388911128044, 0.023941265419125557, 0.02493814192712307, 0.025935018435120583, 0.026931894943118095, 0.02792876958847046, 0.028925646096467972, 0.029922522604465485, 0.030919399112462997, 0.03191627562046051]}, "gradients/graph_16spatial.1.weight": {"_type": "histogram", "values": [1.0, 0.0, 0.0, 1.0, 0.0, 0.0, 1.0, 0.0, 0.0, 0.0, 0.0, 0.0, 0.0, 0.0, 0.0, 0.0, 0.0, 0.0, 0.0, 0.0, 0.0, 0.0, 0.0, 1.0, 0.0, 0.0, 0.0, 0.0, 0.0, 0.0, 0.0, 0.0, 1.0, 1.0, 1.0, 1.0, 0.0, 1.0, 0.0, 1.0, 0.0, 0.0, 0.0, 1.0, 1.0, 0.0, 0.0, 1.0, 1.0, 0.0, 0.0, 3.0, 0.0, 0.0, 1.0, 0.0, 0.0, 0.0, 0.0, 0.0, 1.0, 0.0, 0.0, 1.0], "bins": [-0.09659118950366974, -0.09434979408979416, -0.09210839122533798, -0.0898669958114624, -0.08762559294700623, -0.08538419753313065, -0.08314279466867447, -0.08090139925479889, -0.07865999639034271, -0.07641860097646713, -0.07417719811201096, -0.07193580269813538, -0.0696943998336792, -0.06745300441980362, -0.06521160155534744, -0.06297020614147186, -0.06072881072759628, -0.058487411588430405, -0.056246012449264526, -0.05400461331009865, -0.05176321417093277, -0.04952181875705719, -0.04728041961789131, -0.04503902047872543, -0.042797621339559555, -0.04055622220039368, -0.0383148230612278, -0.03607342392206192, -0.03383202850818634, -0.031590625643730164, -0.029349230229854584, -0.027107831090688705, -0.02486642450094223, -0.022625025361776352, -0.020383626222610474, -0.018142228946089745, -0.015900829806923866, -0.013659430667757988, -0.011418032459914684, -0.00917663425207138, -0.006935235112905502, -0.004693836439400911, -0.0024524377658963203, -0.00021103909239172935, 0.0020303595811128616, 0.00427175872027874, 0.006513156928122044, 0.008754555135965347, 0.010995954275131226, 0.013237353414297104, 0.015478751622140408, 0.01772014982998371, 0.01996154896914959, 0.022202948108315468, 0.024444345384836197, 0.026685744524002075, 0.028927143663167953, 0.031168542802333832, 0.03340994194149971, 0.03565134108066559, 0.03789273649454117, 0.040134139358997345, 0.042375534772872925, 0.0446169339120388, 0.04685833305120468]}, "gradients/graph_16spatial.1.bias": {"_type": "histogram", "values": [1.0, 0.0, 0.0, 0.0, 0.0, 1.0, 0.0, 0.0, 0.0, 0.0, 1.0, 0.0, 0.0, 0.0, 0.0, 0.0, 0.0, 0.0, 0.0, 0.0, 0.0, 0.0, 0.0, 0.0, 0.0, 0.0, 1.0, 0.0, 0.0, 0.0, 0.0, 0.0, 1.0, 2.0, 0.0, 0.0, 1.0, 0.0, 1.0, 0.0, 0.0, 0.0, 2.0, 0.0, 0.0, 0.0, 0.0, 0.0, 2.0, 0.0, 0.0, 0.0, 0.0, 2.0, 1.0, 1.0, 1.0, 0.0, 0.0, 0.0, 0.0, 1.0, 0.0, 1.0], "bins": [-0.29581692814826965, -0.2885606586933136, -0.28130438923835754, -0.2740480899810791, -0.26679182052612305, -0.259535551071167, -0.25227928161621094, -0.2450229972600937, -0.23776671290397644, -0.23051044344902039, -0.22325415909290314, -0.21599788963794708, -0.20874160528182983, -0.20148533582687378, -0.19422906637191772, -0.18697278201580048, -0.17971651256084442, -0.17246024310588837, -0.16520395874977112, -0.15794768929481506, -0.15069140493869781, -0.14343513548374176, -0.1361788511276245, -0.12892258167266846, -0.1216663122177124, -0.11441003531217575, -0.1071537584066391, -0.09989748895168304, -0.0926412045955658, -0.08538493514060974, -0.07812865823507309, -0.07087238132953644, -0.063616082072258, -0.056359805166721344, -0.04910352826118469, -0.04184725508093834, -0.03459097817540169, -0.027334701269865036, -0.020078428089618683, -0.012822151184082031, -0.005565866827964783, 0.0016904091462492943, 0.008946685120463371, 0.016202960163354874, 0.023459237068891525, 0.030715513974428177, 0.03797178715467453, 0.04522806406021118, 0.052484333515167236, 0.05974061042070389, 0.06699688732624054, 0.0742531567811966, 0.08150944113731384, 0.0887657105922699, 0.09602198749780655, 0.1032782644033432, 0.11053454130887985, 0.1177908182144165, 0.12504708766937256, 0.1323033720254898, 0.13955964148044586, 0.1468159258365631, 0.15407219529151917, 0.16132846474647522, 0.16858474910259247]}, "gradients/graph_16spatial.0.weight": {"_type": "histogram",