{"batch loss": 0.9060375094413757, "_timestamp": 1651759602, "_runtime": 187, "_step": 259, "epoch": 9, "train/train_loss": 0.9171406507492066, "train/train_acc": 0.5731281725888325, "train/train_f1": 0.5715445669707182, "val/val_loss": 0.9370718797047933, "val/vaL_acc": 0.5726495726495726, "val/val_f1": 0.568776208610705, "gradients/fc2.bias": {"_type": "histogram", "values": [1.0, 0.0, 0.0, 0.0, 0.0, 0.0, 0.0, 0.0, 0.0, 0.0, 0.0, 0.0, 0.0, 0.0, 0.0, 0.0, 0.0, 0.0, 0.0, 0.0, 0.0, 0.0, 1.0, 0.0, 0.0, 0.0, 0.0, 0.0, 0.0, 0.0, 0.0, 0.0, 0.0, 0.0, 0.0, 0.0, 0.0, 0.0, 0.0, 0.0, 0.0, 0.0, 0.0, 0.0, 0.0, 0.0, 0.0, 0.0, 0.0, 0.0, 0.0, 0.0, 0.0, 0.0, 0.0, 0.0, 0.0, 0.0, 0.0, 0.0, 0.0, 0.0, 0.0, 1.0], "bins": [-0.014492128044366837, -0.013992021791636944, -0.013491915538907051, -0.012991808354854584, -0.012491702102124691, -0.011991595849394798, -0.011491488665342331, -0.010991382412612438, -0.010491276159882545, -0.009991169907152653, -0.00949106365442276, -0.008990956470370293, -0.0084908502176404, -0.007990743964910507, -0.007490637246519327, -0.006990530528128147, -0.006490424275398254, -0.005990318022668362, -0.005490211304277182, -0.004990104585886002, -0.004489998333156109, -0.003989892080426216, -0.003489785362035036, -0.0029896788764744997, -0.0024895723909139633, -0.001989465905353427, -0.0014893594197928905, -0.0009892529342323542, -0.0004891464486718178, 1.0960036888718605e-05, 0.000511066522449255, 0.0010111730080097914, 0.0015112794935703278, 0.002011385979130864, 0.0025114924646914005, 0.003011598950251937, 0.0035117054358124733, 0.004011811688542366, 0.004511918406933546, 0.005012025125324726, 0.005512131378054619, 0.0060122376307845116, 0.006512344349175692, 0.007012451067566872, 0.007512557320296764, 0.008012663573026657, 0.008512770757079124, 0.009012877009809017, 0.00951298326253891, 0.010013089515268803, 0.010513195767998695, 0.011013302952051163, 0.011513409204781055, 0.012013515457510948, 0.012513622641563416, 0.013013728894293308, 0.013513835147023201, 0.014013941399753094, 0.014514047652482986, 0.015014154836535454, 0.015514261089265347, 0.01601436734199524, 0.016514474526047707, 0.017014579847455025, 0.017514687031507492]}, "gradients/fc2.weight": {"_type": "histogram", "values": [1.0, 0.0, 0.0, 0.0, 1.0, 1.0, 1.0, 2.0, 1.0, 2.0, 4.0, 3.0, 3.0, 6.0, 5.0, 8.0, 14.0, 13.0, 14.0, 20.0, 20.0, 24.0, 26.0, 20.0, 21.0, 39.0, 43.0, 37.0, 43.0, 35.0, 36.0, 40.0, 32.0, 52.0, 32.0, 40.0, 31.0, 37.0, 23.0, 26.0, 21.0, 25.0, 13.0, 24.0, 6.0, 11.0, 10.0, 7.0, 7.0, 3.0, 5.0, 1.0, 4.0, 0.0, 1.0, 2.0, 0.0, 0.0, 3.0, 0.0, 0.0, 0.0, 0.0, 1.0], "bins": [-0.050353340804576874, -0.048735927790403366, -0.04711851477622986, -0.04550109803676605, -0.043883685022592545, -0.04226627200841904, -0.04064885899424553, -0.03903144598007202, -0.037414029240608215, -0.03579661622643471, -0.0341792032122612, -0.032561786472797394, -0.030944373458623886, -0.02932696044445038, -0.02770954743027687, -0.026092132553458214, -0.024474719539284706, -0.0228573065251112, -0.02123989164829254, -0.019622478634119034, -0.018005063757300377, -0.01638765074312687, -0.014770236797630787, -0.013152822852134705, -0.011535409837961197, -0.009917995892465115, -0.008300581946969032, -0.006683168467134237, -0.005065754521638155, -0.00344834104180336, -0.0018309270963072777, -0.00021351315081119537, 0.0014039017260074615, 0.003021315671503544, 0.004638729616999626, 0.006256143096834421, 0.00787355750799179, 0.009490970522165298, 0.01110838446766138, 0.012725798413157463, 0.01434321328997612, 0.015960626304149628, 0.017578041180968285, 0.019195454195141792, 0.02081286907196045, 0.022430282086133957, 0.024047695100307465, 0.02566510997712612, 0.02728252299129963, 0.028899936005473137, 0.030517350882291794, 0.0321347638964653, 0.03375217691063881, 0.03536958992481232, 0.03698700666427612, 0.03860441967844963, 0.04022183269262314, 0.041839245706796646, 0.043456658720970154, 0.04507407546043396, 0.04669148847460747, 0.048308901488780975, 0.04992631450295448, 0.05154372751712799, 0.0531611442565918]}, "gradients/spatial.1.weight": {"_type": "histogram", "values": [1.0, 0.0, 0.0, 0.0, 0.0, 0.0, 0.0, 0.0, 0.0, 0.0, 0.0, 0.0, 0.0, 0.0, 0.0, 0.0, 0.0, 0.0, 0.0, 0.0, 0.0, 0.0, 0.0, 0.0, 0.0, 0.0, 0.0, 0.0, 0.0, 0.0, 0.0, 1.0, 0.0, 0.0, 0.0, 0.0, 0.0, 1.0, 0.0, 0.0, 0.0, 0.0, 1.0, 1.0, 1.0, 0.0, 0.0, 0.0, 0.0, 0.0, 0.0, 0.0, 0.0, 0.0, 0.0, 1.0, 0.0, 0.0, 0.0, 0.0, 0.0, 1.0, 1.0, 1.0], "bins": [-0.024914562702178955, -0.024448243901133537, -0.02398192696273327, -0.02351560816168785, -0.023049291223287582, -0.022582972422242165, -0.022116655483841896, -0.02165033668279648, -0.02118401974439621, -0.020717700943350792, -0.020251384004950523, -0.019785065203905106, -0.019318748265504837, -0.01885242946445942, -0.01838611252605915, -0.017919793725013733, -0.017453474923968315, -0.016987156122922897, -0.01652083918452263, -0.01605452038347721, -0.015588203445076942, -0.015121884644031525, -0.014655567705631256, -0.014189248904585838, -0.01372293196618557, -0.013256614096462727, -0.012790296226739883, -0.01232397835701704, -0.011857660487294197, -0.01139134168624878, -0.01092502474784851, -0.010458705946803093, -0.00999238807708025, -0.009526070207357407, -0.009059752337634563, -0.00859343446791172, -0.008127116598188877, -0.007660798262804747, -0.0071944803930819035, -0.006728162057697773, -0.00626184418797493, -0.005795526318252087, -0.0053292084485292435, -0.0048628905788064, -0.00439657224342227, -0.003930254373699427, -0.0034639365039765835, -0.0029976184014230967, -0.002531300764530897, -0.002064982894808054, -0.0015986647922545671, -0.001132346922531724, -0.000666028936393559, -0.00019971095025539398, 0.0002666069194674492, 0.000732925022020936, 0.0011992428917437792, 0.0016655608778819442, 0.002131878864020109, 0.0025981967337429523, 0.0030645146034657955, 0.0035308327060192823, 0.003997150808572769, 0.004463468678295612, 0.0049297865480184555]}, "gradients/spatial.1.bias": {"_type": "histogram", "values": [1.0, 0.0, 0.0, 0.0, 1.0, 0.0, 0.0, 0.0, 0.0, 0.0, 0.0, 0.0, 0.0, 0.0, 0.0, 2.0, 0.0, 1.0, 0.0, 0.0, 0.0, 0.0, 0.0, 0.0, 0.0, 0.0, 0.0, 1.0, 0.0, 0.0, 0.0, 0.0, 0.0, 0.0, 0.0, 1.0, 0.0, 0.0, 0.0, 0.0, 0.0, 0.0, 0.0, 0.0, 0.0, 0.0, 0.0, 0.0, 1.0, 0.0, 0.0, 0.0, 0.0, 1.0, 0.0, 0.0, 0.0, 0.0, 0.0, 0.0, 0.0, 0.0, 0.0, 1.0], "bins": [-0.028634581714868546, -0.027547763660550117, -0.02646094560623169, -0.02537412755191326, -0.024287309497594833, -0.023200493305921555, -0.022113675251603127, -0.0210268571972847, -0.01994003914296627, -0.018853221088647842, -0.017766403034329414, -0.016679584980010986, -0.015592767857015133, -0.014505949802696705, -0.013419132679700851, -0.012332314625382423, -0.011245496571063995, -0.010158678516745567, -0.00907186046242714, -0.007985043339431286, -0.006898225285112858, -0.00581140723079443, -0.004724589642137289, -0.0036377720534801483, -0.0025509539991617203, -0.0014641361776739359, -0.0003773183561861515, 0.0007094994653016329, 0.0017963172867894173, 0.0028831353411078453, 0.003969952929764986, 0.005056770518422127, 0.006143584847450256, 0.007230402901768684, 0.008317220956087112, 0.009404038079082966, 0.010490856133401394, 0.011577674187719822, 0.012664491310715675, 0.013751309365034103, 0.014838127419352531, 0.01592494547367096, 0.017011763527989388, 0.018098581582307816, 0.019185397773981094, 0.02027221769094467, 0.02135903388261795, 0.02244585193693638, 0.023532669991254807, 0.024619488045573235, 0.025706306099891663, 0.02679312415421009, 0.02787994220852852, 0.028966758400201797, 0.030053576454520226, 0.031140394508838654, 0.03222721070051193, 0.03331402689218521, 0.03440084680914879, 0.03548766300082207, 0.036574482917785645, 0.03766129910945892, 0.0387481190264225, 0.03983493521809578, 0.04092175513505936]}, "gradients/spatial.0.weight": {"_type": "histogram",