{"batch loss": 0.8105612993240356, "_timestamp": 1651866994, "_runtime": 513, "_step": 689, "epoch": 29, "train/train_loss": 0.802040921016173, "train/train_acc": 0.6348448687350835, "train/train_f1": 0.6358690778193568, "val/val_loss": 0.9858177048819405, "val/vaL_acc": 0.5086593970493907, "val/val_f1": 0.5265478364141913, "gradients/graph_33fc2.bias": {"_type": "histogram", "values": [1.0, 0.0, 0.0, 0.0, 0.0, 0.0, 0.0, 0.0, 0.0, 0.0, 0.0, 0.0, 0.0, 0.0, 0.0, 0.0, 0.0, 0.0, 0.0, 0.0, 0.0, 0.0, 0.0, 0.0, 0.0, 0.0, 0.0, 0.0, 0.0, 0.0, 0.0, 0.0, 0.0, 0.0, 0.0, 0.0, 0.0, 0.0, 0.0, 0.0, 0.0, 0.0, 0.0, 0.0, 0.0, 0.0, 0.0, 0.0, 0.0, 0.0, 1.0, 0.0, 0.0, 0.0, 0.0, 0.0, 0.0, 0.0, 0.0, 0.0, 0.0, 0.0, 0.0, 1.0], "bins": [-0.024665288627147675, -0.02401728555560112, -0.023369284346699715, -0.02272128127515316, -0.022073280066251755, -0.0214252769947052, -0.020777275785803795, -0.02012927271425724, -0.019481271505355835, -0.01883326843380928, -0.018185267224907875, -0.01753726415336132, -0.016889262944459915, -0.01624125987291336, -0.01559325773268938, -0.0149452555924654, -0.014297252520918846, -0.013649250380694866, -0.013001248240470886, -0.012353246100246906, -0.011705243960022926, -0.011057240888476372, -0.010409238748252392, -0.009761236608028412, -0.009113234467804432, -0.008465232327580452, -0.007817230187356472, -0.007169227581471205, -0.006521225441247225, -0.005873223301023245, -0.005225220695137978, -0.004577218554913998, -0.003929218277335167, -0.003281216137111187, -0.0026332137640565634, -0.0019852113910019398, -0.0013372092507779598, -0.0006892071105539799, -4.120473749935627e-05, 0.0006067976355552673, 0.0012547997757792473, 0.001902802032418549, 0.002550804289057851, 0.0031988066621124744, 0.0038468088023364544, 0.004494810942560434, 0.005142813548445702, 0.0057908156886696815, 0.0064388178288936615, 0.0070868199691176414, 0.007734822109341621, 0.008382824249565601, 0.009030826389789581, 0.009678829461336136, 0.010326831601560116, 0.010974833741784096, 0.011622835882008076, 0.012270838022232056, 0.012918840162456036, 0.013566842302680016, 0.01421484537422657, 0.014862846583127975, 0.01551084965467453, 0.016158852726221085, 0.01680685393512249]}, "gradients/graph_33fc2.weight": {"_type": "histogram", "values": [1.0, 0.0, 0.0, 0.0, 1.0, 0.0, 1.0, 3.0, 0.0, 0.0, 1.0, 5.0, 3.0, 5.0, 1.0, 9.0, 7.0, 10.0, 11.0, 12.0, 13.0, 15.0, 26.0, 25.0, 35.0, 40.0, 37.0, 33.0, 46.0, 40.0, 45.0, 41.0, 55.0, 48.0, 29.0, 35.0, 43.0, 33.0, 34.0, 25.0, 27.0, 26.0, 15.0, 17.0, 7.0, 14.0, 1.0, 5.0, 2.0, 3.0, 0.0, 5.0, 4.0, 1.0, 2.0, 1.0, 0.0, 1.0, 0.0, 0.0, 0.0, 0.0, 0.0, 1.0], "bins": [-0.044511064887046814, -0.043098025023937225, -0.04168498143553734, -0.04027194157242775, -0.03885889798402786, -0.037445858120918274, -0.036032818257808685, -0.0346197746694088, -0.03320673108100891, -0.03179369121789932, -0.030380647629499435, -0.028967607766389847, -0.02755456417798996, -0.02614152431488037, -0.024728482589125633, -0.023315440863370895, -0.021902401000261307, -0.02048935927450657, -0.01907631754875183, -0.017663277685642242, -0.016250234097242355, -0.014837193302810192, -0.013424152508378029, -0.012011110782623291, -0.010598070919513702, -0.009185029193758965, -0.007771987933665514, -0.0063589466735720634, -0.004945904947817326, -0.0035328632220625877, -0.0021198224276304245, -0.0007067807018756866, 0.000706259161233902, 0.002119300654157996, 0.0035323421470820904, 0.004945383407175541, 0.006358425132930279, 0.007771466858685017, 0.00918450765311718, 0.010597549378871918, 0.012010592967271805, 0.013423634693026543, 0.01483667641878128, 0.01624971628189087, 0.017662759870290756, 0.019075799733400345, 0.020488841459155083, 0.02190188318490982, 0.02331492304801941, 0.024727964773774147, 0.026141006499528885, 0.027554046362638474, 0.02896708995103836, 0.03038012981414795, 0.03179316967725754, 0.033206213265657425, 0.03461925685405731, 0.0360322967171669, 0.03744534030556679, 0.038858380168676376, 0.04027142375707626, 0.04168446362018585, 0.04309750348329544, 0.04451054707169533, 0.045923586934804916]}, "gradients/graph_33spatial.1.weight": {"_type": "histogram", "values": [1.0, 0.0, 1.0, 0.0, 0.0, 0.0, 0.0, 0.0, 1.0, 0.0, 0.0, 0.0, 0.0, 0.0, 0.0, 1.0, 0.0, 1.0, 1.0, 0.0, 0.0, 0.0, 0.0, 0.0, 0.0, 0.0, 0.0, 0.0, 0.0, 0.0, 0.0, 0.0, 0.0, 0.0, 1.0, 0.0, 0.0, 0.0, 0.0, 0.0, 0.0, 0.0, 0.0, 0.0, 0.0, 0.0, 1.0, 0.0, 0.0, 0.0, 0.0, 0.0, 1.0, 0.0, 0.0, 0.0, 0.0, 0.0, 0.0, 0.0, 0.0, 0.0, 0.0, 1.0], "bins": [-0.018527338281273842, -0.01803034357726574, -0.017533347010612488, -0.017036352306604385, -0.016539357602596283, -0.01604236103594303, -0.015545366331934929, -0.015048370696604252, -0.014551375061273575, -0.014054379425942898, -0.01355738379061222, -0.013060389086604118, -0.012563393451273441, -0.012066397815942764, -0.011569403111934662, -0.011072407476603985, -0.010575411841273308, -0.01007841620594263, -0.009581420570611954, -0.009084425866603851, -0.008587430231273174, -0.008090434595942497, -0.0075934394262731075, -0.007096444256603718, -0.006599448621273041, -0.006102452985942364, -0.005605457816272974, -0.005108462646603584, -0.004611467011272907, -0.00411447137594223, -0.0036174762062728405, -0.003120480803772807, -0.0026234863325953484, -0.002126490930095315, -0.0016294955275952816, -0.0011325001250952482, -0.0006355047225952148, -0.00013850932009518147, 0.0003584860824048519, 0.0008554814849048853, 0.0013524768874049187, 0.001849472289904952, 0.0023464676924049854, 0.002843463094905019, 0.003340458497405052, 0.0038374538999050856, 0.004334449302405119, 0.004831444472074509, 0.005328440107405186, 0.005825435742735863, 0.0063224309124052525, 0.006819426082074642, 0.007316421717405319, 0.007813417352735996, 0.008310412988066673, 0.008807407692074776, 0.009304403327405453, 0.00980139896273613, 0.010298393666744232, 0.01079538930207491, 0.011292384937405586, 0.011789380572736263, 0.01228637620806694, 0.012783370912075043, 0.01328036654740572]}, "gradients/graph_33spatial.1.bias": {"_type": "histogram", "values": [1.0, 0.0, 0.0, 0.0, 0.0, 0.0, 0.0, 1.0, 0.0, 0.0, 3.0, 0.0, 0.0, 0.0, 1.0, 0.0, 0.0, 0.0, 0.0, 0.0, 1.0, 0.0, 0.0, 0.0, 0.0, 0.0, 0.0, 0.0, 0.0, 0.0, 0.0, 0.0, 0.0, 0.0, 0.0, 0.0, 0.0, 0.0, 0.0, 0.0, 0.0, 0.0, 0.0, 0.0, 0.0, 1.0, 0.0, 0.0, 0.0, 0.0, 0.0, 0.0, 0.0, 0.0, 0.0, 0.0, 0.0, 0.0, 0.0, 0.0, 0.0, 0.0, 0.0, 2.0], "bins": [-0.06012101098895073, -0.0578031986951828, -0.05548538640141487, -0.05316757410764694, -0.05084976181387901, -0.048531949520111084, -0.046214137226343155, -0.043896324932575226, -0.0415785126388073, -0.03926070034503937, -0.03694288805127144, -0.03462507575750351, -0.03230726346373558, -0.02998945116996765, -0.027671638876199722, -0.025353826582431793, -0.023036014288663864, -0.020718201994895935, -0.018400389701128006, -0.016082577407360077, -0.013764765113592148, -0.011446952819824219, -0.00912914052605629, -0.006811328232288361, -0.0044935159385204315, -0.0021757036447525024, 0.00014210864901542664, 0.0024599209427833557, 0.004777733236551285, 0.007095545530319214, 0.009413357824087143, 0.011731170117855072, 0.0140489861369133, 0.01636679843068123, 0.018684610724449158, 0.021002423018217087, 0.023320235311985016, 0.025638047605752945, 0.027955859899520874, 0.030273672193288803, 0.03259148448705673, 0.03490929678082466, 0.03722710907459259, 0.03954492136836052, 0.04186273366212845, 0.04418054595589638, 0.04649835824966431, 0.048816170543432236, 0.051133982837200165, 0.053451795130968094, 0.05576960742473602, 0.05808741971850395, 0.06040523201227188, 0.06272304058074951, 0.06504085659980774, 0.06735867261886597, 0.0696764811873436, 0.07199428975582123, 0.07431210577487946, 0.07662992179393768, 0.07894773036241531, 0.08126553893089294, 0.08358335494995117, 0.0859011709690094, 0.08821897953748703]}, "gradients/graph_33spatial.0.weight": {"_type": "histogram",