{"batch loss": 0.3115290701389313, "_timestamp": 1651825306, "_runtime": 1395, "_step": 649, "epoch": 24, "train/train_loss": 0.29527302920818327, "train/train_acc": 0.8953045685279187, "train/train_f1": 0.89417938793497, "val/val_loss": 1.2047981023788452, "val/vaL_acc": 0.5626780626780626, "val/val_f1": 0.5594512152098939, "gradients/graph_66fc2.bias": {"_type": "histogram", "values": [1.0, 0.0, 0.0, 0.0, 0.0, 0.0, 0.0, 0.0, 0.0, 0.0, 0.0, 0.0, 0.0, 0.0, 0.0, 0.0, 0.0, 1.0, 0.0, 0.0, 0.0, 0.0, 0.0, 0.0, 0.0, 0.0, 0.0, 0.0, 0.0, 0.0, 0.0, 0.0, 0.0, 0.0, 0.0, 0.0, 0.0, 0.0, 0.0, 0.0, 0.0, 0.0, 0.0, 0.0, 0.0, 0.0, 0.0, 0.0, 0.0, 0.0, 0.0, 0.0, 0.0, 0.0, 0.0, 0.0, 0.0, 0.0, 0.0, 0.0, 0.0, 0.0, 0.0, 1.0], "bins": [-0.06539547443389893, -0.06300277262926102, -0.06061007082462311, -0.0582173652946949, -0.05582466349005699, -0.05343196168541908, -0.051039256155490875, -0.048646554350852966, -0.04625385254621506, -0.04386115074157715, -0.04146844893693924, -0.03907574340701103, -0.03668304160237312, -0.034290339797735214, -0.03189763426780701, -0.029504932463169098, -0.02711223065853119, -0.02471952885389328, -0.022326825186610222, -0.019934121519327164, -0.017541419714689255, -0.015148716978728771, -0.012756014242768288, -0.01036331057548523, -0.00797060877084732, -0.005577906034886837, -0.0031852032989263535, -0.0007925005629658699, 0.0016002021729946136, 0.003992904908955097, 0.006385607644915581, 0.008778311312198639, 0.011171013116836548, 0.013563715852797031, 0.015956418588757515, 0.018349122256040573, 0.020741824060678482, 0.02313452586531639, 0.02552722953259945, 0.027919933199882507, 0.030312635004520416, 0.032705336809158325, 0.035098038613796234, 0.03749074414372444, 0.03988344594836235, 0.04227614775300026, 0.04466885328292847, 0.047061555087566376, 0.049454256892204285, 0.051846958696842194, 0.0542396605014801, 0.05663236603140831, 0.05902506783604622, 0.06141776964068413, 0.06381047517061234, 0.06620317697525024, 0.06859587877988815, 0.07098858058452606, 0.07338128238916397, 0.07577398419380188, 0.07816669344902039, 0.0805593952536583, 0.0829520970582962, 0.08534479886293411, 0.08773750066757202]}, "gradients/graph_66fc2.weight": {"_type": "histogram", "values": [1.0, 0.0, 0.0, 2.0, 0.0, 3.0, 3.0, 9.0, 5.0, 7.0, 10.0, 13.0, 28.0, 27.0, 34.0, 51.0, 64.0, 83.0, 85.0, 116.0, 143.0, 140.0, 158.0, 150.0, 156.0, 167.0, 165.0, 165.0, 164.0, 155.0, 97.0, 92.0, 53.0, 24.0, 29.0, 23.0, 33.0, 70.0, 102.0, 110.0, 135.0, 110.0, 116.0, 90.0, 80.0, 79.0, 56.0, 47.0, 44.0, 21.0, 17.0, 18.0, 16.0, 6.0, 5.0, 9.0, 4.0, 4.0, 2.0, 1.0, 0.0, 1.0, 0.0, 2.0], "bins": [-0.05407034233212471, -0.052284251898527145, -0.05049816519021988, -0.048712074756622314, -0.04692598432302475, -0.045139893889427185, -0.04335380718111992, -0.041567716747522354, -0.03978163003921509, -0.03799553960561752, -0.03620945289731026, -0.03442336246371269, -0.03263727203011513, -0.030851183459162712, -0.029065094888210297, -0.027279004454612732, -0.025492914021015167, -0.023706825450062752, -0.021920735016465187, -0.02013464644551277, -0.018348556011915207, -0.01656246744096279, -0.014776378870010376, -0.012990289367735386, -0.011204201728105545, -0.009418112225830555, -0.007632023189216852, -0.005845934152603149, -0.004059844650328159, -0.0022737551480531693, -0.0004876665771007538, 0.0012984229251742363, 0.003084510564804077, 0.004870600067079067, 0.00665668910369277, 0.008442778140306473, 0.010228867642581463, 0.012014957144856453, 0.013801045715808868, 0.015587135218083858, 0.017373226583003998, 0.019159315153956413, 0.020945405587553978, 0.022731494158506393, 0.024517584592103958, 0.026303673163056374, 0.02808976173400879, 0.029875852167606354, 0.03166193887591362, 0.033448029309511185, 0.03523411601781845, 0.037020206451416016, 0.03880629688501358, 0.040592387318611145, 0.04237847402691841, 0.044164564460515976, 0.04595065116882324, 0.04773674160242081, 0.04952282831072807, 0.05130891874432564, 0.0530950091779232, 0.05488109588623047, 0.05666718631982803, 0.0584532767534256, 0.06023936718702316]}, "gradients/graph_66spatial.1.weight": {"_type": "histogram", "values": [1.0, 0.0, 0.0, 0.0, 0.0, 0.0, 0.0, 0.0, 1.0, 0.0, 1.0, 0.0, 2.0, 0.0, 0.0, 2.0, 0.0, 0.0, 0.0, 2.0, 0.0, 2.0, 0.0, 1.0, 1.0, 0.0, 0.0, 2.0, 0.0, 1.0, 0.0, 1.0, 3.0, 1.0, 3.0, 1.0, 0.0, 0.0, 1.0, 1.0, 1.0, 0.0, 1.0, 0.0, 1.0, 0.0, 1.0, 1.0, 0.0, 2.0, 0.0, 1.0, 0.0, 0.0, 0.0, 2.0, 1.0, 0.0, 0.0, 1.0, 0.0, 0.0, 0.0, 1.0], "bins": [-0.2104109823703766, -0.2041408121585846, -0.1978706270456314, -0.19160044193267822, -0.18533027172088623, -0.17906010150909424, -0.17278991639614105, -0.16651973128318787, -0.16024956107139587, -0.15397939085960388, -0.1477092057466507, -0.1414390206336975, -0.13516885042190552, -0.12889868021011353, -0.12262849509716034, -0.11635831743478775, -0.11008813977241516, -0.10381796211004257, -0.09754778444766998, -0.0912776067852974, -0.0850074291229248, -0.07873725146055222, -0.07246707379817963, -0.06619689613580704, -0.05992671847343445, -0.05365654081106186, -0.04738636314868927, -0.04111618548631668, -0.03484600782394409, -0.028575830161571503, -0.022305652499198914, -0.016035474836826324, -0.00976531207561493, -0.00349513441324234, 0.002775043249130249, 0.009045220911502838, 0.015315398573875427, 0.021585576236248016, 0.027855753898620605, 0.034125931560993195, 0.040396109223365784, 0.04666628688573837, 0.05293646454811096, 0.05920664221048355, 0.06547681987285614, 0.07174699753522873, 0.07801717519760132, 0.08428735285997391, 0.0905575305223465, 0.09682770818471909, 0.10309788584709167, 0.10936806350946426, 0.11563824117183685, 0.12190841883420944, 0.12817859649658203, 0.13444876670837402, 0.1407189518213272, 0.1469891369342804, 0.1532593071460724, 0.15952947735786438, 0.16579966247081757, 0.17206984758377075, 0.17834001779556274, 0.18461018800735474, 0.19088037312030792]}, "gradients/graph_66spatial.1.bias": {"_type": "histogram", "values": [1.0, 0.0, 0.0, 0.0, 1.0, 0.0, 0.0, 0.0, 0.0, 0.0, 0.0, 1.0, 0.0, 0.0, 1.0, 1.0, 0.0, 0.0, 1.0, 0.0, 2.0, 0.0, 4.0, 0.0, 1.0, 0.0, 0.0, 0.0, 1.0, 0.0, 1.0, 2.0, 1.0, 1.0, 1.0, 2.0, 1.0, 0.0, 3.0, 1.0, 0.0, 1.0, 1.0, 0.0, 1.0, 0.0, 0.0, 0.0, 1.0, 0.0, 0.0, 0.0, 3.0, 1.0, 1.0, 1.0, 1.0, 1.0, 0.0, 0.0, 0.0, 0.0, 0.0, 1.0], "bins": [-0.23226065933704376, -0.2254563868045807, -0.21865209937095642, -0.21184782683849335, -0.20504355430603027, -0.198239266872406, -0.19143499433994293, -0.18463072180747986, -0.1778264343738556, -0.17102216184139252, -0.16421787440776825, -0.15741360187530518, -0.1506093293428421, -0.14380505681037903, -0.13700076937675476, -0.1301964968442917, -0.12339222431182861, -0.11658794432878494, -0.10978367179632187, -0.1029793918132782, -0.09617511928081512, -0.08937083929777145, -0.08256655931472778, -0.07576228678226471, -0.06895799934864044, -0.06215372309088707, -0.0553494468331337, -0.04854516685009003, -0.041740890592336655, -0.03493661433458328, -0.028132334351539612, -0.02132805809378624, -0.014523789286613464, -0.0077195120975375175, -0.0009152349084615707, 0.005889043211936951, 0.012693319469690323, 0.019497595727443695, 0.026301875710487366, 0.03310615196824074, 0.03991042077541351, 0.046714697033166885, 0.05351897329092026, 0.06032325327396393, 0.067127525806427, 0.07393180578947067, 0.08073608577251434, 0.08754035830497742, 0.09434464573860168, 0.10114892572164536, 0.10795319825410843, 0.1147574782371521, 0.12156175076961517, 0.12836602330207825, 0.13517031073570251, 0.1419745832681656, 0.14877885580062866, 0.15558312833309174, 0.162387415766716, 0.16919168829917908, 0.17599596083164215, 0.18280023336410522, 0.1896045207977295, 0.19640879333019257, 0.20321308076381683]}, "gradients/graph_66spatial.0.weight": {"_type": "histogram",