{"batch loss": 0.7148985266685486, "_timestamp": 1651771650, "_runtime": 1211, "_step": 649, "epoch": 24, "train/train_loss": 0.7325031876564025, "train/train_acc": 0.6938451776649747, "train/train_f1": 0.6932273563575855, "val/val_loss": 0.89858345190684, "val/vaL_acc": 0.5669515669515669, "val/val_f1": 0.5664677955677561, "gradients/graph_11fc2.bias": {"_type": "histogram", "values": [1.0, 0.0, 0.0, 0.0, 0.0, 0.0, 0.0, 0.0, 0.0, 0.0, 0.0, 1.0, 0.0, 0.0, 0.0, 0.0, 0.0, 0.0, 0.0, 0.0, 0.0, 0.0, 0.0, 0.0, 0.0, 0.0, 0.0, 0.0, 0.0, 0.0, 0.0, 0.0, 0.0, 0.0, 0.0, 0.0, 0.0, 0.0, 0.0, 0.0, 0.0, 0.0, 0.0, 0.0, 0.0, 0.0, 0.0, 0.0, 0.0, 0.0, 0.0, 0.0, 0.0, 0.0, 0.0, 0.0, 0.0, 0.0, 0.0, 0.0, 0.0, 0.0, 0.0, 1.0], "bins": [-0.0566873699426651, -0.054445404559373856, -0.05220343545079231, -0.04996147006750107, -0.047719500958919525, -0.04547753557562828, -0.043235570192337036, -0.04099360108375549, -0.03875163570046425, -0.036509670317173004, -0.03426770120859146, -0.03202573582530022, -0.029783768579363823, -0.02754180133342743, -0.025299835950136185, -0.02305786870419979, -0.020815901458263397, -0.018573934212327003, -0.01633196696639061, -0.014090001583099365, -0.011848034337162971, -0.009606067091226578, -0.007364100776612759, -0.0051221344619989395, -0.0028801672160625458, -0.0006382004357874393, 0.001603766344487667, 0.0038457331247627735, 0.00608769990503788, 0.008329667150974274, 0.010571633465588093, 0.012813599780201912, 0.015055567026138306, 0.0172975342720747, 0.019539501518011093, 0.021781466901302338, 0.02402343414723873, 0.026265401393175125, 0.02850736677646637, 0.030749334022402763, 0.03299130126833916, 0.0352332666516304, 0.037475235760211945, 0.03971720114350319, 0.041959166526794434, 0.04420113563537598, 0.04644310101866722, 0.048685066401958466, 0.05092703551054001, 0.05316900089383125, 0.055410970002412796, 0.05765293538570404, 0.059894904494285583, 0.06213686987757683, 0.06437883526086807, 0.06662080436944962, 0.06886276602745056, 0.0711047351360321, 0.07334669679403305, 0.0755886659026146, 0.07783063501119614, 0.08007259666919708, 0.08231456577777863, 0.08455653488636017, 0.08679850399494171]}, "gradients/graph_11fc2.weight": {"_type": "histogram", "values": [1.0, 0.0, 0.0, 0.0, 0.0, 0.0, 1.0, 0.0, 1.0, 2.0, 3.0, 5.0, 3.0, 4.0, 10.0, 18.0, 9.0, 26.0, 26.0, 21.0, 24.0, 36.0, 43.0, 44.0, 53.0, 53.0, 71.0, 59.0, 68.0, 56.0, 69.0, 64.0, 67.0, 80.0, 73.0, 54.0, 67.0, 51.0, 34.0, 48.0, 58.0, 40.0, 45.0, 36.0, 42.0, 34.0, 39.0, 28.0, 24.0, 28.0, 19.0, 22.0, 12.0, 5.0, 8.0, 2.0, 7.0, 2.0, 3.0, 6.0, 1.0, 3.0, 1.0, 1.0], "bins": [-0.046842269599437714, -0.04545321688055992, -0.04406416416168213, -0.042675115168094635, -0.04128606244921684, -0.03989700973033905, -0.03850795701146126, -0.037118904292583466, -0.03572985157370567, -0.03434079885482788, -0.03295174613595009, -0.031562693417072296, -0.030173642560839653, -0.02878459170460701, -0.027395538985729218, -0.026006486266851425, -0.024617435410618782, -0.02322838269174099, -0.021839331835508347, -0.020450279116630554, -0.019061226397752762, -0.01767217367887497, -0.016283122822642326, -0.014894070103764534, -0.013505019247531891, -0.012115967459976673, -0.01072691474109888, -0.009337862953543663, -0.00794881023466587, -0.006559758447110653, -0.005170706659555435, -0.003781653940677643, -0.0023926012217998505, -0.0010035490849986672, 0.000385503051802516, 0.0017745550721883774, 0.0031636073254048824, 0.0045526595786213875, 0.005941711366176605, 0.007330764085054398, 0.00871981680393219, 0.010108868591487408, 0.0114979213103652, 0.012886973097920418, 0.01427602581679821, 0.015665076673030853, 0.017054129391908646, 0.018443182110786438, 0.01983223296701908, 0.021221285685896873, 0.022610336542129517, 0.02399938926100731, 0.0253884419798851, 0.026777494698762894, 0.028166545554995537, 0.02955559827387333, 0.030944649130105972, 0.032333701848983765, 0.03372275456786156, 0.03511180728673935, 0.03650085628032684, 0.037889908999204636, 0.03927896171808243, 0.04066801443696022, 0.04205706715583801]}, "gradients/graph_11spatial.1.weight": {"_type": "histogram", "values": [1.0, 0.0, 1.0, 0.0, 1.0, 0.0, 0.0, 0.0, 1.0, 0.0, 0.0, 2.0, 1.0, 2.0, 1.0, 0.0, 1.0, 0.0, 0.0, 0.0, 1.0, 0.0, 1.0, 0.0, 0.0, 0.0, 2.0, 1.0, 0.0, 0.0, 0.0, 0.0, 0.0, 0.0, 0.0, 0.0, 1.0, 0.0, 0.0, 2.0, 3.0, 0.0, 1.0, 0.0, 1.0, 0.0, 0.0, 2.0, 0.0, 1.0, 0.0, 1.0, 0.0, 0.0, 0.0, 0.0, 0.0, 0.0, 0.0, 0.0, 0.0, 1.0, 0.0, 1.0], "bins": [-0.059061676263809204, -0.057176895439624786, -0.05529211461544037, -0.05340733379125595, -0.05152255296707153, -0.049637772142887115, -0.0477529913187027, -0.04586821049451828, -0.04398342967033386, -0.042098648846149445, -0.04021386802196503, -0.03832908719778061, -0.03644430637359619, -0.034559525549411774, -0.032674744725227356, -0.03078996203839779, -0.028905179351568222, -0.027020398527383804, -0.025135617703199387, -0.02325083687901497, -0.02136605605483055, -0.019481275230646133, -0.017596492543816566, -0.01571171171963215, -0.013826929032802582, -0.011942148208618164, -0.010057367384433746, -0.008172585628926754, -0.006287804804742336, -0.0044030239805579185, -0.002518242225050926, -0.0006334614008665085, 0.00125131756067276, 0.0031360986176878214, 0.005020879674702883, 0.006905660964548588, 0.008790441788733006, 0.010675222612917423, 0.012560004368424416, 0.014444785192608833, 0.016329564154148102, 0.01821434497833252, 0.020099125802516937, 0.021983906626701355, 0.023868687450885773, 0.02575346827507019, 0.027638250961899757, 0.029523031786084175, 0.03140781447291374, 0.03329259529709816, 0.03517737612128258, 0.037062156945466995, 0.03894693776965141, 0.04083171859383583, 0.04271650314331055, 0.044601283967494965, 0.04648606479167938, 0.0483708456158638, 0.05025562644004822, 0.052140407264232635, 0.05402518808841705, 0.05590996891260147, 0.05779474973678589, 0.059679530560970306, 0.061564311385154724]}, "gradients/graph_11spatial.1.bias": {"_type": "histogram", "values": [4.0, 0.0, 0.0, 0.0, 1.0, 0.0, 0.0, 2.0, 0.0, 1.0, 1.0, 0.0, 0.0, 0.0, 2.0, 0.0, 1.0, 0.0, 0.0, 0.0, 0.0, 1.0, 0.0, 1.0, 0.0, 0.0, 0.0, 1.0, 1.0, 0.0, 1.0, 0.0, 0.0, 1.0, 1.0, 1.0, 0.0, 0.0, 2.0, 2.0, 0.0, 0.0, 0.0, 0.0, 0.0, 1.0, 1.0, 0.0, 1.0, 1.0, 0.0, 0.0, 0.0, 0.0, 0.0, 0.0, 0.0, 0.0, 0.0, 0.0, 0.0, 1.0, 0.0, 1.0], "bins": [-0.15848222374916077, -0.1526225209236145, -0.14676283299922943, -0.14090313017368317, -0.1350434273481369, -0.12918373942375183, -0.12332403659820557, -0.1174643412232399, -0.11160464584827423, -0.10574495047330856, -0.0998852476477623, -0.09402555227279663, -0.08816585689783096, -0.0823061615228653, -0.07644645869731903, -0.07058676332235336, -0.0647270604968071, -0.05886736139655113, -0.053007666021585464, -0.0471479669213295, -0.04128827154636383, -0.035428572446107864, -0.029568873345851898, -0.02370917797088623, -0.017849475145339966, -0.011989777907729149, -0.006130079738795757, -0.0002703815698623657, 0.005589315667748451, 0.011449012905359268, 0.017308712005615234, 0.023168407380580902, 0.02902810275554657, 0.034887801855802536, 0.040747497230768204, 0.04660719633102417, 0.05246689170598984, 0.058326590806245804, 0.06418628990650177, 0.07004598528146744, 0.0759056806564331, 0.08176537603139877, 0.08762507885694504, 0.0934847742319107, 0.09934446960687637, 0.10520416498184204, 0.1110638678073883, 0.11692356318235397, 0.12278326600790024, 0.1286429613828659, 0.13450266420841217, 0.14036235213279724, 0.1462220549583435, 0.15208175778388977, 0.15794146060943604, 0.1638011485338211, 0.16966085135936737, 0.17552055418491364, 0.1813802421092987, 0.18723994493484497, 0.19309964776039124, 0.1989593356847763, 0.20481903851032257, 0.21067872643470764, 0.2165384292602539]}, "gradients/graph_11spatial.0.weight": {"_type": "histogram",