{"batch loss": 1.0805747509002686, "_timestamp": 1651758349, "_runtime": 53, "_step": 51, "epoch": 1, "train/train_loss": 1.0933951997756959, "train/train_acc": 0.3723032994923858, "train/train_f1": 0.37068810895586585, "val/val_loss": 1.0926092863082886, "val/vaL_acc": 0.3732193732193732, "val/val_f1": 0.37623032466015993, "_wandb": {"runtime": 52}}