{"train_acc": 0.6005460970125281, "train_loss": 43.74550998210907, "_timestamp": 1651737601, "_runtime": 83, "_step": 9, "train/train_loss": 43.74550998210907, "train/train_acc": [0.40154192097654995, 0.4871506585287504, 0.47863796980404755, 0.5706713780918727, 0.6005460970125281], "train/epoch": 4, "val/val_loss": 7.923423528671265, "val/val_accuracy": 0.3474358974358974, "final_val_accuracy": 0.3474358974358974, "_wandb": {"runtime": 81}}