{"batch loss": 1.0053621530532837, "_timestamp": 1651752177, "_runtime": 23, "_step": 194, "gradients/fc2.bias": {"_type": "histogram", "values": [1.0, 0.0, 0.0, 0.0, 0.0, 0.0, 0.0, 0.0, 0.0, 0.0, 0.0, 0.0, 0.0, 0.0, 1.0, 0.0, 0.0, 0.0, 0.0, 0.0, 0.0, 0.0, 0.0, 0.0, 0.0, 0.0, 0.0, 0.0, 0.0, 0.0, 0.0, 0.0, 0.0, 0.0, 0.0, 0.0, 0.0, 0.0, 0.0, 0.0, 0.0, 0.0, 0.0, 0.0, 0.0, 0.0, 0.0, 0.0, 0.0, 0.0, 0.0, 0.0, 0.0, 0.0, 0.0, 0.0, 0.0, 0.0, 0.0, 0.0, 0.0, 0.0, 0.0, 1.0], "bins": [-0.056360874325037, -0.0541994608938694, -0.0520380474627018, -0.04987663775682449, -0.04771522432565689, -0.04555381089448929, -0.043392397463321686, -0.04123098403215408, -0.03906957060098648, -0.03690815716981888, -0.034746743738651276, -0.03258533030748367, -0.03042392060160637, -0.028262507170438766, -0.026101093739271164, -0.02393968030810356, -0.021778270602226257, -0.019616857171058655, -0.0174554456025362, -0.015294032171368599, -0.013132619671523571, -0.010971207171678543, -0.00880979374051094, -0.006648381240665913, -0.0044869668781757355, -0.002325554145500064, -0.00016414141282439232, 0.001997271552681923, 0.004158684052526951, 0.006320096552371979, 0.008481509983539581, 0.01064292248338461, 0.012804336845874786, 0.014965749345719814, 0.017127161845564842, 0.019288575276732445, 0.021449986845254898, 0.0236114002764225, 0.025772813707590103, 0.027934227138757706, 0.03009563684463501, 0.03225705027580261, 0.034418463706970215, 0.03657987713813782, 0.03874128684401512, 0.040902700275182724, 0.04306411370635033, 0.04522552713751793, 0.04738694056868553, 0.049548353999853134, 0.05170976743102074, 0.05387117713689804, 0.05603259056806564, 0.058194003999233246, 0.06035541743040085, 0.06251683086156845, 0.06467824429273605, 0.06683965772390366, 0.06900107115507126, 0.07116248458623886, 0.07332389801740646, 0.07548530399799347, 0.07764671742916107, 0.07980813086032867, 0.08196954429149628]}, "gradients/fc2.weight": {"_type": "histogram", "values": [1.0, 0.0, 0.0, 1.0, 1.0, 0.0, 0.0, 1.0, 0.0, 4.0, 6.0, 5.0, 3.0, 8.0, 5.0, 4.0, 17.0, 19.0, 16.0, 21.0, 27.0, 35.0, 25.0, 36.0, 49.0, 53.0, 51.0, 41.0, 45.0, 53.0, 36.0, 37.0, 28.0, 25.0, 22.0, 28.0, 26.0, 21.0, 23.0, 10.0, 11.0, 7.0, 4.0, 6.0, 5.0, 2.0, 1.0, 3.0, 4.0, 3.0, 4.0, 2.0, 1.0, 0.0, 1.0, 0.0, 0.0, 1.0, 0.0, 1.0, 0.0, 0.0, 0.0, 1.0], "bins": [-0.05776338651776314, -0.05572127550840378, -0.05367916077375412, -0.05163704976439476, -0.0495949387550354, -0.04755282774567604, -0.04551071673631668, -0.04346860200166702, -0.04142649099230766, -0.0393843799829483, -0.037342265248298645, -0.035300154238939285, -0.033258043229579926, -0.031215932220220566, -0.029173819348216057, -0.027131706476211548, -0.025089595466852188, -0.02304748445749283, -0.02100537158548832, -0.01896325871348381, -0.01692114770412445, -0.014879035763442516, -0.012836923822760582, -0.010794811882078648, -0.008752699941396713, -0.006710588000714779, -0.0046684760600328445, -0.00262636411935091, -0.0005842521786689758, 0.0014578597620129585, 0.003499971702694893, 0.005542083643376827, 0.007584191858768463, 0.009626303799450397, 0.011668415740132332, 0.013710527680814266, 0.0157526396214962, 0.01779475063085556, 0.01983686350286007, 0.021878976374864578, 0.023921087384223938, 0.025963198393583298, 0.028005311265587807, 0.030047424137592316, 0.032089535146951675, 0.034131646156311035, 0.03617376089096069, 0.03821587190032005, 0.04025798290967941, 0.04230009391903877, 0.04434220492839813, 0.04638431966304779, 0.04842643067240715, 0.05046854168176651, 0.05251065641641617, 0.05455276742577553, 0.05659487843513489, 0.05863698944449425, 0.06067910045385361, 0.06272121518850327, 0.06476332247257233, 0.06680543720722198, 0.06884755194187164, 0.0708896592259407, 0.07293177396059036]}, "gradients/spatial.1.weight": {"_type": "histogram", "values": [1.0, 0.0, 0.0, 0.0, 0.0, 0.0, 0.0, 0.0, 1.0, 1.0, 1.0, 0.0, 0.0, 0.0, 0.0, 0.0, 0.0, 0.0, 0.0, 0.0, 0.0, 0.0, 0.0, 0.0, 0.0, 1.0, 0.0, 2.0, 0.0, 0.0, 0.0, 0.0, 0.0, 0.0, 0.0, 1.0, 0.0, 0.0, 0.0, 0.0, 0.0, 0.0, 0.0, 0.0, 0.0, 0.0, 0.0, 0.0, 0.0, 1.0, 0.0, 0.0, 0.0, 0.0, 0.0, 0.0, 0.0, 0.0, 0.0, 0.0, 0.0, 0.0, 0.0, 1.0], "bins": [-0.04549209401011467, -0.043969154357910156, -0.042446210980415344, -0.04092326760292053, -0.03940032795071602, -0.037877388298511505, -0.03635444492101669, -0.03483150154352188, -0.03330856189131737, -0.031785622239112854, -0.030262678861618042, -0.02873973734676838, -0.027216795831918716, -0.025693854317069054, -0.02417091280221939, -0.022647971287369728, -0.021125029772520065, -0.019602088257670403, -0.01807914674282074, -0.016556205227971077, -0.015033263713121414, -0.013510322198271751, -0.011987380683422089, -0.010464439168572426, -0.008941497653722763, -0.0074185561388731, -0.0058956146240234375, -0.004372673109173775, -0.002849731594324112, -0.0013267900794744492, 0.00019615143537521362, 0.0017190929502248764, 0.003242034465074539, 0.004764975979924202, 0.006287917494773865, 0.0078108590096235275, 0.00933380052447319, 0.010856742039322853, 0.012379683554172516, 0.013902625069022179, 0.015425566583871841, 0.016948508098721504, 0.018471449613571167, 0.01999439112842083, 0.021517332643270493, 0.023040274158120155, 0.024563215672969818, 0.02608615718781948, 0.027609098702669144, 0.029132040217518806, 0.03065498173236847, 0.03217792510986328, 0.033700864762067795, 0.03522380441427231, 0.03674674779176712, 0.03826969116926193, 0.039792630821466446, 0.04131557047367096, 0.04283851385116577, 0.044361457228660583, 0.0458843968808651, 0.04740733653306961, 0.04893027991056442, 0.050453223288059235, 0.05197616294026375]}, "gradients/spatial.1.bias": {"_type": "histogram", "values": [1.0, 0.0, 0.0, 0.0, 0.0, 0.0, 0.0, 1.0, 0.0, 0.0, 0.0, 0.0, 0.0, 0.0, 1.0, 0.0, 0.0, 0.0, 0.0, 0.0, 0.0, 0.0, 0.0, 0.0, 0.0, 0.0, 0.0, 1.0, 0.0, 0.0, 1.0, 0.0, 0.0, 1.0, 0.0, 0.0, 0.0, 0.0, 0.0, 0.0, 1.0, 0.0, 0.0, 0.0, 0.0, 0.0, 0.0, 0.0, 0.0, 1.0, 0.0, 0.0, 0.0, 0.0, 0.0, 0.0, 0.0, 0.0, 0.0, 1.0, 0.0, 0.0, 0.0, 1.0], "bins": [-0.0778149738907814, -0.07545291632413864, -0.07309086620807648, -0.07072880864143372, -0.06836675107479095, -0.0660046935081482, -0.06364264339208603, -0.06128058582544327, -0.058918531984090805, -0.05655647814273834, -0.05419442057609558, -0.05183236673474312, -0.049470312893390656, -0.047108255326747894, -0.04474620148539543, -0.04238414764404297, -0.04002209007740021, -0.037660036236047745, -0.035297978669404984, -0.03293592482805252, -0.03057386912405491, -0.028211813420057297, -0.025849759578704834, -0.023487703874707222, -0.02112564817070961, -0.018763592466711998, -0.016401536762714386, -0.014039482921361923, -0.011677427217364311, -0.0093153715133667, -0.006953316740691662, -0.0045912619680166245, -0.0022292137145996094, 0.00013284152373671532, 0.00249489676207304, 0.004856952000409365, 0.007219007238745689, 0.009581062942743301, 0.011943117715418339, 0.014305172488093376, 0.016667228192090988, 0.0190292838960886, 0.021391339600086212, 0.023753393441438675, 0.026115449145436287, 0.0284775048494339, 0.03083955869078636, 0.033201612532138824, 0.035563670098781586, 0.03792572394013405, 0.04028778150677681, 0.04264983534812927, 0.045011892914772034, 0.047373946756124496, 0.04973600059747696, 0.05209805816411972, 0.05446011200547218, 0.056822165846824646, 0.05918422341346741, 0.06154627725481987, 0.06390833109617233, 0.0662703886628151, 0.06863244622945786, 0.07099449634552002, 0.07335655391216278]}, "gradients/spatial.0.weight": {"_type": "histogram", "values": [2.0, 0.0, 1.0, 0.0, 1.0, 0.0, 0.0, 0.0, 1.0, 1.0, 0.0, 2.0, 3.0, 1.0, 1.0, 2.0, 3.0, 2.0, 1.0, 1.0, 5.0, 6.0, 0.0, 2.0, 4.0, 8.0, 4.0, 4.0, 10.0, 11.0, 14.0, 19.0, 32.0, 51.0, 68.0, 104.0, 139.0, 85.0, 59.0, 27.0, 36.0, 26.0, 9.0, 12.0, 8.0, 6.0, 3.0, 6.0, 4.0, 2.0, 3.0, 5.0, 0.0, 0.0, 0.0, 2.0, 2.0, 1.0, 0.0, 0.0, 0.0, 0.0, 0.0, 1.0],