{"batch loss": 0.4598787724971771, "_timestamp": 1651817655, "_runtime": 1170, "_step": 649, "epoch": 24, "train/train_loss": 0.37573988556861876, "train/train_acc": 0.8523159898477157, "train/train_f1": 0.8509570494446992, "val/val_loss": 1.4745293060938518, "val/vaL_acc": 0.5498575498575499, "val/val_f1": 0.5476218550317123, "gradients/graph_59fc2.bias": {"_type": "histogram", "values": [1.0, 0.0, 0.0, 0.0, 0.0, 0.0, 0.0, 0.0, 0.0, 0.0, 0.0, 0.0, 0.0, 0.0, 1.0, 0.0, 0.0, 0.0, 0.0, 0.0, 0.0, 0.0, 0.0, 0.0, 0.0, 0.0, 0.0, 0.0, 0.0, 0.0, 0.0, 0.0, 0.0, 0.0, 0.0, 0.0, 0.0, 0.0, 0.0, 0.0, 0.0, 0.0, 0.0, 0.0, 0.0, 0.0, 0.0, 0.0, 0.0, 0.0, 0.0, 0.0, 0.0, 0.0, 0.0, 0.0, 0.0, 0.0, 0.0, 0.0, 0.0, 0.0, 0.0, 1.0], "bins": [-0.04605472460389137, -0.044285859912633896, -0.04251699149608612, -0.040748126804828644, -0.03897925838828087, -0.03721039369702339, -0.035441525280475616, -0.03367266058921814, -0.03190379589796066, -0.030134929344058037, -0.02836606279015541, -0.026597198098897934, -0.02482832968235016, -0.023059464991092682, -0.021290598437190056, -0.01952173188328743, -0.017752863466739655, -0.01598399691283703, -0.014215130358934402, -0.012446264736354351, -0.010677398182451725, -0.008908531628549099, -0.0071396660059690475, -0.0053707994520664215, -0.0036019347608089447, -0.0018330684397369623, -6.420211866497993e-05, 0.0017046639695763588, 0.003473530523478985, 0.005242397077381611, 0.007011262699961662, 0.008780129253864288, 0.010548993945121765, 0.012317860499024391, 0.014086727052927017, 0.015855591744184494, 0.01762446016073227, 0.019393324851989746, 0.021162191405892372, 0.022931057959794998, 0.024699926376342773, 0.0264687929302454, 0.028237659484148026, 0.030006524175405502, 0.03177539259195328, 0.033544257283210754, 0.03531312197446823, 0.037081990391016006, 0.03885085508227348, 0.04061971977353096, 0.042388588190078735, 0.04415745288133621, 0.04592632129788399, 0.047695185989141464, 0.04946405440568924, 0.051232919096946716, 0.05300178378820419, 0.05477064847946167, 0.056539516896009445, 0.05830838158726692, 0.0600772500038147, 0.061846114695072174, 0.06361497938632965, 0.06538385152816772, 0.0671527162194252]}, "gradients/graph_59fc2.weight": {"_type": "histogram", "values": [1.0, 2.0, 1.0, 0.0, 2.0, 1.0, 0.0, 2.0, 2.0, 6.0, 5.0, 12.0, 4.0, 18.0, 8.0, 21.0, 17.0, 22.0, 27.0, 19.0, 36.0, 28.0, 36.0, 50.0, 59.0, 55.0, 45.0, 47.0, 70.0, 76.0, 83.0, 85.0, 79.0, 60.0, 60.0, 69.0, 61.0, 63.0, 49.0, 42.0, 53.0, 37.0, 38.0, 25.0, 21.0, 20.0, 16.0, 14.0, 16.0, 15.0, 6.0, 9.0, 10.0, 4.0, 2.0, 5.0, 2.0, 0.0, 2.0, 0.0, 0.0, 0.0, 0.0, 2.0], "bins": [-0.032107651233673096, -0.031093819066882133, -0.03007998690009117, -0.02906615473330021, -0.028052322566509247, -0.027038490399718285, -0.026024658232927322, -0.02501082606613636, -0.023996993899345398, -0.022983161732554436, -0.021969329565763474, -0.02095549739897251, -0.01994166523218155, -0.018927833065390587, -0.017914000898599625, -0.016900168731808662, -0.0158863365650177, -0.014872504398226738, -0.013858672231435776, -0.012844840064644814, -0.011831007897853851, -0.010817175731062889, -0.009803343564271927, -0.008789511397480965, -0.0077756792306900024, -0.00676184706389904, -0.005748014897108078, -0.004734182730317116, -0.0037203505635261536, -0.0027065183967351913, -0.0016926862299442291, -0.0006788540631532669, 0.0003349818289279938, 0.001348813995718956, 0.002362646162509918, 0.0033764783293008804, 0.004390310496091843, 0.005404142662882805, 0.006417974829673767, 0.007431806996464729, 0.008445639163255692, 0.009459471330046654, 0.010473303496837616, 0.011487135663628578, 0.01250096783041954, 0.013514799997210503, 0.014528632164001465, 0.015542464330792427, 0.01655629649758339, 0.01757012866437435, 0.018583960831165314, 0.019597792997956276, 0.020611625164747238, 0.0216254573315382, 0.022639289498329163, 0.023653121665120125, 0.024666953831911087, 0.02568078599870205, 0.02669461816549301, 0.027708450332283974, 0.028722282499074936, 0.029736114665865898, 0.03074994683265686, 0.03176377713680267, 0.032777611166238785]}, "gradients/graph_59spatial.1.weight": {"_type": "histogram", "values": [1.0, 0.0, 0.0, 0.0, 0.0, 1.0, 0.0, 1.0, 0.0, 0.0, 0.0, 2.0, 2.0, 0.0, 0.0, 1.0, 2.0, 0.0, 0.0, 0.0, 0.0, 1.0, 1.0, 2.0, 0.0, 0.0, 0.0, 0.0, 1.0, 1.0, 1.0, 0.0, 0.0, 1.0, 0.0, 0.0, 0.0, 0.0, 0.0, 1.0, 0.0, 1.0, 1.0, 0.0, 0.0, 0.0, 0.0, 1.0, 1.0, 1.0, 1.0, 1.0, 0.0, 0.0, 0.0, 0.0, 2.0, 0.0, 0.0, 0.0, 0.0, 0.0, 1.0, 1.0], "bins": [-0.07872920483350754, -0.0759967714548111, -0.07326433062553406, -0.07053188979625702, -0.06779945641756058, -0.06506702303886414, -0.0623345822095871, -0.05960214510560036, -0.05686970800161362, -0.05413727089762688, -0.05140483379364014, -0.0486723966896534, -0.045939959585666656, -0.043207522481679916, -0.040475085377693176, -0.037742648273706436, -0.035010211169719696, -0.032277774065732956, -0.029545336961746216, -0.026812899857759476, -0.024080462753772736, -0.021348025649785995, -0.018615588545799255, -0.015883151441812515, -0.013150714337825775, -0.010418277233839035, -0.007685840129852295, -0.004953403025865555, -0.0022209659218788147, 0.0005114711821079254, 0.0032439082860946655, 0.005976345390081406, 0.008708782494068146, 0.011441219598054886, 0.014173656702041626, 0.016906093806028366, 0.019638530910015106, 0.022370968014001846, 0.025103405117988586, 0.027835842221975327, 0.030568279325962067, 0.03330071642994881, 0.03603315353393555, 0.03876559063792229, 0.04149802774190903, 0.04423046484589577, 0.04696290194988251, 0.04969533905386925, 0.05242777615785599, 0.05516021326184273, 0.05789265036582947, 0.06062508746981621, 0.06335752457380295, 0.06608995795249939, 0.06882239878177643, 0.07155483961105347, 0.07428727298974991, 0.07701970636844635, 0.07975214719772339, 0.08248458802700043, 0.08521702140569687, 0.08794945478439331, 0.09068189561367035, 0.09341433644294739, 0.09614676982164383]}, "gradients/graph_59spatial.1.bias": {"_type": "histogram", "values": [1.0, 0.0, 0.0, 0.0, 0.0, 0.0, 1.0, 0.0, 0.0, 0.0, 0.0, 0.0, 2.0, 0.0, 0.0, 0.0, 1.0, 2.0, 0.0, 0.0, 1.0, 0.0, 2.0, 0.0, 0.0, 1.0, 0.0, 2.0, 2.0, 0.0, 0.0, 1.0, 0.0, 0.0, 0.0, 0.0, 2.0, 1.0, 1.0, 1.0, 0.0, 0.0, 0.0, 0.0, 0.0, 0.0, 1.0, 0.0, 0.0, 0.0, 0.0, 0.0, 1.0, 0.0, 0.0, 0.0, 0.0, 2.0, 1.0, 1.0, 1.0, 0.0, 0.0, 2.0], "bins": [-0.20951682329177856, -0.2025614231824875, -0.19560600817203522, -0.18865060806274414, -0.18169519305229187, -0.1747397929430008, -0.16778437793254852, -0.16082897782325745, -0.15387356281280518, -0.1469181627035141, -0.13996274769306183, -0.13300734758377075, -0.12605193257331848, -0.1190965324640274, -0.11214111745357513, -0.10518571734428406, -0.09823030978441238, -0.09127490222454071, -0.08431949466466904, -0.07736408710479736, -0.07040867954492569, -0.06345327198505402, -0.05649786815047264, -0.04954246059060097, -0.04258705675601959, -0.03563164919614792, -0.028676241636276245, -0.02172083593904972, -0.014765428379178047, -0.007810022681951523, -0.0008546151220798492, 0.006100792437791824, 0.013056203722953796, 0.02001161128282547, 0.026967018842697144, 0.03392242640256882, 0.04087783396244049, 0.047833237797021866, 0.05478864535689354, 0.06174405291676521, 0.06869946420192719, 0.07565487176179886, 0.08261027932167053, 0.0895656868815422, 0.09652109444141388, 0.10347649455070496, 0.11043190956115723, 0.1173873096704483, 0.12434271723031998, 0.13129812479019165, 0.13825352489948273, 0.145208939909935, 0.15216434001922607, 0.15911975502967834, 0.16607515513896942, 0.1730305701494217, 0.17998597025871277, 0.18694137036800385, 0.19389678537845612, 0.2008521854877472, 0.20780760049819946, 0.21476300060749054, 0.2217184156179428, 0.2286738157272339, 0.23562923073768616]}, "gradients/graph_59spatial.0.weight": {"_type": "histogram",