{"batch loss": 1.118847370147705, "_timestamp": 1651842618, "_runtime": 45, "_step": 22, "epoch": 0, "train/train_loss": 1.1155948422171853, "train/train_acc": 0.3747016706443914, "train/train_f1": 0.36801526412826263, "val/val_loss": 1.0972166912896293, "val/vaL_acc": 0.4252726106478512, "val/val_f1": 0.38788401352057617, "_wandb": {"runtime": 43}}