{"batch loss": 0.6900721192359924, "_timestamp": 1651795509, "_runtime": 389, "_step": 649, "epoch": 24, "train/train_loss": 0.6920846271514892, "train/train_acc": 0.7063769035532995, "train/train_f1": 0.7046828171427663, "val/val_loss": 0.9707147280375162, "val/vaL_acc": 0.5612535612535613, "val/val_f1": 0.5627076970711945, "gradients/graph_37fc2.bias": {"_type": "histogram", "values": [1.0, 0.0, 0.0, 0.0, 0.0, 0.0, 1.0, 0.0, 0.0, 0.0, 0.0, 0.0, 0.0, 0.0, 0.0, 0.0, 0.0, 0.0, 0.0, 0.0, 0.0, 0.0, 0.0, 0.0, 0.0, 0.0, 0.0, 0.0, 0.0, 0.0, 0.0, 0.0, 0.0, 0.0, 0.0, 0.0, 0.0, 0.0, 0.0, 0.0, 0.0, 0.0, 0.0, 0.0, 0.0, 0.0, 0.0, 0.0, 0.0, 0.0, 0.0, 0.0, 0.0, 0.0, 0.0, 0.0, 0.0, 0.0, 0.0, 0.0, 0.0, 0.0, 0.0, 1.0], "bins": [-0.04055401682853699, -0.038836315274238586, -0.037118613719940186, -0.035400912165641785, -0.033683210611343384, -0.03196550905704498, -0.030247807502746582, -0.02853010594844818, -0.02681240439414978, -0.02509470283985138, -0.02337700128555298, -0.021659299731254578, -0.019941598176956177, -0.018223896622657776, -0.016506195068359375, -0.014788494445383549, -0.013070793822407722, -0.011353092268109322, -0.00963539071381092, -0.00791768915951252, -0.006199988070875406, -0.004482286982238293, -0.002764585427939892, -0.001046883873641491, 0.0006708167493343353, 0.002388518303632736, 0.004106219857931137, 0.005823920946568251, 0.0075416225008666515, 0.009259323589503765, 0.010977025143802166, 0.012694726698100567, 0.014412429183721542, 0.016130130738019943, 0.017847832292318344, 0.019565533846616745, 0.021283235400915146, 0.023000936955213547, 0.024718638509511948, 0.02643634006381035, 0.02815404161810875, 0.02987174317240715, 0.03158944472670555, 0.03330714628100395, 0.03502484783530235, 0.036742549389600754, 0.038460250943899155, 0.040177952498197556, 0.04189565032720566, 0.04361335188150406, 0.04533105343580246, 0.04704875499010086, 0.04876645654439926, 0.05048415809869766, 0.05220185965299606, 0.053919561207294464, 0.055637262761592865, 0.057354964315891266, 0.05907266587018967, 0.06079036742448807, 0.06250806897878647, 0.06422577053308487, 0.06594347208738327, 0.06766117364168167, 0.06937887519598007]}, "gradients/graph_37fc2.weight": {"_type": "histogram", "values": [1.0, 1.0, 0.0, 1.0, 2.0, 1.0, 0.0, 4.0, 2.0, 5.0, 4.0, 7.0, 6.0, 16.0, 17.0, 15.0, 10.0, 16.0, 27.0, 23.0, 22.0, 33.0, 31.0, 30.0, 34.0, 28.0, 31.0, 30.0, 27.0, 29.0, 21.0, 25.0, 22.0, 25.0, 14.0, 16.0, 20.0, 15.0, 24.0, 20.0, 15.0, 16.0, 12.0, 18.0, 20.0, 14.0, 19.0, 17.0, 25.0, 18.0, 19.0, 28.0, 10.0, 9.0, 6.0, 7.0, 6.0, 6.0, 3.0, 2.0, 4.0, 0.0, 0.0, 1.0], "bins": [-0.03485037386417389, -0.03377459943294525, -0.032698825001716614, -0.031623050570487976, -0.03054727613925934, -0.0294715017080307, -0.028395729139447212, -0.027319954708218575, -0.026244180276989937, -0.0251684058457613, -0.02409263141453266, -0.023016856983304024, -0.021941084414720535, -0.020865309983491898, -0.01978953555226326, -0.018713761121034622, -0.017637986689805984, -0.016562212258577347, -0.015486437827348709, -0.014410664327442646, -0.013334889896214008, -0.01225911546498537, -0.011183341965079308, -0.01010756753385067, -0.009031793102622032, -0.007956018671393394, -0.006880244705826044, -0.005804470740258694, -0.004728696309030056, -0.0036529218778014183, -0.002577147912234068, -0.0015013739466667175, -0.0004256032407283783, 0.0006501709576696157, 0.0017259451560676098, 0.002801719354465604, 0.003877493552863598, 0.0049532679840922356, 0.006029041949659586, 0.007104815915226936, 0.008180590346455574, 0.009256364777684212, 0.01033213920891285, 0.011407912708818913, 0.01248368714004755, 0.013559461571276188, 0.014635235071182251, 0.01571100950241089, 0.016786783933639526, 0.017862558364868164, 0.018938332796096802, 0.02001410722732544, 0.021089881658554077, 0.022165656089782715, 0.023241428658366203, 0.02431720308959484, 0.02539297752082348, 0.026468751952052116, 0.027544526383280754, 0.028620300814509392, 0.02969607338309288, 0.030771847814321518, 0.031847622245550156, 0.03292339667677879, 0.03399917110800743]}, "gradients/graph_37spatial.1.weight": {"_type": "histogram", "values": [1.0, 0.0, 0.0, 0.0, 0.0, 0.0, 0.0, 0.0, 0.0, 0.0, 0.0, 0.0, 0.0, 0.0, 1.0, 0.0, 0.0, 0.0, 1.0, 1.0, 0.0, 0.0, 1.0, 0.0, 1.0, 0.0, 0.0, 0.0, 0.0, 0.0, 0.0, 0.0, 0.0, 0.0, 1.0, 0.0, 0.0, 0.0, 0.0, 0.0, 0.0, 0.0, 0.0, 0.0, 0.0, 0.0, 0.0, 0.0, 0.0, 1.0, 0.0, 0.0, 0.0, 0.0, 0.0, 0.0, 0.0, 1.0, 0.0, 0.0, 0.0, 0.0, 0.0, 1.0], "bins": [-0.259886234998703, -0.2516879439353943, -0.24348965287208557, -0.23529136180877686, -0.22709307074546814, -0.21889477968215942, -0.2106965035200119, -0.20249821245670319, -0.19429992139339447, -0.18610163033008575, -0.17790333926677704, -0.16970504820346832, -0.1615067720413208, -0.15330848097801208, -0.14511018991470337, -0.13691189885139465, -0.12871360778808594, -0.12051531672477722, -0.1123170256614685, -0.10411874204874039, -0.09592045098543167, -0.08772215992212296, -0.07952387630939484, -0.07132558524608612, -0.0631272941827774, -0.05492900311946869, -0.04673071578145027, -0.038532428443431854, -0.03033413738012314, -0.022135846316814423, -0.013937558978796005, -0.005739271640777588, 0.0024590492248535156, 0.010657338425517082, 0.01885562762618065, 0.027053916826844215, 0.03525220602750778, 0.0434504970908165, 0.051648784428834915, 0.05984707176685333, 0.06804536283016205, 0.07624365389347076, 0.08444194495677948, 0.0926402285695076, 0.10083851963281631, 0.10903681069612503, 0.11723509430885315, 0.12543338537216187, 0.13363167643547058, 0.1418299674987793, 0.150028258562088, 0.15822654962539673, 0.16642484068870544, 0.17462313175201416, 0.18282140791416168, 0.1910196989774704, 0.1992179900407791, 0.20741628110408783, 0.21561457216739655, 0.22381286323070526, 0.23201113939285278, 0.2402094304561615, 0.24840772151947021, 0.25660601258277893, 0.26480430364608765]}, "gradients/graph_37spatial.1.bias": {"_type": "histogram", "values": [1.0, 0.0, 0.0, 0.0, 0.0, 0.0, 0.0, 0.0, 0.0, 0.0, 0.0, 0.0, 0.0, 1.0, 1.0, 0.0, 0.0, 0.0, 0.0, 0.0, 1.0, 0.0, 0.0, 0.0, 1.0, 1.0, 0.0, 0.0, 0.0, 0.0, 0.0, 0.0, 0.0, 0.0, 0.0, 1.0, 0.0, 0.0, 0.0, 0.0, 0.0, 0.0, 0.0, 0.0, 0.0, 0.0, 0.0, 0.0, 0.0, 0.0, 0.0, 0.0, 0.0, 1.0, 1.0, 0.0, 0.0, 0.0, 0.0, 0.0, 0.0, 0.0, 0.0, 1.0], "bins": [-0.2877667248249054, -0.2785993218421936, -0.2694319486618042, -0.2602645456790924, -0.251097172498703, -0.2419297695159912, -0.2327623814344406, -0.22359499335289001, -0.21442760527133942, -0.20526021718978882, -0.19609282910823822, -0.18692544102668762, -0.17775803804397583, -0.16859066486358643, -0.15942326188087463, -0.15025587379932404, -0.14108848571777344, -0.13192109763622284, -0.12275370955467224, -0.11358631402254105, -0.10441892594099045, -0.09525153785943985, -0.08608414232730865, -0.07691675424575806, -0.06774936616420746, -0.05858197808265686, -0.049414586275815964, -0.04024719446897507, -0.03107980638742447, -0.02191241830587387, -0.012745026499032974, -0.0035776346921920776, 0.0055897533893585205, 0.014757143333554268, 0.023924533277750015, 0.03309192508459091, 0.04225931316614151, 0.05142670124769211, 0.060594093054533005, 0.0697614848613739, 0.0789288729429245, 0.0880962610244751, 0.0972636491060257, 0.10643104463815689, 0.11559843271970749, 0.12476582080125809, 0.13393321633338928, 0.14310060441493988, 0.15226799249649048, 0.16143538057804108, 0.17060276865959167, 0.17977015674114227, 0.18893754482269287, 0.19810494780540466, 0.20727233588695526, 0.21643972396850586, 0.22560711205005646, 0.23477450013160706, 0.24394188821315765, 0.25310927629470825, 0.26227667927742004, 0.27144405245780945, 0.28061145544052124, 0.28977882862091064, 0.29894623160362244]}, "gradients/graph_37spatial.0.weight": {"_type": "histogram",