{"batch loss": 0.3786449432373047, "_timestamp": 1651779311, "_runtime": 1052, "_step": 649, "epoch": 24, "train/train_loss": 0.358034029006958, "train/train_acc": 0.8591370558375635, "train/train_f1": 0.8573903689127937, "val/val_loss": 1.1589792768160503, "val/vaL_acc": 0.5427350427350427, "val/val_f1": 0.5434978753274992, "gradients/graph_19fc2.bias": {"_type": "histogram", "values": [1.0, 0.0, 0.0, 0.0, 0.0, 0.0, 0.0, 0.0, 0.0, 0.0, 0.0, 0.0, 0.0, 0.0, 0.0, 0.0, 0.0, 0.0, 0.0, 0.0, 0.0, 0.0, 0.0, 0.0, 0.0, 0.0, 0.0, 0.0, 0.0, 1.0, 0.0, 0.0, 0.0, 0.0, 0.0, 0.0, 0.0, 0.0, 0.0, 0.0, 0.0, 0.0, 0.0, 0.0, 0.0, 0.0, 0.0, 0.0, 0.0, 0.0, 0.0, 0.0, 0.0, 0.0, 0.0, 0.0, 0.0, 0.0, 0.0, 0.0, 0.0, 0.0, 0.0, 1.0], "bins": [-0.05225791037082672, -0.05057576671242714, -0.04889362305402756, -0.047211479395627975, -0.045529335737228394, -0.04384719207882881, -0.04216504842042923, -0.040482908487319946, -0.038800761103630066, -0.037118617445230484, -0.0354364737868309, -0.03375433012843132, -0.03207218647003174, -0.030390042811632156, -0.028707901015877724, -0.027025757357478142, -0.02534361556172371, -0.023661471903324127, -0.021979328244924545, -0.020297184586524963, -0.01861504092812538, -0.0169328972697258, -0.015250755473971367, -0.013568611815571785, -0.011886470019817352, -0.01020432636141777, -0.008522182703018188, -0.006840039975941181, -0.005157896317541599, -0.0034757526591420174, -0.00179360993206501, -0.00011146627366542816, 0.0015706829726696014, 0.0032528263982385397, 0.004934969823807478, 0.0066171130165457726, 0.008299256674945354, 0.009981400333344936, 0.011663543060421944, 0.013345686718821526, 0.015027832239866257, 0.01670997589826584, 0.01839211955666542, 0.020074263215065002, 0.021756406873464584, 0.023438550531864166, 0.0251206923276186, 0.02680283598601818, 0.028484977781772614, 0.030167121440172195, 0.03184926509857178, 0.03353140875697136, 0.03521355241537094, 0.03689569607377052, 0.038577839732170105, 0.04025997966527939, 0.04194212704896927, 0.04362427070736885, 0.04530641436576843, 0.046988558024168015, 0.048670701682567596, 0.05035284534096718, 0.05203498899936676, 0.053717128932476044, 0.055399272590875626]}, "gradients/graph_19fc2.weight": {"_type": "histogram", "values": [1.0, 0.0, 0.0, 0.0, 1.0, 0.0, 0.0, 0.0, 1.0, 3.0, 3.0, 0.0, 1.0, 2.0, 5.0, 6.0, 6.0, 7.0, 15.0, 24.0, 23.0, 30.0, 48.0, 52.0, 52.0, 73.0, 59.0, 56.0, 41.0, 44.0, 40.0, 59.0, 81.0, 69.0, 93.0, 74.0, 51.0, 46.0, 29.0, 48.0, 46.0, 50.0, 63.0, 72.0, 52.0, 57.0, 33.0, 24.0, 15.0, 10.0, 15.0, 10.0, 12.0, 4.0, 6.0, 4.0, 1.0, 1.0, 0.0, 1.0, 0.0, 0.0, 0.0, 1.0], "bins": [-0.060696523636579514, -0.05891816318035126, -0.0571397989988327, -0.055361438542604446, -0.05358307436108589, -0.051804713904857635, -0.05002634972333908, -0.048247989267110825, -0.04646962881088257, -0.04469126835465431, -0.04291290417313576, -0.0411345437169075, -0.03935617953538895, -0.03757781907916069, -0.035799458622932434, -0.03402109444141388, -0.032242730259895325, -0.03046436794102192, -0.028686005622148514, -0.026907645165920258, -0.025129280984401703, -0.023350920528173447, -0.02157255820930004, -0.019794195890426636, -0.01801583543419838, -0.016237473115324974, -0.014459110796451569, -0.012680749408900738, -0.010902387090027332, -0.009124024771153927, -0.007345663383603096, -0.0055673010647296906, -0.0037889331579208374, -0.0020105710718780756, -0.0002322089858353138, 0.0015461528673768044, 0.00332451518625021, 0.005102877505123615, 0.006881238892674446, 0.008659601211547852, 0.010437965393066406, 0.012216327711939812, 0.013994690030813217, 0.015773050487041473, 0.017551414668560028, 0.019329775124788284, 0.02110813744366169, 0.022886499762535095, 0.02466486021876335, 0.026443222537636757, 0.028221584856510162, 0.02999994531273842, 0.03177830949425697, 0.03355666995048523, 0.035335034132003784, 0.03711339458823204, 0.0388917550444603, 0.04067011550068855, 0.04244847968220711, 0.044226840138435364, 0.04600520431995392, 0.047783564776182175, 0.04956192523241043, 0.051340289413928986, 0.05311865359544754]}, "gradients/graph_19spatial.1.weight": {"_type": "histogram", "values": [1.0, 2.0, 0.0, 1.0, 1.0, 0.0, 0.0, 1.0, 0.0, 0.0, 0.0, 2.0, 0.0, 1.0, 0.0, 0.0, 0.0, 0.0, 1.0, 1.0, 2.0, 0.0, 0.0, 0.0, 0.0, 1.0, 1.0, 0.0, 1.0, 1.0, 1.0, 1.0, 1.0, 0.0, 1.0, 1.0, 0.0, 0.0, 0.0, 0.0, 0.0, 0.0, 0.0, 0.0, 1.0, 1.0, 1.0, 2.0, 0.0, 0.0, 0.0, 0.0, 0.0, 0.0, 0.0, 1.0, 0.0, 0.0, 0.0, 0.0, 1.0, 0.0, 0.0, 1.0], "bins": [-0.1108478531241417, -0.10693710297346115, -0.10302635282278061, -0.09911560267210007, -0.09520485252141953, -0.09129410237073898, -0.08738334476947784, -0.0834725946187973, -0.07956184446811676, -0.07565109431743622, -0.07174034416675568, -0.06782959401607513, -0.06391884386539459, -0.06000809371471405, -0.05609733983874321, -0.05218658968806267, -0.048275843262672424, -0.04436509311199188, -0.04045434296131134, -0.0365435928106308, -0.032632842659950256, -0.028722090646624565, -0.024811338633298874, -0.020900588482618332, -0.01698983460664749, -0.01307908445596695, -0.009168333373963833, -0.005257582291960716, -0.0013468321412801743, 0.0025639180094003677, 0.006474670022726059, 0.010385420173406601, 0.014296174049377441, 0.018206924200057983, 0.022117674350738525, 0.026028426364064217, 0.02993917651474476, 0.03384992480278015, 0.03776067867875099, 0.041671428829431534, 0.04558217525482178, 0.04949292540550232, 0.05340367555618286, 0.0573144257068634, 0.061225175857543945, 0.06513592600822449, 0.06904667615890503, 0.07295742630958557, 0.07686818391084671, 0.08077893406152725, 0.0846896842122078, 0.08860043436288834, 0.09251118451356888, 0.09642193466424942, 0.10033269226551056, 0.1042434424161911, 0.10815419256687164, 0.11206494271755219, 0.11597569286823273, 0.11988644301891327, 0.12379719316959381, 0.12770794332027435, 0.1316186934709549, 0.13552944362163544, 0.13944019377231598]}, "gradients/graph_19spatial.1.bias": {"_type": "histogram", "values": [1.0, 0.0, 0.0, 0.0, 0.0, 0.0, 2.0, 0.0, 0.0, 2.0, 0.0, 0.0, 2.0, 0.0, 0.0, 0.0, 1.0, 0.0, 0.0, 0.0, 0.0, 2.0, 1.0, 0.0, 0.0, 2.0, 0.0, 0.0, 0.0, 1.0, 0.0, 2.0, 2.0, 0.0, 1.0, 1.0, 1.0, 0.0, 0.0, 1.0, 0.0, 0.0, 0.0, 0.0, 0.0, 1.0, 0.0, 1.0, 1.0, 0.0, 2.0, 0.0, 0.0, 0.0, 0.0, 0.0, 0.0, 0.0, 0.0, 0.0, 0.0, 0.0, 0.0, 3.0], "bins": [-0.1458851844072342, -0.14119985699653625, -0.13651451468467712, -0.1318291872739792, -0.12714384496212006, -0.12245851755142212, -0.11777318269014359, -0.11308784782886505, -0.10840251296758652, -0.10371717810630798, -0.09903184324502945, -0.09434650838375092, -0.08966118097305298, -0.08497583866119385, -0.08029051125049591, -0.07560517638921738, -0.07091984152793884, -0.06623450666666031, -0.061549171805381775, -0.05686384066939354, -0.052178505808115005, -0.04749317094683647, -0.042807839810848236, -0.0381225049495697, -0.03343717008829117, -0.028751835227012634, -0.02406650222837925, -0.019381169229745865, -0.014695834368467331, -0.010010499507188797, -0.005325166508555412, -0.0006398335099220276, 0.0040455162525177, 0.00873085018247366, 0.013416184112429619, 0.018101517111063004, 0.022786851972341537, 0.02747218683362007, 0.03215751796960831, 0.03684285283088684, 0.041528187692165375, 0.04621352255344391, 0.05089885741472244, 0.05558418855071068, 0.06026952341198921, 0.06495486199855804, 0.06964018940925598, 0.07432552427053452, 0.07901085913181305, 0.08369619399309158, 0.08838152885437012, 0.09306686371564865, 0.09775219857692719, 0.10243752598762512, 0.10712286084890366, 0.11180819571018219, 0.11649353057146072, 0.12117886543273926, 0.1258641928434372, 0.13054953515529633, 0.13523486256599426, 0.1399202048778534, 0.14460553228855133, 0.14929085969924927, 0.1539762020111084]}, "gradients/graph_19spatial.0.weight": {"_type": "histogram",