{"batch loss": 0.5649206042289734, "_timestamp": 1651869616, "_runtime": 902, "_step": 689, "epoch": 29, "train/train_loss": 0.5397402170029554, "train/train_acc": 0.7679456581604553, "train/train_f1": 0.7624913684474204, "val/val_loss": 1.3541076183319092, "val/vaL_acc": 0.4810776138550353, "val/val_f1": 0.4806003670636309, "gradients/graph_37fc2.bias": {"_type": "histogram", "values": [1.0, 0.0, 0.0, 0.0, 0.0, 0.0, 0.0, 0.0, 0.0, 0.0, 0.0, 0.0, 0.0, 0.0, 0.0, 0.0, 0.0, 0.0, 0.0, 0.0, 0.0, 0.0, 0.0, 0.0, 0.0, 0.0, 0.0, 0.0, 0.0, 0.0, 0.0, 0.0, 0.0, 0.0, 0.0, 0.0, 0.0, 0.0, 0.0, 0.0, 0.0, 0.0, 0.0, 0.0, 0.0, 0.0, 0.0, 0.0, 0.0, 0.0, 0.0, 1.0, 0.0, 0.0, 0.0, 0.0, 0.0, 0.0, 0.0, 0.0, 0.0, 0.0, 0.0, 1.0], "bins": [-0.013794823549687862, -0.013436350040137768, -0.013077876530587673, -0.012719403021037579, -0.01236092858016491, -0.012002455070614815, -0.01164398156106472, -0.011285508051514626, -0.010927034541964531, -0.010568561032414436, -0.010210087522864342, -0.009851614013314247, -0.009493140503764153, -0.009134666062891483, -0.008776192553341389, -0.008417719043791294, -0.0080592455342412, -0.007700772024691105, -0.00734229851514101, -0.006983824539929628, -0.006625351030379534, -0.006266877520829439, -0.005908403545618057, -0.005549930036067963, -0.005191456526517868, -0.0048329830169677734, -0.004474509507417679, -0.004116035532206297, -0.0037575620226562023, -0.0033990885131061077, -0.0030406147707253695, -0.002682141028344631, -0.0023236675187945366, -0.001965194009244442, -0.0016067202668637037, -0.0012482466408982873, -0.0008897730149328709, -0.0005312993889674544, -0.000172825763002038, 0.00018564797937870026, 0.0005441214889287949, 0.0009025951148942113, 0.0012610687408596277, 0.0016195423668250442, 0.0019780159927904606, 0.002336489502340555, 0.0026949632447212934, 0.0030534369871020317, 0.0034119104966521263, 0.003770384006202221, 0.0041288575157523155, 0.004487331490963697, 0.004845805000513792, 0.005204278510063887, 0.0055627524852752686, 0.005921225994825363, 0.006279699504375458, 0.006638173013925552, 0.006996646523475647, 0.007355120498687029, 0.0077135940082371235, 0.008072067983448505, 0.0084305414929986, 0.008789015002548695, 0.00914748851209879]}, "gradients/graph_37fc2.weight": {"_type": "histogram", "values": [1.0, 0.0, 0.0, 0.0, 0.0, 0.0, 2.0, 3.0, 0.0, 2.0, 6.0, 8.0, 10.0, 12.0, 14.0, 8.0, 21.0, 25.0, 26.0, 40.0, 32.0, 37.0, 41.0, 56.0, 40.0, 54.0, 74.0, 63.0, 76.0, 85.0, 74.0, 66.0, 79.0, 77.0, 73.0, 74.0, 82.0, 67.0, 63.0, 48.0, 60.0, 47.0, 46.0, 46.0, 28.0, 28.0, 21.0, 21.0, 14.0, 12.0, 6.0, 5.0, 7.0, 2.0, 3.0, 4.0, 1.0, 4.0, 3.0, 1.0, 0.0, 0.0, 1.0, 1.0], "bins": [-0.03417453542351723, -0.033111922442913055, -0.032049305737018585, -0.030986690893769264, -0.029924076050519943, -0.028861461207270622, -0.0277988463640213, -0.02673623152077198, -0.02567361667752266, -0.02461100183427334, -0.023548386991024017, -0.022485772147774696, -0.021423157304525375, -0.020360542461276054, -0.019297927618026733, -0.018235312774777412, -0.01717269793152809, -0.01611008308827877, -0.01504746824502945, -0.013984853401780128, -0.012922238558530807, -0.011859623715281487, -0.010797008872032166, -0.009734394028782845, -0.008671779185533524, -0.007609164342284203, -0.006546549499034882, -0.005483934655785561, -0.00442131981253624, -0.0033587049692869186, -0.0022960901260375977, -0.0012334752827882767, -0.0001708604395389557, 0.0008917544037103653, 0.0019543692469596863, 0.0030169840902090073, 0.004079598933458328, 0.005142213776707649, 0.00620482861995697, 0.007267443463206291, 0.008330058306455612, 0.009392673149704933, 0.010455287992954254, 0.011517902836203575, 0.012580517679452896, 0.013643132522702217, 0.014705747365951538, 0.01576836220920086, 0.01683097705245018, 0.0178935918956995, 0.018956206738948822, 0.020018821582198143, 0.021081436425447464, 0.022144051268696785, 0.023206666111946106, 0.024269280955195427, 0.025331895798444748, 0.02639451064169407, 0.02745712548494339, 0.02851974032819271, 0.029582355171442032, 0.030644970014691353, 0.031707584857940674, 0.032770201563835144, 0.033832814544439316]}, "gradients/graph_37spatial.1.weight": {"_type": "histogram", "values": [1.0, 0.0, 0.0, 0.0, 0.0, 1.0, 0.0, 0.0, 0.0, 0.0, 0.0, 0.0, 1.0, 1.0, 1.0, 0.0, 0.0, 1.0, 0.0, 0.0, 0.0, 0.0, 0.0, 1.0, 1.0, 0.0, 0.0, 0.0, 0.0, 1.0, 0.0, 0.0, 0.0, 0.0, 0.0, 1.0, 0.0, 0.0, 1.0, 1.0, 2.0, 0.0, 0.0, 1.0, 0.0, 0.0, 0.0, 0.0, 0.0, 1.0, 0.0, 0.0, 0.0, 0.0, 1.0, 1.0, 0.0, 0.0, 0.0, 0.0, 0.0, 1.0, 0.0, 1.0], "bins": [-0.03902995213866234, -0.03793792426586151, -0.036845896393060684, -0.03575386852025986, -0.03466184064745903, -0.0335698127746582, -0.032477784901857376, -0.03138575702905655, -0.030293729156255722, -0.029201701283454895, -0.028109673410654068, -0.02701764553785324, -0.025925617665052414, -0.024833589792251587, -0.02374156191945076, -0.022649534046649933, -0.021557508036494255, -0.020465480163693428, -0.0193734522908926, -0.018281424418091774, -0.017189396545290947, -0.01609736867249012, -0.015005341731011868, -0.01391331385821104, -0.012821286916732788, -0.011729259043931961, -0.010637231171131134, -0.009545203298330307, -0.00845317542552948, -0.00736114801838994, -0.0062691206112504005, -0.0051770927384495735, -0.004085063934326172, -0.002993036061525345, -0.0019010084215551615, -0.0008089807815849781, 0.0002830470912158489, 0.001375074964016676, 0.0024671023711562157, 0.0035591302439570427, 0.004651159048080444, 0.005743186920881271, 0.006835214793682098, 0.007927242666482925, 0.009019270539283752, 0.01011129841208458, 0.011203325353562832, 0.012295353226363659, 0.013387380167841911, 0.014479408040642738, 0.015571435913443565, 0.016663463786244392, 0.01775549165904522, 0.018847519531846046, 0.019939545542001724, 0.02103157341480255, 0.02212360128760338, 0.023215629160404205, 0.024307657033205032, 0.02539968490600586, 0.026491712778806686, 0.027583740651607513, 0.02867576852440834, 0.029767796397209167, 0.030859824270009995]}, "gradients/graph_37spatial.1.bias": {"_type": "histogram", "values": [1.0, 0.0, 0.0, 1.0, 0.0, 1.0, 1.0, 0.0, 1.0, 1.0, 0.0, 0.0, 0.0, 0.0, 0.0, 1.0, 0.0, 1.0, 0.0, 1.0, 0.0, 0.0, 0.0, 0.0, 0.0, 1.0, 0.0, 2.0, 0.0, 0.0, 0.0, 0.0, 0.0, 0.0, 0.0, 1.0, 0.0, 0.0, 0.0, 0.0, 0.0, 1.0, 0.0, 1.0, 0.0, 1.0, 0.0, 0.0, 0.0, 0.0, 0.0, 0.0, 0.0, 1.0, 0.0, 0.0, 0.0, 0.0, 1.0, 1.0, 0.0, 0.0, 0.0, 1.0], "bins": [-0.0381600558757782, -0.03653910756111145, -0.034918155521154404, -0.033297207206487656, -0.03167625889182091, -0.03005530871450901, -0.028434358537197113, -0.026813410222530365, -0.025192460045218468, -0.02357150986790657, -0.021950561553239822, -0.020329611375927925, -0.018708661198616028, -0.01708771288394928, -0.015466762706637383, -0.01384581346064806, -0.012224864214658737, -0.010603914968669415, -0.008982965722680092, -0.007362015545368195, -0.005741066299378872, -0.004120117053389549, -0.002499166876077652, -0.0008782176300883293, 0.0007427334785461426, 0.002363682957366109, 0.003984632436186075, 0.005605582147836685, 0.007226531393826008, 0.00884748063981533, 0.010468430817127228, 0.01208938006311655, 0.013710327446460724, 0.015331276692450047, 0.01695222593843937, 0.018573176115751266, 0.020194124430418015, 0.021815074607729912, 0.02343602478504181, 0.025056973099708557, 0.026677921414375305, 0.028298871591687202, 0.02991981990635395, 0.03154077008366585, 0.033161718398332596, 0.03478267043828964, 0.03640361875295639, 0.03802456706762314, 0.039645519107580185, 0.04126646742224693, 0.04288741946220398, 0.04450836777687073, 0.046129316091537476, 0.047750264406204224, 0.04937121644616127, 0.05099216476082802, 0.052613116800785065, 0.05423406511545181, 0.05585501715540886, 0.05747596547007561, 0.059096913784742355, 0.0607178658246994, 0.06233881413936615, 0.0639597624540329, 0.06558071076869965]}, "gradients/graph_37spatial.0.weight": {"_type": "histogram",