{"batch loss": 0.43849897384643555, "_timestamp": 1651807340, "_runtime": 1523, "_step": 649, "epoch": 24, "train/train_loss": 0.5370384788513184, "train/train_acc": 0.78125, "train/train_f1": 0.7815088530535814, "val/val_loss": 1.0875517129898071, "val/vaL_acc": 0.5754985754985755, "val/val_f1": 0.5771775926792877, "gradients/graph_49fc2.bias": {"_type": "histogram", "values": [1.0, 0.0, 0.0, 0.0, 0.0, 0.0, 0.0, 0.0, 0.0, 0.0, 0.0, 0.0, 0.0, 0.0, 0.0, 0.0, 0.0, 0.0, 0.0, 0.0, 0.0, 0.0, 0.0, 0.0, 0.0, 0.0, 0.0, 0.0, 0.0, 0.0, 0.0, 0.0, 0.0, 0.0, 0.0, 0.0, 0.0, 0.0, 0.0, 0.0, 0.0, 0.0, 0.0, 0.0, 0.0, 1.0, 0.0, 0.0, 0.0, 0.0, 0.0, 0.0, 0.0, 0.0, 0.0, 0.0, 0.0, 0.0, 0.0, 0.0, 0.0, 0.0, 0.0, 1.0], "bins": [-0.030952168628573418, -0.030107004567980766, -0.029261842370033264, -0.028416678309440613, -0.02757151424884796, -0.02672635018825531, -0.025881187990307808, -0.025036023929715157, -0.024190861731767654, -0.023345697671175003, -0.0225005354732275, -0.02165537141263485, -0.020810207352042198, -0.019965045154094696, -0.019119881093502045, -0.018274717032909393, -0.017429552972316742, -0.01658438891172409, -0.01573922671377659, -0.014894062653183937, -0.014048898592591286, -0.013203735463321209, -0.012358572334051132, -0.01151340827345848, -0.010668246075510979, -0.009823082946240902, -0.00897791888564825, -0.008132755756378174, -0.00728759216144681, -0.006442428566515446, -0.005597265437245369, -0.004752101842314005, -0.0039069391787052155, -0.0030617755837738514, -0.002216612221673131, -0.0013714488595724106, -0.0005262852646410465, 0.00031887833029031754, 0.0011640414595603943, 0.0020092050544917583, 0.002854369580745697, 0.003699533175677061, 0.004544696770608425, 0.005389859899878502, 0.006235023494809866, 0.00708018708974123, 0.007925350219011307, 0.008770514279603958, 0.00961567647755146, 0.010460839606821537, 0.011306003667414188, 0.012151166796684265, 0.012996330857276917, 0.013841493986546993, 0.01468665711581707, 0.015531821176409721, 0.016376983374357224, 0.017222147434949875, 0.018067309632897377, 0.01891247369349003, 0.01975763775408268, 0.020602799952030182, 0.021447964012622833, 0.022293128073215485, 0.023138292133808136]}, "gradients/graph_49fc2.weight": {"_type": "histogram", "values": [2.0, 0.0, 1.0, 0.0, 1.0, 3.0, 7.0, 6.0, 2.0, 6.0, 6.0, 12.0, 15.0, 18.0, 19.0, 29.0, 36.0, 38.0, 43.0, 54.0, 59.0, 69.0, 77.0, 91.0, 86.0, 106.0, 97.0, 111.0, 130.0, 106.0, 115.0, 98.0, 96.0, 77.0, 105.0, 89.0, 66.0, 49.0, 46.0, 46.0, 25.0, 33.0, 13.0, 20.0, 13.0, 8.0, 13.0, 2.0, 3.0, 6.0, 1.0, 1.0, 2.0, 2.0, 0.0, 0.0, 0.0, 0.0, 0.0, 0.0, 0.0, 0.0, 0.0, 1.0], "bins": [-0.028932422399520874, -0.027918975800275803, -0.026905527338385582, -0.02589207887649536, -0.02487863227725029, -0.02386518567800522, -0.022851737216114998, -0.021838288754224777, -0.020824842154979706, -0.019811395555734634, -0.018797947093844414, -0.017784498631954193, -0.01677105203270912, -0.01575760543346405, -0.01474415697157383, -0.013730709441006184, -0.012717261910438538, -0.011703814379870892, -0.010690366849303246, -0.0096769193187356, -0.008663471788167953, -0.0076500242576003075, -0.0066365767270326614, -0.005623129196465015, -0.004609681665897369, -0.0035962341353297234, -0.0025827866047620773, -0.0015693390741944313, -0.0005558915436267853, 0.00045755598694086075, 0.0014710035175085068, 0.002484451048076153, 0.0034979023039340973, 0.004511349834501743, 0.005524797365069389, 0.006538244895637035, 0.007551692426204681, 0.008565139956772327, 0.009578587487339973, 0.01059203501790762, 0.011605482548475266, 0.012618930079042912, 0.013632377609610558, 0.014645825140178204, 0.01565927267074585, 0.01667271926999092, 0.01768616773188114, 0.018699616193771362, 0.019713062793016434, 0.020726509392261505, 0.021739957854151726, 0.022753406316041946, 0.023766852915287018, 0.02478029951453209, 0.02579374797642231, 0.02680719643831253, 0.027820643037557602, 0.028834089636802673, 0.029847538098692894, 0.030860986560583115, 0.031874433159828186, 0.03288787975907326, 0.03390132635831833, 0.0349147766828537, 0.03592822328209877]}, "gradients/graph_49spatial.1.weight": {"_type": "histogram", "values": [1.0, 0.0, 0.0, 0.0, 0.0, 0.0, 1.0, 0.0, 0.0, 0.0, 0.0, 0.0, 0.0, 2.0, 0.0, 1.0, 0.0, 0.0, 0.0, 0.0, 2.0, 0.0, 0.0, 0.0, 0.0, 1.0, 0.0, 1.0, 0.0, 1.0, 1.0, 2.0, 0.0, 2.0, 0.0, 1.0, 3.0, 2.0, 1.0, 0.0, 2.0, 2.0, 1.0, 1.0, 1.0, 0.0, 1.0, 4.0, 0.0, 0.0, 1.0, 0.0, 0.0, 1.0, 0.0, 0.0, 1.0, 0.0, 0.0, 0.0, 1.0, 0.0, 0.0, 2.0], "bins": [-0.03435869142413139, -0.033434949815273285, -0.032511208206415176, -0.03158746659755707, -0.03066372498869896, -0.02973998337984085, -0.028816241770982742, -0.027892500162124634, -0.026968758553266525, -0.026045016944408417, -0.025121275335550308, -0.0241975337266922, -0.02327379211783409, -0.022350050508975983, -0.021426308900117874, -0.020502567291259766, -0.019578827545046806, -0.018655085936188698, -0.01773134432733059, -0.01680760271847248, -0.015883861109614372, -0.014960119500756264, -0.01403637882322073, -0.013112637214362621, -0.012188896536827087, -0.011265154927968979, -0.01034141331911087, -0.009417671710252762, -0.008493930101394653, -0.007570188958197832, -0.006646447815001011, -0.005722706206142902, -0.004798963665962219, -0.0038752220571041107, -0.002951480681076646, -0.002027739305049181, -0.0011039976961910725, -0.00018025608733296394, 0.0007434850558638573, 0.0016672266647219658, 0.002590969204902649, 0.0035147108137607574, 0.004438452422618866, 0.005362193565815687, 0.006285935174673796, 0.007209676783531904, 0.008133417926728725, 0.009057159535586834, 0.009980900213122368, 0.010904641821980476, 0.011828383430838585, 0.012752125039696693, 0.013675866648554802, 0.01459960825741291, 0.015523348934948444, 0.01644708961248398, 0.017370831221342087, 0.018294572830200195, 0.019218314439058304, 0.020142056047916412, 0.02106579765677452, 0.02198953926563263, 0.022913280874490738, 0.023837022483348846, 0.024760764092206955]}, "gradients/graph_49spatial.1.bias": {"_type": "histogram", "values": [1.0, 0.0, 1.0, 1.0, 0.0, 0.0, 1.0, 0.0, 0.0, 0.0, 0.0, 1.0, 0.0, 0.0, 0.0, 0.0, 2.0, 0.0, 1.0, 0.0, 0.0, 1.0, 0.0, 1.0, 0.0, 2.0, 0.0, 1.0, 1.0, 0.0, 0.0, 1.0, 3.0, 2.0, 2.0, 2.0, 0.0, 0.0, 0.0, 1.0, 1.0, 1.0, 1.0, 3.0, 1.0, 0.0, 1.0, 1.0, 0.0, 0.0, 0.0, 3.0, 1.0, 0.0, 0.0, 0.0, 0.0, 0.0, 0.0, 1.0, 0.0, 0.0, 0.0, 1.0], "bins": [-0.09278611838817596, -0.08991696685552597, -0.08704780787229538, -0.08417865633964539, -0.08130950480699539, -0.0784403458237648, -0.07557119429111481, -0.07270203530788422, -0.06983288377523422, -0.06696373224258423, -0.06409457325935364, -0.061225421726703644, -0.05835626646876335, -0.05548711121082306, -0.052617959678173065, -0.04974880442023277, -0.04687965288758278, -0.04401049762964249, -0.04114134609699249, -0.0382721908390522, -0.03540303558111191, -0.032533884048461914, -0.02966472879052162, -0.02679557353258133, -0.023926421999931335, -0.021057268604636192, -0.0181881133466959, -0.015318959951400757, -0.012449805624783039, -0.009580651298165321, -0.006711497902870178, -0.003842342644929886, -0.0009731873869895935, 0.0018959667067974806, 0.004765120800584555, 0.007634274661540985, 0.010503428988158703, 0.01337258331477642, 0.016241736710071564, 0.019110891968011856, 0.02198004722595215, 0.02484920062124729, 0.027718355879187584, 0.030587509274482727, 0.03345666453242302, 0.03632581979036331, 0.039194971323013306, 0.0420641265809536, 0.04493327811360359, 0.047802433371543884, 0.05067158490419388, 0.05354074016213417, 0.05640989542007446, 0.05927904695272446, 0.06214820221066475, 0.06501735746860504, 0.06788650900125504, 0.07075566053390503, 0.07362481951713562, 0.07649397104978561, 0.07936312258243561, 0.0822322815656662, 0.08510143309831619, 0.08797058463096619, 0.09083974361419678]}, "gradients/graph_49spatial.0.weight": {"_type": "histogram",