{"batch loss": 0.6354256868362427, "_timestamp": 1651866471, "_runtime": 746, "_step": 689, "epoch": 29, "train/train_loss": 0.6191131662238728, "train/train_acc": 0.757848356893703, "train/train_f1": 0.7535385275659039, "val/val_loss": 1.1397747993469238, "val/vaL_acc": 0.4913406029506094, "val/val_f1": 0.49077122276689356, "gradients/graph_32fc2.bias": {"_type": "histogram", "values": [1.0, 0.0, 0.0, 0.0, 0.0, 0.0, 0.0, 0.0, 0.0, 0.0, 0.0, 0.0, 0.0, 0.0, 0.0, 0.0, 0.0, 0.0, 0.0, 0.0, 0.0, 0.0, 1.0, 0.0, 0.0, 0.0, 0.0, 0.0, 0.0, 0.0, 0.0, 0.0, 0.0, 0.0, 0.0, 0.0, 0.0, 0.0, 0.0, 0.0, 0.0, 0.0, 0.0, 0.0, 0.0, 0.0, 0.0, 0.0, 0.0, 0.0, 0.0, 0.0, 0.0, 0.0, 0.0, 0.0, 0.0, 0.0, 0.0, 0.0, 0.0, 0.0, 0.0, 1.0], "bins": [-0.05314251780509949, -0.051308732479810715, -0.04947494715452194, -0.04764116182923317, -0.0458073765039444, -0.04397359490394592, -0.04213980957865715, -0.04030602425336838, -0.038472238928079605, -0.03663845360279083, -0.03480466827750206, -0.03297088295221329, -0.031137099489569664, -0.02930331416428089, -0.027469530701637268, -0.025635745376348495, -0.023801960051059723, -0.02196817472577095, -0.020134389400482178, -0.018300605937838554, -0.016466820612549782, -0.01463303528726101, -0.012799250893294811, -0.010965466499328613, -0.00913168117403984, -0.007297896314412355, -0.00546411145478487, -0.003630326595157385, -0.0017965417355298996, 3.7243589758872986e-05, 0.001871027983725071, 0.003704812377691269, 0.0055385977029800415, 0.007372382562607527, 0.009206167422235012, 0.01103995181620121, 0.012873737141489983, 0.014707522466778755, 0.01654130592942238, 0.01837509125471115, 0.020208876579999924, 0.022042661905288696, 0.02387644723057747, 0.025710230693221092, 0.027544016018509865, 0.029377801343798637, 0.03121158480644226, 0.03304537013173103, 0.034879155457019806, 0.03671294078230858, 0.03854672610759735, 0.040380511432886124, 0.042214296758174896, 0.04404807835817337, 0.04588186368346214, 0.047715649008750916, 0.04954943433403969, 0.05138321965932846, 0.05321700498461723, 0.055050790309906006, 0.05688457190990448, 0.05871836096048355, 0.060552142560482025, 0.0623859278857708, 0.06421971321105957]}, "gradients/graph_32fc2.weight": {"_type": "histogram", "values": [1.0, 1.0, 1.0, 1.0, 1.0, 0.0, 2.0, 2.0, 2.0, 0.0, 6.0, 10.0, 8.0, 5.0, 14.0, 14.0, 22.0, 35.0, 36.0, 41.0, 52.0, 57.0, 53.0, 59.0, 57.0, 52.0, 55.0, 59.0, 61.0, 62.0, 64.0, 60.0, 44.0, 37.0, 54.0, 36.0, 28.0, 32.0, 32.0, 37.0, 28.0, 35.0, 25.0, 38.0, 35.0, 36.0, 48.0, 58.0, 40.0, 40.0, 43.0, 44.0, 22.0, 30.0, 23.0, 14.0, 14.0, 14.0, 8.0, 5.0, 3.0, 2.0, 0.0, 2.0], "bins": [-0.06012479215860367, -0.05836436152458191, -0.05660393089056015, -0.05484350025653839, -0.053083065897226334, -0.051322635263204575, -0.049562204629182816, -0.047801773995161057, -0.046041339635849, -0.04428090900182724, -0.04252047836780548, -0.04076004773378372, -0.038999613374471664, -0.037239182740449905, -0.035478752106428146, -0.03371832147240639, -0.03195789083838463, -0.03019746020436287, -0.02843702770769596, -0.026676597073674202, -0.024916164577007294, -0.023155733942985535, -0.021395303308963776, -0.019634872674942017, -0.017874442040920258, -0.0161140114068985, -0.01435357891023159, -0.012593148276209831, -0.010832716710865498, -0.009072285145521164, -0.007311854511499405, -0.005551422946155071, -0.00379098579287529, -0.0020305544603616, -0.00027012312784790993, 0.0014903079718351364, 0.00325073953717947, 0.005011171102523804, 0.006771601736545563, 0.008532033301889896, 0.01029246672987938, 0.012052898295223713, 0.013813329860568047, 0.015573760494589806, 0.017334192991256714, 0.019094623625278473, 0.020855054259300232, 0.02261548489332199, 0.02437591552734375, 0.02613634616136551, 0.027896778658032417, 0.029657209292054176, 0.031417641788721085, 0.033178072422742844, 0.0349385030567646, 0.03669893369078636, 0.03845936805009842, 0.04021979868412018, 0.04198022931814194, 0.043740659952163696, 0.045501094311475754, 0.04726152494549751, 0.04902195557951927, 0.05078238621354103, 0.05254281684756279]}, "gradients/graph_32spatial.1.weight": {"_type": "histogram", "values": [1.0, 0.0, 0.0, 1.0, 0.0, 0.0, 1.0, 0.0, 2.0, 0.0, 1.0, 0.0, 1.0, 0.0, 0.0, 1.0, 0.0, 0.0, 0.0, 0.0, 0.0, 0.0, 1.0, 0.0, 0.0, 2.0, 0.0, 0.0, 0.0, 0.0, 0.0, 0.0, 0.0, 0.0, 0.0, 1.0, 0.0, 1.0, 2.0, 1.0, 0.0, 0.0, 0.0, 0.0, 0.0, 0.0, 0.0, 0.0, 0.0, 0.0, 0.0, 1.0, 0.0, 0.0, 0.0, 0.0, 0.0, 0.0, 0.0, 1.0, 0.0, 0.0, 1.0, 1.0], "bins": [-0.06655468791723251, -0.06433720141649246, -0.06211971864104271, -0.05990223214030266, -0.057684749364852905, -0.055467262864112854, -0.0532497763633728, -0.05103228986263275, -0.048814807087183, -0.04659732058644295, -0.044379837810993195, -0.04216235131025314, -0.03994486480951309, -0.03772738203406334, -0.03550989553332329, -0.033292412757873535, -0.031074926257133484, -0.028857441619038582, -0.02663995698094368, -0.02442247048020363, -0.022204985842108727, -0.019987501204013824, -0.017770014703273773, -0.015552530065178871, -0.013335045427083969, -0.011117560788989067, -0.00890007521957159, -0.006682590115815401, -0.004465105012059212, -0.0022476203739643097, -3.013480454683304e-05, 0.0021873507648706436, 0.004404842853546143, 0.006622327957302332, 0.008839813061058521, 0.011057298630475998, 0.0132747832685709, 0.015492267906665802, 0.017709754407405853, 0.019927239045500755, 0.022144723683595657, 0.02436220832169056, 0.02657969295978546, 0.028797179460525513, 0.031014664098620415, 0.03323214873671532, 0.03544963523745537, 0.03766711801290512, 0.03988460451364517, 0.04210209101438522, 0.044319573789834976, 0.04653706029057503, 0.04875454306602478, 0.05097202956676483, 0.05318951606750488, 0.055407002568244934, 0.05762448534369469, 0.05984197184443474, 0.06205945461988449, 0.06427694112062454, 0.0664944276213646, 0.06871190667152405, 0.0709293931722641, 0.07314687967300415, 0.0753643661737442]}, "gradients/graph_32spatial.1.bias": {"_type": "histogram", "values": [2.0, 0.0, 0.0, 0.0, 0.0, 1.0, 0.0, 0.0, 0.0, 0.0, 1.0, 1.0, 1.0, 0.0, 1.0, 0.0, 1.0, 0.0, 0.0, 0.0, 0.0, 0.0, 1.0, 0.0, 1.0, 0.0, 0.0, 1.0, 0.0, 0.0, 1.0, 0.0, 0.0, 0.0, 3.0, 1.0, 0.0, 0.0, 0.0, 0.0, 0.0, 0.0, 0.0, 0.0, 0.0, 0.0, 0.0, 0.0, 0.0, 1.0, 0.0, 0.0, 0.0, 0.0, 0.0, 0.0, 0.0, 0.0, 0.0, 1.0, 0.0, 1.0, 0.0, 1.0], "bins": [-0.09666921943426132, -0.09302718192338943, -0.08938515186309814, -0.08574311435222626, -0.08210107684135437, -0.07845904678106308, -0.07481700927019119, -0.0711749792098999, -0.06753294169902802, -0.06389090418815613, -0.06024887412786484, -0.05660683661699295, -0.05296480283141136, -0.04932276904582977, -0.045680731534957886, -0.0420386977493763, -0.03839666396379471, -0.03475463017821312, -0.03111259452998638, -0.027470558881759644, -0.023828525096178055, -0.020186491310596466, -0.016544455662369728, -0.01290242001414299, -0.009260386228561401, -0.005618351511657238, -0.0019763167947530746, 0.0016657179221510887, 0.005307752639055252, 0.00894978642463684, 0.012591822072863579, 0.016233857721090317, 0.019875898957252502, 0.02351793274283409, 0.02715996839106083, 0.030802004039287567, 0.034444037824869156, 0.038086071610450745, 0.04172810912132263, 0.04537014290690422, 0.04901217669248581, 0.0526542104780674, 0.05629624426364899, 0.059938281774520874, 0.06358031928539276, 0.06722234934568405, 0.07086438685655594, 0.07450641691684723, 0.07814845442771912, 0.081790491938591, 0.0854325219988823, 0.08907455950975418, 0.09271658957004547, 0.09635862708091736, 0.10000066459178925, 0.10364270210266113, 0.10728473216295242, 0.11092676967382431, 0.1145687997341156, 0.11821083724498749, 0.12185287475585938, 0.12549489736557007, 0.12913693487644196, 0.13277897238731384, 0.13642100989818573]}, "gradients/graph_32spatial.0.weight": {"_type": "histogram",