{"batch loss": 0.8051374554634094, "_timestamp": 1651775606, "_runtime": 378, "_step": 649, "epoch": 24, "train/train_loss": 0.7701117873191834, "train/train_acc": 0.6559327411167513, "train/train_f1": 0.65360619531001, "val/val_loss": 0.9257092873255411, "val/vaL_acc": 0.5555555555555556, "val/val_f1": 0.5601196807581493, "gradients/graph_16fc2.bias": {"_type": "histogram", "values": [1.0, 0.0, 0.0, 0.0, 0.0, 0.0, 0.0, 0.0, 0.0, 0.0, 0.0, 0.0, 0.0, 0.0, 0.0, 0.0, 0.0, 0.0, 0.0, 0.0, 0.0, 0.0, 0.0, 0.0, 0.0, 0.0, 0.0, 0.0, 0.0, 0.0, 0.0, 0.0, 0.0, 0.0, 1.0, 0.0, 0.0, 0.0, 0.0, 0.0, 0.0, 0.0, 0.0, 0.0, 0.0, 0.0, 0.0, 0.0, 0.0, 0.0, 0.0, 0.0, 0.0, 0.0, 0.0, 0.0, 0.0, 0.0, 0.0, 0.0, 0.0, 0.0, 0.0, 1.0], "bins": [-0.06288443505764008, -0.0609607994556427, -0.059037160128355026, -0.05711352452635765, -0.05518988519906998, -0.0532662495970726, -0.051342613995075226, -0.04941897466778755, -0.04749533534049988, -0.0455716997385025, -0.04364806041121483, -0.04172442480921745, -0.03980078548192978, -0.037877149879932404, -0.03595351427793503, -0.034029874950647354, -0.03210623934864998, -0.030182601884007454, -0.02825896441936493, -0.026335328817367554, -0.02441168949007988, -0.022488053888082504, -0.02056441642343998, -0.018640778958797455, -0.01671714335680008, -0.014793505892157555, -0.01286986842751503, -0.01094623189419508, -0.009022594429552555, -0.00709895696491003, -0.00517532043159008, -0.0032516829669475555, -0.0013280436396598816, 0.0005955935921519995, 0.0025192308239638805, 0.004442867822945118, 0.006366505287587643, 0.008290142752230167, 0.010213779285550117, 0.012137416750192642, 0.014061056077480316, 0.01598469354212284, 0.017908331006765366, 0.01983196660876274, 0.021755605936050415, 0.02367924153804779, 0.025602879002690315, 0.02752651646733284, 0.029450152069330215, 0.03137378767132759, 0.033297426998615265, 0.03522106260061264, 0.037144701927900314, 0.03906833752989769, 0.040991976857185364, 0.04291561245918274, 0.044839248061180115, 0.04676288366317749, 0.048686522990465164, 0.05061015859246254, 0.052533797919750214, 0.05445743352174759, 0.056381069123744965, 0.05830470845103264, 0.06022834777832031]}, "gradients/graph_16fc2.weight": {"_type": "histogram", "values": [4.0, 0.0, 1.0, 4.0, 0.0, 4.0, 8.0, 2.0, 6.0, 5.0, 6.0, 9.0, 15.0, 11.0, 11.0, 11.0, 14.0, 23.0, 13.0, 14.0, 4.0, 11.0, 3.0, 7.0, 11.0, 10.0, 8.0, 7.0, 5.0, 19.0, 10.0, 14.0, 22.0, 13.0, 14.0, 12.0, 13.0, 12.0, 11.0, 5.0, 13.0, 11.0, 15.0, 13.0, 13.0, 12.0, 15.0, 15.0, 8.0, 13.0, 7.0, 11.0, 13.0, 7.0, 8.0, 9.0, 4.0, 3.0, 3.0, 2.0, 1.0, 0.0, 0.0, 2.0], "bins": [-0.03511463850736618, -0.0340191125869751, -0.032923586666584015, -0.03182806074619293, -0.0307325329631567, -0.029637005180120468, -0.028541479259729385, -0.027445953339338303, -0.02635042741894722, -0.025254901498556137, -0.024159373715519905, -0.023063847795128822, -0.02196832187473774, -0.020872794091701508, -0.019777268171310425, -0.018681742250919342, -0.01758621446788311, -0.016490688547492027, -0.01539516169577837, -0.014299634844064713, -0.01320410892367363, -0.012108582071959972, -0.011013055220246315, -0.009917529299855232, -0.008822001516819, -0.00772647513076663, -0.00663094874471426, -0.005535421893000603, -0.004439895506948233, -0.0033443691208958626, -0.002248842269182205, -0.0011533158831298351, -5.779042840003967e-05, 0.0010377360740676522, 0.002133262576535344, 0.003228789195418358, 0.004324315581470728, 0.005419841967523098, 0.006515368819236755, 0.0076108952052891254, 0.008706420660018921, 0.009801947511732578, 0.010897473432123661, 0.011993000283837318, 0.013088526204228401, 0.014184053055942059, 0.015279579907655716, 0.0163751058280468, 0.01747063361108303, 0.018566159531474113, 0.019661687314510345, 0.020757213234901428, 0.02185273915529251, 0.022948265075683594, 0.024043792858719826, 0.02513931877911091, 0.02623484656214714, 0.027330372482538223, 0.028425900265574455, 0.029521426185965538, 0.03061695210635662, 0.03171247988939285, 0.032808005809783936, 0.03390353173017502, 0.0349990576505661]}, "gradients/graph_16spatial.1.weight": {"_type": "histogram", "values": [1.0, 0.0, 0.0, 0.0, 0.0, 0.0, 0.0, 0.0, 1.0, 0.0, 0.0, 0.0, 0.0, 0.0, 0.0, 0.0, 0.0, 0.0, 0.0, 0.0, 0.0, 0.0, 0.0, 0.0, 0.0, 0.0, 0.0, 0.0, 0.0, 0.0, 0.0, 1.0, 0.0, 0.0, 0.0, 0.0, 0.0, 0.0, 0.0, 1.0, 0.0, 0.0, 0.0, 0.0, 0.0, 0.0, 0.0, 1.0, 0.0, 0.0, 1.0, 0.0, 0.0, 0.0, 0.0, 0.0, 0.0, 0.0, 0.0, 0.0, 0.0, 1.0, 2.0, 1.0], "bins": [-0.29682010412216187, -0.2898021340370178, -0.28278419375419617, -0.2757662236690521, -0.26874828338623047, -0.2617303133010864, -0.25471237301826477, -0.24769441783428192, -0.24067646265029907, -0.23365850746631622, -0.22664055228233337, -0.21962259709835052, -0.21260464191436768, -0.20558668673038483, -0.19856873154640198, -0.19155077636241913, -0.18453282117843628, -0.17751486599445343, -0.17049691081047058, -0.16347895562648773, -0.15646100044250488, -0.14944304525852203, -0.14242509007453918, -0.13540713489055634, -0.1283891648054123, -0.12137120962142944, -0.1143532544374466, -0.10733529925346375, -0.1003173440694809, -0.09329938888549805, -0.0862814337015152, -0.07926347851753235, -0.0722455233335495, -0.06522756814956665, -0.0582096129655838, -0.05119165778160095, -0.0441737025976181, -0.037155743688344955, -0.030137788504362106, -0.023119833320379257, -0.016101881861686707, -0.009083926677703857, -0.0020659705623984337, 0.00495198555290699, 0.01196994073688984, 0.018987897783517838, 0.026005852967500687, 0.033023808151483536, 0.04004176706075668, 0.04705972224473953, 0.05407767742872238, 0.06109563261270523, 0.06811358779668808, 0.07513155043125153, 0.08214950561523438, 0.08916746079921722, 0.09618541598320007, 0.10320337116718292, 0.11022132635116577, 0.11723928153514862, 0.12425723671913147, 0.13127519190311432, 0.13829314708709717, 0.14531110227108002, 0.15232905745506287]}, "gradients/graph_16spatial.1.bias": {"_type": "histogram", "values": [1.0, 0.0, 1.0, 0.0, 0.0, 0.0, 0.0, 0.0, 0.0, 0.0, 0.0, 0.0, 0.0, 0.0, 0.0, 0.0, 0.0, 0.0, 0.0, 0.0, 0.0, 0.0, 0.0, 0.0, 0.0, 1.0, 0.0, 0.0, 0.0, 0.0, 0.0, 0.0, 0.0, 1.0, 0.0, 0.0, 0.0, 0.0, 0.0, 0.0, 0.0, 0.0, 0.0, 0.0, 0.0, 1.0, 0.0, 0.0, 0.0, 0.0, 1.0, 0.0, 0.0, 0.0, 0.0, 0.0, 0.0, 0.0, 0.0, 0.0, 1.0, 0.0, 2.0, 1.0], "bins": [-0.27882716059684753, -0.2716491222381592, -0.2644711136817932, -0.25729307532310486, -0.2501150369644165, -0.24293702840805054, -0.23575899004936218, -0.22858096659183502, -0.22140294313430786, -0.2142249196767807, -0.20704689621925354, -0.19986885786056519, -0.19269083440303802, -0.18551281094551086, -0.1783347725868225, -0.17115674912929535, -0.1639787256717682, -0.15680070221424103, -0.14962267875671387, -0.1424446403980255, -0.13526661694049835, -0.1280885934829712, -0.12091056257486343, -0.11373253166675568, -0.10655450820922852, -0.09937648475170135, -0.0921984538435936, -0.08502042293548584, -0.07784239947795868, -0.07066437602043152, -0.06348634511232376, -0.0563083179295063, -0.04913030564785004, -0.04195227846503258, -0.03477425128221512, -0.02759622409939766, -0.0204181969165802, -0.013240169733762741, -0.006062142550945282, 0.0011158846318721771, 0.008293911814689636, 0.015471938997507095, 0.022649966180324554, 0.029827993363142014, 0.03700602054595947, 0.04418404772877693, 0.05136207491159439, 0.05854010209441185, 0.06571812927722931, 0.07289615273475647, 0.08007418364286423, 0.08725221455097198, 0.09443023800849915, 0.1016082614660263, 0.10878629237413406, 0.11596432328224182, 0.12314234673976898, 0.13032037019729614, 0.1374984085559845, 0.14467643201351166, 0.15185445547103882, 0.15903247892856598, 0.16621050238609314, 0.1733885407447815, 0.18056656420230865]}, "gradients/graph_16spatial.0.weight": {"_type": "histogram",