{"batch loss": 0.7059301137924194, "_timestamp": 1651800960, "_runtime": 703, "_step": 649, "epoch": 24, "train/train_loss": 0.6653877997398376, "train/train_acc": 0.7068527918781726, "train/train_f1": 0.7037525298734352, "val/val_loss": 0.9153408408164978, "val/vaL_acc": 0.584045584045584, "val/val_f1": 0.5806277058411474, "gradients/graph_44fc2.bias": {"_type": "histogram", "values": [1.0, 0.0, 0.0, 0.0, 0.0, 0.0, 0.0, 0.0, 0.0, 0.0, 0.0, 0.0, 0.0, 0.0, 0.0, 0.0, 0.0, 0.0, 0.0, 0.0, 1.0, 0.0, 0.0, 0.0, 0.0, 0.0, 0.0, 0.0, 0.0, 0.0, 0.0, 0.0, 0.0, 0.0, 0.0, 0.0, 0.0, 0.0, 0.0, 0.0, 0.0, 0.0, 0.0, 0.0, 0.0, 0.0, 0.0, 0.0, 0.0, 0.0, 0.0, 0.0, 0.0, 0.0, 0.0, 0.0, 0.0, 0.0, 0.0, 0.0, 0.0, 0.0, 0.0, 1.0], "bins": [-0.005478621460497379, -0.005284812767058611, -0.0050910040736198425, -0.004897195380181074, -0.004703386686742306, -0.004509578458964825, -0.004315769765526056, -0.004121961072087288, -0.0039281523786485195, -0.003734343685209751, -0.0035405349917709827, -0.003346726531162858, -0.0031529178377240896, -0.0029591091442853212, -0.0027653006836771965, -0.002571491990238428, -0.0023776832967996597, -0.0021838746033608913, -0.001990065909922123, -0.0017962574493139982, -0.0016024487558752298, -0.0014086400624364614, -0.0012148314854130149, -0.0010210229083895683, -0.0008272142149507999, -0.0006334055797196925, -0.000439596944488585, -0.0002457883092574775, -5.197967402637005e-05, 0.00014182896120473742, 0.0003356375964358449, 0.0005294461734592915, 0.0007232548668980598, 0.0009170635021291673, 0.0011108721373602748, 0.0013046807143837214, 0.0014984894078224897, 0.0016922981012612581, 0.0018861066782847047, 0.0020799152553081512, 0.0022737239487469196, 0.002467532642185688, 0.0026613413356244564, 0.002855149796232581, 0.0030489584896713495, 0.003242767183110118, 0.0034365756437182426, 0.003630384337157011, 0.0038241930305957794, 0.004018001724034548, 0.004211810417473316, 0.004405619110912085, 0.004599427804350853, 0.004793236032128334, 0.004987044725567102, 0.005180853419005871, 0.005374662112444639, 0.005568470805883408, 0.005762279499322176, 0.005956088192760944, 0.0061498964205384254, 0.006343705113977194, 0.006537513807415962, 0.006731322500854731, 0.006925131194293499]}, "gradients/graph_44fc2.weight": {"_type": "histogram", "values": [1.0, 0.0, 0.0, 0.0, 0.0, 1.0, 0.0, 1.0, 0.0, 0.0, 0.0, 0.0, 3.0, 6.0, 1.0, 1.0, 4.0, 9.0, 10.0, 16.0, 21.0, 28.0, 31.0, 36.0, 31.0, 41.0, 59.0, 70.0, 68.0, 70.0, 80.0, 92.0, 104.0, 107.0, 80.0, 98.0, 105.0, 97.0, 75.0, 69.0, 74.0, 68.0, 52.0, 57.0, 39.0, 32.0, 22.0, 23.0, 23.0, 8.0, 7.0, 8.0, 10.0, 4.0, 4.0, 3.0, 3.0, 3.0, 2.0, 0.0, 1.0, 1.0, 0.0, 1.0], "bins": [-0.036208439618349075, -0.03516025468707085, -0.03411206975579262, -0.03306388482451439, -0.03201569989323616, -0.03096751496195793, -0.029919330030679703, -0.028871145099401474, -0.027822960168123245, -0.026774775236845016, -0.025726590305566788, -0.02467840537428856, -0.02363022044301033, -0.0225820355117321, -0.021533850580453873, -0.020485665649175644, -0.019437480717897415, -0.018389295786619186, -0.017341110855340958, -0.01629292592406273, -0.0152447409927845, -0.014196556061506271, -0.013148371130228043, -0.012100186198949814, -0.011052001267671585, -0.010003816336393356, -0.008955631405115128, -0.007907446473836899, -0.00685926154255867, -0.005811076611280441, -0.0047628916800022125, -0.0037147067487239838, -0.0026665236800909042, -0.0016183387488126755, -0.0005701538175344467, 0.00047803111374378204, 0.0015262160450220108, 0.0025744009763002396, 0.0036225859075784683, 0.004670770838856697, 0.005718955770134926, 0.006767140701413155, 0.007815325632691383, 0.008863510563969612, 0.009911695495247841, 0.01095988042652607, 0.012008065357804298, 0.013056250289082527, 0.014104435220360756, 0.015152620151638985, 0.016200805082917213, 0.017248990014195442, 0.01829717494547367, 0.0193453598767519, 0.02039354480803013, 0.021441729739308357, 0.022489914670586586, 0.023538099601864815, 0.024586284533143044, 0.025634469464421272, 0.0266826543956995, 0.02773083932697773, 0.02877902425825596, 0.029827209189534187, 0.030875394120812416]}, "gradients/graph_44spatial.1.weight": {"_type": "histogram", "values": [1.0, 0.0, 0.0, 0.0, 0.0, 0.0, 0.0, 0.0, 0.0, 0.0, 0.0, 0.0, 0.0, 0.0, 2.0, 0.0, 0.0, 2.0, 1.0, 0.0, 0.0, 0.0, 0.0, 1.0, 1.0, 1.0, 0.0, 0.0, 0.0, 0.0, 0.0, 0.0, 2.0, 0.0, 2.0, 1.0, 0.0, 2.0, 0.0, 0.0, 0.0, 0.0, 0.0, 1.0, 0.0, 0.0, 0.0, 0.0, 0.0, 0.0, 1.0, 0.0, 0.0, 0.0, 0.0, 0.0, 0.0, 0.0, 0.0, 1.0, 0.0, 0.0, 0.0, 1.0], "bins": [-0.04927321523427963, -0.047803569585084915, -0.0463339239358902, -0.04486427828669548, -0.04339463263750076, -0.041924986988306046, -0.04045534133911133, -0.03898569941520691, -0.03751605004072189, -0.036046404391527176, -0.03457675874233246, -0.03310711309313774, -0.031637467443943024, -0.030167821794748306, -0.028698178008198738, -0.02722853235900402, -0.025758888572454453, -0.024289242923259735, -0.022819597274065018, -0.0213499516248703, -0.019880305975675583, -0.018410660326480865, -0.016941016539931297, -0.01547137089073658, -0.014001727104187012, -0.012532081454992294, -0.011062435805797577, -0.009592791087925434, -0.008123145438730717, -0.006653499789535999, -0.0051838550716638565, -0.003714209422469139, -0.002244565635919571, -0.0007749202195554972, 0.0006947251968085766, 0.0021643703803420067, 0.003634016029536724, 0.0051036616787314415, 0.006573306396603584, 0.008042952045798302, 0.009512599557638168, 0.010982245206832886, 0.012451890856027603, 0.013921535573899746, 0.015391181223094463, 0.016860827803611755, 0.018330471590161324, 0.01980011723935604, 0.02126976102590561, 0.022739406675100327, 0.024209052324295044, 0.02567869797348976, 0.02714834362268448, 0.028617989271879196, 0.030087633058428764, 0.03155727684497833, 0.03302692621946335, 0.034496571868658066, 0.03596621751785278, 0.0374358631670475, 0.03890550881624222, 0.040375154465436935, 0.04184480011463165, 0.04331444203853607, 0.04478408768773079]}, "gradients/graph_44spatial.1.bias": {"_type": "histogram", "values": [1.0, 1.0, 0.0, 0.0, 0.0, 0.0, 1.0, 0.0, 0.0, 0.0, 0.0, 1.0, 0.0, 0.0, 1.0, 0.0, 1.0, 1.0, 2.0, 1.0, 1.0, 0.0, 0.0, 1.0, 0.0, 1.0, 0.0, 1.0, 0.0, 0.0, 0.0, 1.0, 0.0, 1.0, 0.0, 0.0, 0.0, 1.0, 0.0, 0.0, 0.0, 0.0, 0.0, 0.0, 0.0, 0.0, 0.0, 0.0, 1.0, 0.0, 0.0, 0.0, 0.0, 0.0, 0.0, 1.0, 0.0, 0.0, 0.0, 0.0, 0.0, 0.0, 0.0, 1.0], "bins": [-0.04857912287116051, -0.04648532718420029, -0.044391531497240067, -0.042297735810279846, -0.040203943848609924, -0.038110144436359406, -0.036016352474689484, -0.03392255678772926, -0.03182876110076904, -0.029734965413808823, -0.027641169726848602, -0.02554737590253353, -0.02345358021557331, -0.02135978452861309, -0.01926599070429802, -0.0171721950173378, -0.015078399330377579, -0.012984603643417358, -0.010890808887779713, -0.008797014132142067, -0.006703218445181847, -0.004609422758221626, -0.0025156280025839806, -0.00042183324694633484, 0.0016719624400138855, 0.0037657576613128185, 0.0058595528826117516, 0.007953347638249397, 0.010047143325209618, 0.012140939012169838, 0.014234733767807484, 0.01632852852344513, 0.018422327935695648, 0.02051612362265587, 0.02260991930961609, 0.02470371313393116, 0.02679750882089138, 0.0288913045078516, 0.030985098332166672, 0.03307889401912689, 0.03517268970608711, 0.03726648539304733, 0.03936028108000755, 0.04145407676696777, 0.043547868728637695, 0.045641668140888214, 0.047735460102558136, 0.049829255789518356, 0.05192305147647858, 0.0540168471634388, 0.05611064285039902, 0.05820443853735924, 0.06029823422431946, 0.06239202618598938, 0.0644858255982399, 0.06657961755990982, 0.06867341697216034, 0.07076720893383026, 0.07286100834608078, 0.0749548003077507, 0.07704859972000122, 0.07914239168167114, 0.08123619109392166, 0.08332998305559158, 0.0854237750172615]}, "gradients/graph_44spatial.0.weight": {"_type": "histogram",