{"batch loss": 0.7829194664955139, "_timestamp": 1651753204, "_runtime": 418, "_step": 1979, "epoch": 19, "train/train_loss": 0.7963612116113001, "train/train_acc": 41.357142857142854, "train/train_f1": 0.6450294180300492, "val/val_loss": 1.3478469206736639, "val/vaL_acc": 23.153846153846153, "val/val_f1": 0.3661509468977637, "gradients/graph_1fc2.bias": {"_type": "histogram", "values": [1.0, 0.0, 0.0, 0.0, 0.0, 0.0, 0.0, 0.0, 0.0, 0.0, 0.0, 0.0, 0.0, 0.0, 0.0, 0.0, 0.0, 0.0, 0.0, 0.0, 0.0, 0.0, 0.0, 0.0, 0.0, 0.0, 0.0, 0.0, 0.0, 0.0, 0.0, 0.0, 1.0, 0.0, 0.0, 0.0, 0.0, 0.0, 0.0, 0.0, 0.0, 0.0, 0.0, 0.0, 0.0, 0.0, 0.0, 0.0, 0.0, 0.0, 0.0, 0.0, 0.0, 0.0, 0.0, 0.0, 0.0, 0.0, 0.0, 0.0, 0.0, 0.0, 0.0, 1.0], "bins": [-0.06310030072927475, -0.06114450842142105, -0.05918871983885765, -0.05723292753100395, -0.05527713894844055, -0.05332134664058685, -0.051365554332733154, -0.049409762024879456, -0.047453973442316055, -0.04549818113446236, -0.043542392551898956, -0.04158660024404526, -0.03963080793619156, -0.03767501935362816, -0.03571922704577446, -0.03376343846321106, -0.03180764615535736, -0.02985185571014881, -0.027896065264940262, -0.025940272957086563, -0.023984482511878014, -0.022028692066669464, -0.020072899758815765, -0.018117109313607216, -0.016161318868398666, -0.014205528423190117, -0.012249737046658993, -0.010293945670127869, -0.00833815522491932, -0.00638236477971077, -0.0044265734031796455, -0.0024707820266485214, -0.000514984130859375, 0.0014408067800104618, 0.0033965976908802986, 0.005352388601750135, 0.007308179512619972, 0.009263969957828522, 0.011219761334359646, 0.01317555271089077, 0.01513134315609932, 0.01708713360130787, 0.01904292404651642, 0.020998716354370117, 0.022954506799578667, 0.024910297244787216, 0.026866089552640915, 0.028821879997849464, 0.030777670443058014, 0.03273346275091171, 0.03468925133347511, 0.03664504364132881, 0.03860083222389221, 0.04055662453174591, 0.04251241683959961, 0.04446820914745331, 0.04642399773001671, 0.04837979003787041, 0.05033557862043381, 0.052291370928287506, 0.054247163236141205, 0.056202951818704605, 0.058158744126558304, 0.060114532709121704, 0.0620703250169754]}, "gradients/graph_1fc2.weight": {"_type": "histogram", "values": [1.0, 0.0, 1.0, 0.0, 0.0, 2.0, 3.0, 0.0, 1.0, 0.0, 2.0, 0.0, 1.0, 3.0, 6.0, 2.0, 10.0, 9.0, 12.0, 8.0, 15.0, 14.0, 20.0, 19.0, 21.0, 28.0, 40.0, 26.0, 39.0, 43.0, 50.0, 43.0, 63.0, 49.0, 45.0, 32.0, 37.0, 43.0, 34.0, 35.0, 28.0, 21.0, 18.0, 7.0, 15.0, 10.0, 11.0, 8.0, 3.0, 3.0, 2.0, 4.0, 4.0, 1.0, 1.0, 0.0, 2.0, 2.0, 1.0, 0.0, 1.0, 0.0, 0.0, 1.0], "bins": [-0.05719386041164398, -0.055428434163331985, -0.05366301164031029, -0.05189758539199829, -0.05013216286897659, -0.0483667366206646, -0.0466013103723526, -0.0448358878493309, -0.043070461601018906, -0.04130503535270691, -0.03953961282968521, -0.037774186581373215, -0.03600876033306122, -0.03424333781003952, -0.032477911561727524, -0.030712487176060677, -0.02894706279039383, -0.027181638404726982, -0.025416214019060135, -0.02365078777074814, -0.02188536338508129, -0.020119938999414444, -0.018354512751102448, -0.0165890883654356, -0.014823663979768753, -0.013058239594101906, -0.011292814277112484, -0.009527388960123062, -0.007761964574456215, -0.005996540188789368, -0.004231114871799946, -0.002465689554810524, -0.0007002651691436768, 0.0010651596821844578, 0.0028305845335125923, 0.004596009384840727, 0.006361434236168861, 0.008126858621835709, 0.00989228393882513, 0.011657709255814552, 0.0134231336414814, 0.015188558027148247, 0.016953982412815094, 0.01871940866112709, 0.020484833046793938, 0.022250257432460785, 0.02401568368077278, 0.02578110806643963, 0.027546532452106476, 0.029311956837773323, 0.03107738122344017, 0.03284280747175217, 0.034608229994773865, 0.03637365624308586, 0.03813908249139786, 0.039904505014419556, 0.04166993126273155, 0.04343535751104355, 0.04520078003406525, 0.04696620628237724, 0.04873163253068924, 0.05049705505371094, 0.052262481302022934, 0.05402790755033493, 0.05579333007335663]}, "gradients/graph_1spatial.1.weight": {"_type": "histogram", "values": [1.0, 0.0, 0.0, 0.0, 0.0, 0.0, 0.0, 0.0, 0.0, 0.0, 0.0, 0.0, 0.0, 0.0, 0.0, 0.0, 0.0, 0.0, 0.0, 0.0, 0.0, 0.0, 0.0, 0.0, 0.0, 1.0, 0.0, 0.0, 0.0, 0.0, 1.0, 0.0, 1.0, 1.0, 0.0, 0.0, 2.0, 0.0, 0.0, 0.0, 0.0, 0.0, 1.0, 1.0, 0.0, 0.0, 0.0, 0.0, 0.0, 0.0, 0.0, 0.0, 0.0, 0.0, 0.0, 0.0, 0.0, 0.0, 0.0, 0.0, 0.0, 0.0, 0.0, 1.0], "bins": [-0.19524800777435303, -0.18945668637752533, -0.18366535007953644, -0.17787402868270874, -0.17208269238471985, -0.16629137098789215, -0.16050004959106445, -0.15470871329307556, -0.14891737699508667, -0.14312605559825897, -0.13733471930027008, -0.13154339790344238, -0.1257520616054535, -0.1199607402086258, -0.1141694113612175, -0.1083780825138092, -0.1025867611169815, -0.09679543226957321, -0.09100410342216492, -0.08521278202533722, -0.07942144572734833, -0.07363012433052063, -0.06783879548311234, -0.06204746663570404, -0.05625614523887634, -0.05046481639146805, -0.04467348754405975, -0.03888216242194176, -0.03309083357453346, -0.027299504727125168, -0.02150817960500717, -0.015716850757598877, -0.00992552936077118, -0.004134201444685459, 0.001657126471400261, 0.007448453456163406, 0.013239782303571701, 0.019031111150979996, 0.024822436273097992, 0.030613765120506287, 0.03640510141849518, 0.04219643026590347, 0.04798775911331177, 0.053779084235429764, 0.05957041308283806, 0.06536173820495605, 0.07115306705236435, 0.07694439589977264, 0.08273571729660034, 0.08852704614400864, 0.09431837499141693, 0.10010969638824463, 0.10590103268623352, 0.11169235408306122, 0.11748368293046951, 0.12327501177787781, 0.1290663480758667, 0.1348576694726944, 0.1406490057706833, 0.146440327167511, 0.15223166346549988, 0.15802298486232758, 0.16381430625915527, 0.16960564255714417, 0.17539696395397186]}, "gradients/graph_1spatial.1.bias": {"_type": "histogram", "values": [1.0, 0.0, 0.0, 0.0, 0.0, 0.0, 0.0, 0.0, 0.0, 0.0, 0.0, 0.0, 0.0, 0.0, 0.0, 0.0, 0.0, 0.0, 0.0, 0.0, 0.0, 0.0, 0.0, 0.0, 0.0, 0.0, 1.0, 0.0, 0.0, 0.0, 1.0, 1.0, 0.0, 1.0, 0.0, 0.0, 0.0, 0.0, 0.0, 1.0, 1.0, 0.0, 0.0, 1.0, 0.0, 0.0, 0.0, 0.0, 0.0, 0.0, 0.0, 1.0, 0.0, 0.0, 0.0, 0.0, 0.0, 0.0, 0.0, 0.0, 0.0, 0.0, 0.0, 1.0], "bins": [-0.4651620090007782, -0.45175066590309143, -0.4383392930030823, -0.4249279499053955, -0.41151660680770874, -0.3981052339076996, -0.3846938908100128, -0.37128251791000366, -0.3578711748123169, -0.3444598317146301, -0.33104845881462097, -0.3176371157169342, -0.30422574281692505, -0.2908143997192383, -0.2774030566215515, -0.26399171352386475, -0.2505803406238556, -0.23716898262500763, -0.22375762462615967, -0.2103462815284729, -0.19693492352962494, -0.18352356553077698, -0.1701122224330902, -0.15670086443424225, -0.1432895064353943, -0.12987814843654633, -0.11646679788827896, -0.1030554473400116, -0.08964408934116364, -0.07623273134231567, -0.06282138079404831, -0.049410030245780945, -0.035998642444610596, -0.022587288171052933, -0.00917593389749527, 0.004235420376062393, 0.017646774649620056, 0.031058132648468018, 0.04446948319673538, 0.05788083374500275, 0.07129219174385071, 0.08470354974269867, 0.09811490029096603, 0.1115262508392334, 0.12493760883808136, 0.13834896683692932, 0.1517603099346161, 0.16517166793346405, 0.178583025932312, 0.19199438393115997, 0.20540574193000793, 0.2188170850276947, 0.23222844302654266, 0.24563980102539062, 0.2590511441230774, 0.27246248722076416, 0.2858738601207733, 0.2992852032184601, 0.31269657611846924, 0.326107919216156, 0.3395192623138428, 0.35293063521385193, 0.3663419783115387, 0.37975335121154785, 0.3931646943092346]}, "gradients/graph_1spatial.0.weight": {"_type": "histogram",