{"batch loss": 0.5981796383857727, "_timestamp": 1651767101, "_runtime": 1198, "_step": 649, "epoch": 24, "train/train_loss": 0.6489444851875306, "train/train_acc": 0.7239847715736041, "train/train_f1": 0.7218424681916987, "val/val_loss": 1.0567359526952107, "val/vaL_acc": 0.5655270655270656, "val/val_f1": 0.5643821529593646, "gradients/graph_6fc2.bias": {"_type": "histogram", "values": [1.0, 0.0, 0.0, 0.0, 0.0, 0.0, 0.0, 0.0, 0.0, 0.0, 0.0, 0.0, 0.0, 0.0, 0.0, 0.0, 0.0, 0.0, 0.0, 0.0, 0.0, 0.0, 0.0, 0.0, 0.0, 0.0, 0.0, 0.0, 0.0, 0.0, 0.0, 0.0, 0.0, 0.0, 0.0, 0.0, 0.0, 0.0, 0.0, 0.0, 0.0, 0.0, 0.0, 0.0, 0.0, 0.0, 0.0, 0.0, 0.0, 0.0, 0.0, 0.0, 0.0, 0.0, 0.0, 0.0, 0.0, 0.0, 0.0, 0.0, 0.0, 0.0, 0.0, 2.0], "bins": [-0.11655309796333313, -0.11380083113908768, -0.11104856431484222, -0.10829630494117737, -0.10554403811693192, -0.10279177129268646, -0.1000395119190216, -0.09728724509477615, -0.0945349782705307, -0.09178271144628525, -0.0890304446220398, -0.08627818524837494, -0.08352591842412949, -0.08077365159988403, -0.07802139222621918, -0.07526912540197372, -0.07251685857772827, -0.06976459175348282, -0.06701232492923737, -0.06426006555557251, -0.06150779873132706, -0.058755531907081604, -0.05600326880812645, -0.053251005709171295, -0.05049873888492584, -0.04774647206068039, -0.044994208961725235, -0.04224194586277008, -0.03948967903852463, -0.036737412214279175, -0.03398514911532402, -0.031232884153723717, -0.028480611741542816, -0.025728346779942513, -0.02297608181834221, -0.020223816856741905, -0.0174715518951416, -0.014719286933541298, -0.011967021971940994, -0.00921475701034069, -0.006462492048740387, -0.0037102270871400833, -0.0009579621255397797, 0.001794302836060524, 0.004546567797660828, 0.007298832759261131, 0.010051097720861435, 0.012803362682461739, 0.015555627644062042, 0.018307892605662346, 0.02106015756726265, 0.023812422528862953, 0.026564687490463257, 0.02931695245206356, 0.032069217413663864, 0.03482148051261902, 0.03757374733686447, 0.040326014161109924, 0.04307827726006508, 0.04583054035902023, 0.048582807183265686, 0.05133507400751114, 0.05408733710646629, 0.05683960020542145, 0.0595918670296669]}, "gradients/graph_6fc2.weight": {"_type": "histogram", "values": [2.0, 0.0, 2.0, 0.0, 0.0, 1.0, 2.0, 2.0, 2.0, 4.0, 3.0, 10.0, 11.0, 15.0, 14.0, 16.0, 24.0, 26.0, 32.0, 37.0, 48.0, 45.0, 57.0, 75.0, 85.0, 100.0, 111.0, 116.0, 117.0, 139.0, 123.0, 137.0, 141.0, 132.0, 139.0, 120.0, 109.0, 82.0, 98.0, 104.0, 83.0, 80.0, 60.0, 50.0, 49.0, 39.0, 37.0, 23.0, 21.0, 20.0, 19.0, 4.0, 5.0, 5.0, 8.0, 1.0, 1.0, 1.0, 1.0, 0.0, 0.0, 1.0, 0.0, 1.0], "bins": [-0.038356516510248184, -0.03716892749071121, -0.03598134219646454, -0.034793756902217865, -0.03360616788268089, -0.03241857886314392, -0.031230993568897247, -0.030043406412005424, -0.0288558192551136, -0.02766823209822178, -0.026480644941329956, -0.025293057784438133, -0.02410547062754631, -0.022917883470654488, -0.021730296313762665, -0.020542709156870842, -0.01935512199997902, -0.018167534843087196, -0.016979947686195374, -0.01579236052930355, -0.014604773372411728, -0.013417186215519905, -0.012229599058628082, -0.01104201190173626, -0.009854424744844437, -0.008666837587952614, -0.007479250431060791, -0.006291663274168968, -0.005104076117277145, -0.003916488960385323, -0.0027289018034934998, -0.001541314646601677, -0.0003537312150001526, 0.0008338559418916702, 0.002021443098783493, 0.003209030255675316, 0.004396617412567139, 0.0055842045694589615, 0.006771791726350784, 0.007959378883242607, 0.00914696604013443, 0.010334553197026253, 0.011522140353918076, 0.012709727510809898, 0.013897314667701721, 0.015084901824593544, 0.016272488981485367, 0.01746007613837719, 0.018647663295269012, 0.019835250452160835, 0.021022837609052658, 0.02221042476594448, 0.023398011922836304, 0.024585599079728127, 0.02577318623661995, 0.026960773393511772, 0.028148360550403595, 0.029335947707295418, 0.03052353486418724, 0.03171112388372421, 0.032898709177970886, 0.03408629447221756, 0.03527388349175453, 0.036461472511291504, 0.03764905780553818]}, "gradients/graph_6spatial.1.weight": {"_type": "histogram", "values": [2.0, 1.0, 0.0, 0.0, 0.0, 1.0, 0.0, 0.0, 0.0, 0.0, 1.0, 0.0, 0.0, 0.0, 1.0, 0.0, 0.0, 1.0, 1.0, 1.0, 4.0, 1.0, 2.0, 1.0, 2.0, 1.0, 2.0, 0.0, 2.0, 0.0, 1.0, 1.0, 0.0, 0.0, 0.0, 0.0, 1.0, 0.0, 0.0, 0.0, 0.0, 0.0, 1.0, 0.0, 0.0, 0.0, 0.0, 0.0, 0.0, 0.0, 0.0, 0.0, 0.0, 0.0, 0.0, 0.0, 0.0, 0.0, 0.0, 0.0, 0.0, 1.0, 0.0, 1.0], "bins": [-0.14122876524925232, -0.13504672050476074, -0.12886466085910797, -0.1226826161146164, -0.11650056391954422, -0.11031851172447205, -0.10413646697998047, -0.0979544147849083, -0.09177236258983612, -0.08559031039476395, -0.07940825819969177, -0.0732262134552002, -0.06704416126012802, -0.06086210906505585, -0.05468006059527397, -0.048498012125492096, -0.04231595993041992, -0.03613390773534775, -0.029951859265565872, -0.023769808933138847, -0.017587758600711823, -0.011405708268284798, -0.005223657935857773, 0.0009583905339241028, 0.007140442728996277, 0.013322493061423302, 0.019504543393850327, 0.02568659372627735, 0.031868644058704376, 0.03805069625377655, 0.044232744723558426, 0.0504147931933403, 0.056596845388412476, 0.06277889758348465, 0.06896094977855682, 0.0751429945230484, 0.08132504671812057, 0.08750709891319275, 0.09368914365768433, 0.0998711958527565, 0.10605324804782867, 0.11223530024290085, 0.11841735243797302, 0.1245993971824646, 0.13078144192695618, 0.13696350157260895, 0.14314554631710052, 0.1493276059627533, 0.15550965070724487, 0.16169169545173645, 0.16787375509738922, 0.1740557998418808, 0.18023785948753357, 0.18641990423202515, 0.19260194897651672, 0.1987839937210083, 0.20496605336666107, 0.21114809811115265, 0.21733015775680542, 0.223512202501297, 0.22969424724578857, 0.23587630689144135, 0.24205835163593292, 0.2482404112815857, 0.25442245602607727]}, "gradients/graph_6spatial.1.bias": {"_type": "histogram", "values": [1.0, 1.0, 0.0, 1.0, 0.0, 0.0, 0.0, 0.0, 2.0, 0.0, 0.0, 0.0, 0.0, 0.0, 2.0, 0.0, 1.0, 1.0, 1.0, 4.0, 3.0, 1.0, 2.0, 1.0, 3.0, 1.0, 0.0, 0.0, 1.0, 0.0, 0.0, 0.0, 0.0, 0.0, 1.0, 0.0, 0.0, 0.0, 0.0, 0.0, 0.0, 0.0, 1.0, 0.0, 0.0, 0.0, 0.0, 0.0, 0.0, 0.0, 0.0, 0.0, 1.0, 0.0, 0.0, 0.0, 0.0, 0.0, 0.0, 0.0, 0.0, 0.0, 0.0, 1.0], "bins": [-0.3611903190612793, -0.343658983707428, -0.32612764835357666, -0.30859631299972534, -0.291064977645874, -0.2735336422920227, -0.2560023069381714, -0.23847097158432007, -0.22093963623046875, -0.20340830087661743, -0.1858769655227661, -0.1683456301689148, -0.15081429481506348, -0.13328295946121216, -0.11575162410736084, -0.09822028875350952, -0.0806889533996582, -0.06315761804580688, -0.045626282691955566, -0.028094947338104248, -0.01056361198425293, 0.006967723369598389, 0.024499058723449707, 0.042030394077301025, 0.059561729431152344, 0.07709306478500366, 0.09462440013885498, 0.1121557354927063, 0.12968707084655762, 0.14721840620040894, 0.16474974155426025, 0.18228107690811157, 0.1998124122619629, 0.2173437476158142, 0.23487508296966553, 0.25240641832351685, 0.26993775367736816, 0.2874690890312195, 0.3050004243850708, 0.3225317597389221, 0.34006309509277344, 0.35759443044662476, 0.3751257658004761, 0.3926571011543274, 0.4101884365081787, 0.42771977186203003, 0.44525110721588135, 0.46278244256973267, 0.480313777923584, 0.4978451132774353, 0.5153764486312866, 0.5329077839851379, 0.5504391193389893, 0.5679704546928406, 0.5855017900466919, 0.6030331254005432, 0.6205644607543945, 0.6380957961082458, 0.6556271314620972, 0.6731584668159485, 0.6906898021697998, 0.7082211375236511, 0.7257524728775024, 0.7432838082313538, 0.7608151435852051]}, "gradients/graph_6spatial.0.weight": {"_type": "histogram",